Ticker,Name,DGRO,SCHD,SOXX,XLK,FLCOX,FSPGX,SPMO
AAPL,Apple Inc.,2.98,0.00,0.00,14.71,0.00,12.17,0.00
NVDA,NVIDIA CORP,0.00,0.00,8.15,14.56,0.00,10.67,9.68
MSFT,MICROSOFT CORP,2.88,0.00,0.00,12.64,0.00,10.64,0.00
GOOGL,Alphabet Inc.,0.00,0.00,0.00,0.00,0.00,3.78,0.00
AMZN,AMAZON COM INC,0.00,0.00,0.00,0.00,0.00,6.99,8.58
META,Meta Platforms Inc.,0.00,0.00,0.00,0.00,0.00,4.36,8.90
TSLA,Tesla Inc.,0.00,0.00,0.00,0.00,0.00,3.81,4.38
AVGO,Broadcom Inc.,3.10,0.00,11.00,5.81,0.00,3.58,5.46
BRK-B,BERKSHIRE HATHAWAY INC,0.00,0.00,0.00,0.00,3.37,0.00,0.00
WMT,Walmart Inc.,0.87,0.00,0.00,0.00,1.59,0.00,4.67
LLY,ELI LILLY & Co,1.03,0.00,0.00,0.00,0.00,2.10,0.00
JPM,JPMORGAN CHASE & CO,3.01,0.00,0.00,0.00,2.73,0.00,5.00
V,VISA INC.,1.03,0.00,0.00,0.00,0.00,1.69,0.00
SPY,SPDR S&P 500 ETF TRUST,0.00,0.00,0.00,0.00,0.00,0.00,0.00
UNH,UNITEDHEALTH GROUP INC,1.87,0.00,0.00,0.00,1.76,0.11,0.00
XOM,EXXON MOBIL CORP,2.92,0.00,0.00,0.00,1.96,0.00,0.00
MA,Mastercard Inc,0.53,0.00,0.00,0.00,0.00,1.46,0.00
ORCL,ORACLE CORP,0.60,0.00,0.00,2.78,0.00,0.89,0.00
COST,COSTCO WHOLESALE CORP /NEW,0.48,0.00,0.00,0.00,0.00,1.38,2.80
HD,HOME DEPOT INC.,2.08,3.82,0.00,0.00,0.32,1.05,0.00
NVO,NOVO NORDISK A S,0.00,0.00,0.00,0.00,0.00,0.00,0.00
PG,PROCTER & GAMBLE Co,2.31,0.00,0.00,0.00,1.25,0.30,0.00
NFLX,NETFLIX INC,0.00,0.00,0.00,0.00,0.00,1.30,3.71
BAC,BANK OF AMERICA CORP /DE/,1.70,0.00,0.00,0.00,1.19,0.00,1.53
JNJ,JOHNSON & JOHNSON,2.95,0.00,0.00,0.00,1.42,0.00,0.00
ABBV,AbbVie Inc.,2.86,4.28,0.00,0.00,0.73,0.46,0.00
CRM,Salesforce Inc.,0.00,0.00,0.00,3.30,0.19,0.89,0.00
SAP,SAP SE,0.00,0.00,0.00,0.00,0.00,0.00,0.00
ASML,ASML HOLDING NV,0.00,0.00,3.81,0.00,0.00,0.00,0.00
RCIT,REELCAUSE INC,0.00,0.00,0.00,0.00,0.00,0.00,0.00
CVX,CHEVRON CORP,0.00,3.90,0.00,0.00,1.01,0.00,0.00
KO,COCA COLA CO,1.88,4.10,0.00,0.00,0.42,0.47,0.00
MRK,Merck & Co. Inc.,1.95,0.00,0.00,0.00,0.00,0.86,0.00
TMUS,T-Mobile US Inc.,0.00,0.00,0.00,0.00,0.43,0.00,0.81
TM,TOYOTA MOTOR CORP/,0.00,0.00,0.00,0.00,0.00,0.00,0.00
CSCO,CISCO SYSTEMS INC.,1.61,4.14,0.00,2.45,0.96,0.00,0.00
WFC,WELLS FARGO & COMPANY/MN,0.00,0.00,0.00,0.00,0.95,0.00,1.51
ACN,Accenture plc,0.90,0.00,0.00,2.29,0.90,0.00,0.00
NOW,ServiceNow Inc.,0.00,0.00,0.00,2.32,0.00,0.74,0.00
AZN,ASTRAZENECA PLC,0.00,0.00,0.00,0.00,0.00,0.00,0.00
TMO,THERMO FISHER SCIENTIFIC INC.,0.15,0.00,0.00,0.00,0.81,0.00,0.00
AXP,AMERICAN EXPRESS CO,0.39,0.00,0.00,0.00,0.42,0.21,1.19
IBM,INTERNATIONAL BUSINESS MACHINES CORP,1.50,0.00,0.00,2.15,0.82,0.00,1.29
MCD,MCDONALDS CORP,1.20,0.00,0.00,0.00,0.79,0.05,0.00
BX,Blackstone Inc.,0.00,0.00,0.00,0.00,0.00,0.42,0.00
QQQ,INVESCO QQQ TRUST SERIES 1,0.00,0.00,0.00,0.00,0.00,0.00,0.00
MS,MORGAN STANLEY,1.14,0.00,0.00,0.00,0.56,0.03,1.10
NVS,NOVARTIS AG,0.00,0.00,0.00,0.00,0.00,0.00,0.00
DIS,Walt Disney Co,0.00,0.00,0.00,0.00,0.82,0.00,0.00
LIN,LINDE PLC,0.62,0.00,0.00,0.00,0.00,0.00,0.00
SHEL,Shell plc,0.00,0.00,0.00,0.00,0.00,0.00,0.00
PEP,PEPSICO INC,1.79,3.83,0.00,0.00,0.18,0.56,0.00
ISRG,INTUITIVE SURGICAL INC,0.00,0.00,0.00,0.00,0.00,0.63,1.12
ABT,ABBOTT LABORATORIES,0.96,0.00,0.00,0.00,0.79,0.00,0.00
BABA,Alibaba Group Holding Ltd,0.00,0.00,0.00,0.00,0.00,0.00,0.00
AMD,ADVANCED MICRO DEVICES INC,0.00,0.00,7.12,2.20,0.27,0.44,0.00
GE,GENERAL ELECTRIC CO,0.00,0.00,0.00,0.00,0.57,0.13,2.24
PM,Philip Morris International Inc.,0.00,0.00,0.00,0.00,0.76,0.00,1.94
ADBE,ADOBE INC.,0.00,0.00,0.00,1.98,0.00,0.67,0.00
HSBC,HSBC HOLDINGS PLC,0.00,0.00,0.00,0.00,0.00,0.00,0.00
GS,GOLDMAN SACHS GROUP INC,0.93,0.00,0.00,0.00,0.52,0.16,1.42
INTU,INTUIT INC.,0.28,0.00,0.00,1.83,0.00,0.58,0.00
QCOM,QUALCOMM INC/DE,0.94,0.00,5.99,1.86,0.04,0.55,0.00
TXN,TEXAS INSTRUMENTS INC,0.00,4.10,5.68,1.83,0.61,0.07,0.00
CAT,CATERPILLAR INC,0.64,0.00,0.00,0.00,0.62,0.09,0.00
DHR,DANAHER CORP /DE/,0.17,0.00,0.00,0.00,0.60,0.00,0.00
RY,ROYAL BANK OF CANADA,0.00,0.00,0.00,0.00,0.00,0.00,0.00
VZ,VERIZON COMMUNICATIONS INC,0.00,3.91,0.00,0.00,0.68,0.00,0.00
BKNG,Booking Holdings Inc.,0.00,0.00,0.00,0.00,0.04,0.52,0.00
T,AT&T INC.,0.00,0.00,0.00,0.00,0.66,0.00,1.19
RTX,RTX Corp,0.83,0.00,0.00,0.00,0.62,0.00,1.27
PLTR,Palantir Technologies Inc.,0.00,0.00,0.00,1.63,0.00,0.52,2.89
PFE,PFIZER INC,0.00,4.47,0.00,0.00,0.61,0.00,0.00
HDB,HDFC BANK LTD,0.00,0.00,0.00,0.00,0.00,0.00,0.00
SPGI,S&P Global Inc.,0.28,0.00,0.00,0.00,0.63,0.00,0.00
FMX,MEXICAN ECONOMIC DEVELOPMENT INC,0.00,0.00,0.00,0.00,0.00,0.00,0.00
BLK,BlackRock Inc.,0.68,4.11,0.00,0.00,0.61,0.00,0.90
ARM,ARM HOLDINGS PLC /UK,0.00,0.00,0.62,0.00,0.00,0.00,0.00
ANET,Arista Networks Inc.,0.00,0.00,0.00,1.28,0.00,0.39,0.49
HON,HONEYWELL INTERNATIONAL INC,0.73,0.00,0.00,0.00,0.51,0.08,0.00
AMAT,APPLIED MATERIALS INC /DE,0.33,0.00,3.83,1.53,0.04,0.42,0.00
AMGN,AMGEN INC,1.16,3.90,0.00,0.00,0.13,0.37,0.00
BSX,BOSTON SCIENTIFIC CORP,0.00,0.00,0.00,0.00,0.53,0.00,1.46
LOW,LOWES COMPANIES INC,0.61,0.00,0.00,0.00,0.57,0.00,0.00
CMCSA,COMCAST CORP,1.13,0.00,0.00,0.00,0.58,0.00,0.00
SYK,STRYKER CORP,0.28,0.00,0.00,0.00,0.37,0.13,0.00
UBER,Uber Technologies Inc,0.00,0.00,0.00,0.00,0.00,0.42,0.00
NEE,NEXTERA ENERGY INC,1.03,0.00,0.00,0.00,0.60,0.00,0.00
PGR,PROGRESSIVE CORP/OH/,0.00,0.00,0.00,0.00,0.09,0.40,0.94
MUFG,MITSUBISHI UFJ FINANCIAL GROUP INC,0.00,0.00,0.00,0.00,0.00,0.00,0.00
UNP,UNION PACIFIC CORP,0.81,0.00,0.00,0.00,0.29,0.23,0.00
C,CITIGROUP INC,1.05,0.00,0.00,0.00,0.54,0.00,0.81
ETN,Eaton Corp plc,0.35,0.00,0.00,0.00,0.53,0.00,0.00
TJX,TJX COMPANIES INC /DE/,0.00,0.00,0.00,0.00,0.23,0.28,0.81
SHOP,SHOPIFY INC.,0.00,0.00,0.00,0.00,0.00,0.00,0.00
SCHW,SCHWAB CHARLES CORP,0.00,0.00,0.00,0.00,0.40,0.04,0.00
PDD,PDD Holdings Inc.,0.00,0.00,0.00,0.00,0.00,0.00,0.00
COP,CONOCOPHILLIPS,1.01,0.00,0.00,0.00,0.52,0.00,0.00
KKR,KKR & Co. Inc.,0.11,0.00,0.00,0.00,0.29,0.10,0.66
BA,BOEING CO,0.00,0.00,0.00,0.00,0.43,0.07,0.00
TTE,TotalEnergies SE,0.00,0.00,0.00,0.00,0.00,0.00,0.00
EADSY,Airbus SE/ADR,0.00,0.00,0.00,0.00,0.00,0.00,0.00
BHP,BHP Group Ltd,0.00,0.00,0.00,0.00,0.00,0.00,0.00
SNY,Sanofi,0.00,0.00,0.00,0.00,0.00,0.00,0.00
SONY,Sony Group Corp,0.00,0.00,0.00,0.00,0.00,0.00,0.00
RTNTF,RIO TINTO LTD,0.00,0.00,0.00,0.00,0.00,0.00,0.00
ADP,AUTOMATIC DATA PROCESSING INC,0.56,0.00,0.00,0.00,0.04,0.38,0.00
FI,FISERV INC,0.00,0.00,0.00,0.00,0.32,0.13,0.75
BMY,BRISTOL MYERS SQUIBB CO,0.00,4.08,0.00,0.00,0.47,0.00,0.00
PANW,Palo Alto Networks Inc,0.00,0.00,0.00,1.23,0.00,0.40,0.00
DE,DEERE & CO,0.00,0.00,0.00,0.00,0.43,0.00,0.00
GILD,GILEAD SCIENCES INC.,0.96,0.00,0.00,0.00,0.47,0.00,0.00
MU,MICRON TECHNOLOGY INC,0.00,0.00,3.82,1.15,0.38,0.00,0.00
LMT,LOCKHEED MARTIN CORP,0.64,3.78,0.00,0.00,0.28,0.11,0.00
APP,AppLovin Corp,0.00,0.00,0.00,0.00,0.00,0.29,0.00
ADI,ANALOG DEVICES INC,0.46,0.00,3.77,1.13,0.43,0.00,0.00
UBS,UBS Group AG,0.00,0.00,0.00,0.00,0.00,0.00,0.00
NKE,NIKE Inc.,0.41,0.00,0.00,0.00,0.14,0.19,0.00
VRTX,VERTEX PHARMACEUTICALS INC / MA,0.00,0.00,0.00,0.00,0.21,0.18,0.00
UPS,UNITED PARCEL SERVICE INC,0.00,3.54,0.00,0.00,0.37,0.00,0.00
SBUX,STARBUCKS CORP,0.00,0.00,0.00,0.00,0.09,0.27,0.00
CB,Chubb Ltd,0.34,0.00,0.00,0.00,0.45,0.00,0.00
MDT,Medtronic plc,0.88,0.00,0.00,0.00,0.42,0.00,0.00
MMC,MARSH & MCLENNAN COMPANIES INC.,0.40,0.00,0.00,0.00,0.37,0.05,0.00
IBN,ICICI BANK LTD,0.00,0.00,0.00,0.00,0.00,0.00,0.00
GEV,GE Vernova Inc.,0.00,0.00,0.00,0.00,0.36,0.00,0.99
MRVL,Marvell Technology Inc.,0.00,0.00,4.84,0.00,0.35,0.03,0.00
LRCX,LAM RESEARCH CORP,0.29,0.00,3.98,1.05,0.00,0.32,0.00
CEG,Constellation Energy Corp,0.00,0.00,0.00,0.00,0.24,0.04,0.61
PLD,Prologis Inc.,0.00,0.00,0.00,0.00,0.40,0.00,0.00
RIO,RIO TINTO PLC,0.00,0.00,0.00,0.00,0.00,0.00,0.00
ENB,ENBRIDGE INC,0.00,0.00,0.00,0.00,0.00,0.00,0.00
TD,TORONTO DOMINION BANK,0.00,0.00,0.00,0.00,0.00,0.00,0.00
INFY,Infosys Ltd,0.00,0.00,0.00,0.00,0.00,0.00,0.00
SPOT,Spotify Technology S.A.,0.00,0.00,0.00,0.00,0.00,0.00,0.00
AIQUY,L AIR LIQUIDE SA /FI,0.00,0.00,0.00,0.00,0.00,0.00,0.00
SMFG,SUMITOMO MITSUI FINANCIAL GROUP INC.,0.00,0.00,0.00,0.00,0.00,0.00,0.00
KLAC,KLA CORP,0.23,0.00,4.02,0.96,0.00,0.29,0.00
BUD,Anheuser-Busch InBev SA/NV,0.00,0.00,0.00,0.00,0.00,0.00,0.00
MELI,MERCADOLIBRE INC,0.00,0.00,0.00,0.00,0.00,0.00,0.00
SO,SOUTHERN CO,0.78,0.00,0.00,0.00,0.37,0.00,0.00
ELV,Elevance Health Inc.,0.37,0.00,0.00,0.00,0.29,0.05,0.00
APO,Apollo Global Management Inc.,0.00,0.00,0.00,0.00,0.09,0.22,0.38
CFRUY,COMPAGNIE FINANCIERE RICHEMONT AG /FI,0.00,0.00,0.00,0.00,0.00,0.00,0.00
EQIX,EQUINIX INC,0.00,0.00,0.00,0.00,0.35,0.02,0.00
RELX,RELX PLC,0.00,0.00,0.00,0.00,0.00,0.00,0.00
CRWD,CrowdStrike Holdings Inc.,0.00,0.00,0.00,0.89,0.00,0.27,0.00
MO,ALTRIA GROUP INC.,0.00,3.46,0.00,0.00,0.36,0.00,0.64
APH,AMPHENOL CORP /DE/,0.19,0.00,0.00,0.90,0.14,0.16,0.00
TT,Trane Technologies plc,0.18,0.00,0.00,0.00,0.22,0.10,0.51
BN,BROOKFIELD Corp /ON/,0.00,0.00,0.00,0.00,0.00,0.00,0.00
PYPL,PayPal Holdings Inc.,0.00,0.00,0.00,0.00,0.35,0.00,0.00
BP,BP PLC,0.00,0.00,0.00,0.00,0.00,0.00,0.00
SHW,SHERWIN WILLIAMS CO,0.15,0.00,0.00,0.00,0.03,0.25,0.00
INTC,INTEL CORP,0.00,0.00,3.12,0.90,0.35,0.00,0.00
WM,WASTE MANAGEMENT INC,0.26,0.00,0.00,0.00,0.00,0.28,0.00
PBR,PETROBRAS - PETROLEO BRASILEIRO SA,0.00,0.00,0.00,0.00,0.00,0.00,0.00
CDNS,CADENCE DESIGN SYSTEMS INC,0.00,0.00,0.00,0.88,0.00,0.28,0.00
CME,CME GROUP INC.,0.41,0.00,0.00,0.00,0.34,0.00,0.00
DUK,Duke Energy CORP,0.80,0.00,0.00,0.00,0.34,0.00,0.00
ICE,Intercontinental Exchange Inc.,0.25,0.00,0.00,0.00,0.34,0.00,0.49
MCO,MOODYS CORP /DE/,0.13,0.00,0.00,0.00,0.00,0.25,0.00
MSTR,MICROSTRATEGY Inc,0.00,0.00,0.00,0.00,0.18,0.01,0.00
ABNB,Airbnb Inc.,0.00,0.00,0.00,0.00,0.00,0.20,0.00
AMT,AMERICAN TOWER CORP /MA/,0.00,0.00,0.00,0.00,0.00,0.29,0.00
PH,PARKER HANNIFIN CORP,0.20,0.00,0.00,0.00,0.33,0.00,0.50
DELL,Dell Technologies Inc.,0.00,0.00,0.00,0.40,0.11,0.02,0.00
BTI,British American Tobacco p.l.c.,0.00,0.00,0.00,0.00,0.00,0.00,0.00
IBKR,Interactive Brokers Group Inc.,0.00,0.00,0.00,0.00,0.08,0.00,0.00
TOELY,Tokyo Electron LTD,0.00,0.00,0.00,0.00,0.00,0.00,0.00
WELL,WELLTOWER INC.,0.00,0.00,0.00,0.00,0.32,0.00,0.82
CI,Cigna Group,0.00,0.00,0.00,0.00,0.28,0.02,0.00
CMG,CHIPOTLE MEXICAN GRILL INC,0.00,0.00,0.00,0.00,0.00,0.28,0.00
RACE,Ferrari N.V.,0.00,0.00,0.00,0.00,0.00,0.00,0.00
HCA,HCA Healthcare Inc.,0.11,0.00,0.00,0.00,0.17,0.05,0.00
CTAS,CINTAS CORP,0.12,0.00,0.00,0.00,0.01,0.20,0.00
SNPS,SYNOPSYS INC,0.00,0.00,0.00,0.80,0.00,0.25,0.00
REGN,REGENERON PHARMACEUTICALS INC.,0.00,0.00,0.00,0.00,0.28,0.02,0.00
MSI,Motorola Solutions Inc.,0.16,0.00,0.00,0.80,0.16,0.12,0.54
AON,Aon plc,0.14,0.00,0.00,0.00,0.00,0.00,0.00
MDLZ,Mondelez International Inc.,0.60,0.00,0.00,0.00,0.32,0.00,0.00
MAR,MARRIOTT INTERNATIONAL INC /MD/,0.00,0.00,0.00,0.00,0.26,0.00,0.00
PNC,PNC FINANCIAL SERVICES GROUP INC.,0.62,0.00,0.00,0.00,0.31,0.00,0.00
SCCO,SOUTHERN COPPER CORP/,0.00,0.00,0.00,0.00,0.00,0.00,0.00
MCK,MCKESSON CORP,0.09,0.00,0.00,0.00,0.17,0.11,0.00
EOG,EOG RESOURCES INC,0.51,2.80,0.00,0.00,0.28,0.00,0.00
ZTS,Zoetis Inc.,0.18,0.00,0.00,0.00,0.05,0.21,0.00
USB,US BANCORP \DE\,0.75,2.96,0.00,0.00,0.30,0.00,0.00
FTNT,Fortinet Inc.,0.00,0.00,0.00,0.65,0.05,0.17,0.00
ITW,ILLINOIS TOOL WORKS INC,0.41,0.00,0.00,0.00,0.19,0.09,0.00
AJG,Arthur J. Gallagher & Co.,0.13,0.00,0.00,0.00,0.26,0.02,0.43
GD,GENERAL DYNAMICS CORP,0.35,0.00,0.00,0.00,0.29,0.00,0.00
MMM,3M CO,0.00,0.00,0.00,0.00,0.23,0.04,0.68
BMO,BANK OF MONTREAL /CAN/,0.00,0.00,0.00,0.00,0.00,0.00,0.00
TDG,TransDigm Group INC,0.00,0.00,0.00,0.00,0.22,0.05,0.00
SAN,Banco Santander S.A.,0.00,0.00,0.00,0.00,0.00,0.00,0.00
DASH,DoorDash Inc.,0.00,0.00,0.00,0.00,0.03,0.18,0.00
CL,COLGATE PALMOLIVE CO,0.40,0.00,0.00,0.00,0.14,0.14,0.00
TRI,THOMSON REUTERS CORP /CAN/,0.00,0.00,0.00,0.00,0.00,0.00,0.00
BNS,BANK OF NOVA SCOTIA,0.00,0.00,0.00,0.00,0.00,0.00,0.00
CP,CANADIAN PACIFIC KANSAS CITY LTD/CN,0.00,0.00,0.00,0.00,0.00,0.00,0.00
EPD,ENTERPRISE PRODUCTS PARTNERS L.P.,0.00,0.00,0.00,0.00,0.00,0.00,0.00
CNQ,CANADIAN NATURAL RESOURCES LTD,0.00,0.00,0.00,0.00,0.00,0.00,0.00
ORLY,O REILLY AUTOMOTIVE INC,0.00,0.00,0.00,0.00,0.02,0.22,0.00
EQNR,EQUINOR ASA,0.00,0.00,0.00,0.00,0.00,0.00,0.00
BDX,BECTON DICKINSON & CO,0.29,0.00,0.00,0.00,0.27,0.00,0.00
GSK,GSK plc,0.00,0.00,0.00,0.00,0.00,0.00,0.00
WMB,WILLIAMS COMPANIES INC.,0.00,0.00,0.00,0.00,0.27,0.00,0.61
EMR,EMERSON ELECTRIC CO,0.29,0.00,0.00,0.00,0.29,0.00,0.00
COF,CAPITAL ONE FINANCIAL CORP,0.00,0.00,0.00,0.00,0.27,0.00,0.39
NOC,NORTHROP GRUMMAN CORP /DE/,0.30,0.00,0.00,0.00,0.26,0.00,0.00
WDAY,Workday Inc.,0.00,0.00,0.00,0.57,0.00,0.19,0.00
ET,Energy Transfer LP,0.00,0.00,0.00,0.00,0.00,0.00,0.00
DEO,DIAGEO PLC,0.00,0.00,0.00,0.00,0.00,0.00,0.00
ECL,ECOLAB INC.,0.14,0.00,0.00,0.00,0.03,0.17,0.00
FDX,FEDEX CORP,0.00,0.00,0.00,0.00,0.26,0.00,0.00
APD,Air Products & Chemicals Inc.,0.36,0.00,0.00,0.00,0.26,0.00,0.00
COIN,Coinbase Global Inc.,0.00,0.00,0.00,0.00,0.03,0.14,0.00
TGT,TARGET CORP,0.52,0.00,0.00,0.00,0.25,0.00,0.00
RSG,REPUBLIC SERVICES INC.,0.11,0.00,0.00,0.00,0.17,0.00,0.28
GLD,SPDR GOLD TRUST,0.00,0.00,0.00,0.00,0.00,0.00,0.00
SHECY,Shin-Etsu Chemical Co. Ltd.,0.00,0.00,0.00,0.00,0.00,0.00,0.00
SPG,SIMON PROPERTY GROUP INC /DE/,0.00,0.00,0.00,0.00,0.17,0.05,0.00
TEAM,Atlassian Corp,0.00,0.00,0.00,0.00,0.00,0.13,0.00
CNI,CANADIAN NATIONAL RAILWAY CO,0.00,0.00,0.00,0.00,0.00,0.00,0.00
SE,Sea Ltd,0.00,0.00,0.00,0.00,0.00,0.00,0.00
KMI,KINDER MORGAN INC.,0.00,0.00,0.00,0.00,0.22,0.00,0.48
CRH,CRH PUBLIC LTD CO,0.23,0.00,0.00,0.00,0.26,0.00,0.00
ADSK,Autodesk Inc.,0.00,0.00,0.00,0.66,0.00,0.22,0.00
CSX,CSX CORP,0.22,0.00,0.00,0.00,0.25,0.00,0.00
MFG,MIZUHO FINANCIAL GROUP INC,0.00,0.00,0.00,0.00,0.00,0.00,0.00
RCL,ROYAL CARIBBEAN CRUISES LTD,0.00,0.00,0.00,0.00,0.15,0.06,0.59
CVS,CVS HEALTH Corp,0.00,0.00,0.00,0.00,0.23,0.00,0.00
CARR,CARRIER GLOBAL Corp,0.15,0.00,0.00,0.00,0.23,0.00,0.00
NTES,NetEase Inc.,0.00,0.00,0.00,0.00,0.00,0.00,0.00
BBVA,BANCO BILBAO VIZCAYA ARGENTARIA S.A.,0.00,0.00,0.00,0.00,0.00,0.00,0.00
CM,CANADIAN IMPERIAL BANK OF COMMERCE /CAN/,0.00,0.00,0.00,0.00,0.00,0.00,0.00
HLT,Hilton Worldwide Holdings Inc.,0.00,0.00,0.00,0.00,0.12,0.10,0.33
DLR,DIGITAL REALTY TRUST INC.,0.00,0.00,0.00,0.00,0.24,0.00,0.00
OKE,ONEOK INC /NEW/,0.00,2.31,0.00,0.00,0.24,0.00,0.32
TTD,Trade Desk Inc.,0.00,0.00,0.00,0.00,0.00,0.18,0.00
VST,Vistra Corp.,0.08,0.00,0.00,0.00,0.00,0.16,0.65
TFC,TRUIST FINANCIAL CORP,0.00,0.00,0.00,0.00,0.24,0.00,0.00
AFL,AFLAC INC,0.25,0.00,0.00,0.00,0.23,0.00,0.00
FCX,FREEPORT-MCMORAN INC,0.00,0.00,0.00,0.00,0.22,0.00,0.00
PCAR,PACCAR INC,0.14,0.00,0.00,0.00,0.22,0.00,0.00
ARES,Ares Management Corp,0.17,0.00,0.00,0.00,0.00,0.11,0.00
MET,METLIFE INC,0.33,0.00,0.00,0.00,0.20,0.00,0.00
BK,Bank of New York Mellon Corp,0.33,0.00,0.00,0.00,0.23,0.00,0.54
GM,General Motors Co,0.00,0.00,0.00,0.00,0.24,0.00,0.00
NGG,NATIONAL GRID PLC,0.00,0.00,0.00,0.00,0.00,0.00,0.00
AZO,AUTOZONE INC,0.00,0.00,0.00,0.00,0.02,0.17,0.00
SLB,SCHLUMBERGER LIMITED/NV,0.00,0.00,0.00,0.00,0.22,0.00,0.00
MBGYY,DAIMLER AG,0.00,0.00,0.00,0.00,0.00,0.00,0.00
PTCAY,PT Chandra Asri Petrochemical Tbk/ADR,0.00,0.00,0.00,0.00,0.00,0.00,0.00
ROP,ROPER TECHNOLOGIES INC,0.08,0.00,0.00,0.57,0.23,0.00,0.00
GLNCY,Glencore plc/ADR,0.00,0.00,0.00,0.00,0.00,0.00,0.00
CPRT,COPART INC,0.00,0.00,0.00,0.00,0.01,0.16,0.00
SNOW,Snowflake Inc.,0.00,0.00,0.00,0.00,0.00,0.17,0.00
TRV,TRAVELERS COMPANIES INC.,0.24,0.00,0.00,0.00,0.22,0.00,0.00
NSC,NORFOLK SOUTHERN CORP,0.00,0.00,0.00,0.00,0.22,0.00,0.00
NU,Nu Holdings Ltd.,0.00,0.00,0.00,0.00,0.00,0.00,0.00
JD,JD.com Inc.,0.00,0.00,0.00,0.00,0.00,0.00,0.00
NXPI,NXP Semiconductors N.V.,0.25,0.00,3.51,0.57,0.00,0.00,0.00
GBTC,Grayscale Bitcoin Trust ETF,0.00,0.00,0.00,0.00,0.00,0.00,0.00
JCI,Johnson Controls International plc,0.00,0.00,0.00,0.00,0.21,0.00,0.41
MFC,MANULIFE FINANCIAL CORP,0.00,0.00,0.00,0.00,0.00,0.00,0.00
SQ,Block Inc.,0.00,0.00,0.00,0.00,0.11,0.07,0.00
GWW,W.W. GRAINGER INC.,0.08,0.00,0.00,0.00,0.02,0.14,0.00
FANG,Diamondback Energy Inc.,0.18,0.00,0.00,0.00,0.13,0.00,0.00
PSA,Public Storage,0.00,0.00,0.00,0.00,0.16,0.02,0.00
LNG,Cheniere Energy Inc.,0.00,0.00,0.00,0.00,0.10,0.08,0.00
AMP,AMERIPRISE FINANCIAL INC,0.14,0.00,0.00,0.00,0.02,0.16,0.28
ROST,ROSS STORES INC.,0.12,0.00,0.00,0.00,0.15,0.04,0.00
PAYX,PAYCHEX INC,0.00,1.70,0.00,0.00,0.12,0.06,0.00
SRE,SEMPRA,0.39,0.00,0.00,0.00,0.23,0.00,0.00
AEP,AMERICAN ELECTRIC POWER CO INC,0.49,0.00,0.00,0.00,0.20,0.00,0.00
SU,SUNCOR ENERGY INC,0.00,0.00,0.00,0.00,0.00,0.00,0.00
IAU,ISHARES GOLD TRUST,0.00,0.00,0.00,0.00,0.00,0.00,0.00
MPLX,MPLX LP,0.00,0.00,0.00,0.00,0.00,0.00,0.00
CMI,CUMMINS INC,0.24,0.00,0.00,0.00,0.19,0.00,0.27
BMWKY,Bayerische Motoren Werke AG/ADR,0.00,0.00,0.00,0.00,0.00,0.00,0.00
TRP,TC ENERGY CORP,0.00,0.00,0.00,0.00,0.00,0.00,0.00
MNST,Monster Beverage Corp,0.00,0.00,0.00,0.00,0.03,0.10,0.00
VRT,Vertiv Holdings Co,0.00,0.00,0.00,0.00,0.00,0.14,0.00
OXY,OCCIDENTAL PETROLEUM CORP /DE/,0.00,0.00,0.00,0.00,0.14,0.00,0.00
ING,ING GROEP NV,0.00,0.00,0.00,0.00,0.00,0.00,0.00
LULU,lululemon athletica inc.,0.00,0.00,0.00,0.00,0.00,0.15,0.00
ALL,ALLSTATE CORP,0.24,0.00,0.00,0.00,0.17,0.03,0.00
CHTR,CHARTER COMMUNICATIONS INC. /MO/,0.00,0.00,0.00,0.00,0.13,0.00,0.00
ATEYY,ADVANTEST CORP,0.00,0.00,0.00,0.00,0.00,0.00,0.00
DDOG,Datadog Inc.,0.00,0.00,0.00,0.00,0.00,0.15,0.00
CTA-PA,EIDP Inc.,0.00,0.00,0.00,0.00,0.00,0.00,0.00
FICO,FAIR ISAAC CORP,0.00,0.00,0.00,0.50,0.03,0.14,0.22
PSX,Phillips 66,0.44,0.00,0.00,0.00,0.19,0.00,0.00
ITUB,Itau Unibanco Holding S.A.,0.00,0.00,0.00,0.00,0.00,0.00,0.00
PWR,QUANTA SERVICES INC.,0.02,0.00,0.00,0.00,0.13,0.05,0.00
BCS,BARCLAYS PLC,0.00,0.00,0.00,0.00,0.00,0.00,0.00
HWM,Howmet Aerospace Inc.,0.00,0.00,0.00,0.00,0.17,0.01,0.69
COR,Cencora Inc.,0.09,0.00,0.00,0.00,0.00,0.13,0.00
FLUT,Flutter Entertainment plc,0.00,0.00,0.00,0.00,0.00,0.00,0.00
MPC,Marathon Petroleum Corp,0.00,0.00,0.00,0.00,0.19,0.00,0.00
WCN,Waste Connections Inc.,0.00,0.00,0.00,0.00,0.00,0.00,0.00
O,REALTY INCOME CORP,0.00,0.00,0.00,0.00,0.19,0.00,0.00
MSCI,MSCI Inc.,0.12,0.00,0.00,0.00,0.08,0.09,0.00
D,DOMINION ENERGY INC,0.00,0.00,0.00,0.00,0.18,0.00,0.00
HMC,HONDA MOTOR CO LTD,0.00,0.00,0.00,0.00,0.00,0.00,0.00
NEM,NEWMONT Corp /DE/,0.00,0.00,0.00,0.00,0.17,0.00,0.00
BAESY,BAE SYSTEMS PLC /FI/,0.00,0.00,0.00,0.00,0.00,0.00,0.00
AIG,AMERICAN INTERNATIONAL GROUP INC.,0.00,0.00,0.00,0.00,0.19,0.00,0.00
DHI,HORTON D R INC /DE/,0.11,0.00,0.00,0.00,0.17,0.00,0.00
URI,UNITED RENTALS INC.,0.00,0.00,0.00,0.00,0.14,0.04,0.00
HES,HESS CORP,0.00,0.00,0.00,0.00,0.05,0.08,0.00
E,ENI SPA,0.00,0.00,0.00,0.00,0.00,0.00,0.00
NDAQ,NASDAQ INC.,0.09,0.00,0.00,0.00,0.13,0.00,0.24
EW,Edwards Lifesciences Corp,0.00,0.00,0.00,0.00,0.15,0.03,0.00
AXON,AXON ENTERPRISE INC.,0.00,0.00,0.00,0.00,0.00,0.15,0.55
DAL,DELTA AIR LINES INC.,0.00,0.00,0.00,0.00,0.16,0.00,0.21
KR,KROGER CO,0.22,0.00,0.00,0.00,0.17,0.00,0.00
AEM,AGNICO EAGLE MINES LTD,0.00,0.00,0.00,0.00,0.00,0.00,0.00
DFS,Discover Financial Services,0.17,0.00,0.00,0.00,0.18,0.00,0.00
CAIXY,CaixaBank/ADR,0.00,0.00,0.00,0.00,0.00,0.00,0.00
BKR,Baker Hughes Co,0.00,0.00,0.00,0.00,0.17,0.00,0.26
AMX,AMERICA MOVIL SAB DE CV/,0.00,0.00,0.00,0.00,0.00,0.00,0.00
PEG,PUBLIC SERVICE ENTERPRISE GROUP INC,0.30,0.00,0.00,0.00,0.17,0.00,0.26
TRGP,Targa Resources Corp.,0.00,0.00,0.00,0.00,0.00,0.13,0.40
TEL,TE Connectivity plc,0.19,0.00,0.00,0.45,0.00,0.00,0.00
CRARY,CREDIT AGRICOLE S A,0.00,0.00,0.00,0.00,0.00,0.00,0.00
FIS,Fidelity National Information Services Inc.,0.00,0.00,0.00,0.00,0.18,0.00,0.00
KMB,KIMBERLY CLARK CORP,0.41,1.65,0.00,0.00,0.11,0.06,0.00
ALC,ALCON INC,0.00,0.00,0.00,0.00,0.00,0.00,0.00
HLN,Haleon plc,0.00,0.00,0.00,0.00,0.00,0.00,0.00
KDP,Keurig Dr Pepper Inc.,0.00,0.00,0.00,0.00,0.15,0.00,0.00
TAK,TAKEDA PHARMACEUTICAL CO LTD,0.00,0.00,0.00,0.00,0.00,0.00,0.00
TCOM,Trip.com Group Ltd,0.00,0.00,0.00,0.00,0.00,0.00,0.00
FAST,FASTENAL CO,0.20,1.60,0.00,0.00,0.03,0.12,0.00
AME,AMETEK INC/,0.06,0.00,0.00,0.00,0.17,0.00,0.00
PRU,PRUDENTIAL FINANCIAL INC,0.00,0.00,0.00,0.00,0.17,0.00,0.00
SVNDY,SEVEN & I HOLDINGS CO LTD,0.00,0.00,0.00,0.00,0.00,0.00,0.00
RBLX,Roblox Corp,0.00,0.00,0.00,0.00,0.00,0.10,0.00
GLW,CORNING INC /NY,0.00,0.00,0.00,0.39,0.15,0.00,0.25
GRMN,GARMIN LTD,0.11,0.00,0.00,0.00,0.13,0.00,0.22
VLO,VALERO ENERGY CORP/TX,0.00,1.52,0.00,0.00,0.16,0.00,0.00
KVUE,Kenvue Inc.,0.00,0.00,0.00,0.00,0.17,0.00,0.00
WTKWY,WOLTERS KLUWER N V /FI,0.00,0.00,0.00,0.00,0.00,0.00,0.00
ARGX,ARGENX SE,0.00,0.00,0.00,0.00,0.00,0.00,0.00
LYG,Lloyds Banking Group plc,0.00,0.00,0.00,0.00,0.00,0.00,0.00
LHX,L3HARRIS TECHNOLOGIES INC. /DE/,0.20,0.00,0.00,0.00,0.16,0.00,0.00
A,AGILENT TECHNOLOGIES INC.,0.07,0.00,0.00,0.00,0.16,0.00,0.00
CTVA,Corteva Inc.,0.11,0.00,0.00,0.00,0.16,0.00,0.00
DNZOY,Denso Corp,0.00,0.00,0.00,0.00,0.00,0.00,0.00
GEHC,GE HealthCare Technologies Inc.,0.00,0.00,0.00,0.00,0.13,0.01,0.00
CPNG,Coupang Inc.,0.00,0.00,0.00,0.00,0.00,0.00,0.00
F,FORD MOTOR CO,0.00,1.51,0.00,0.00,0.16,0.00,0.00
NET,Cloudflare Inc.,0.00,0.00,0.00,0.00,0.00,0.11,0.00
PCG,PG&E Corp,0.00,0.00,0.00,0.00,0.18,0.00,0.00
VRSK,Verisk Analytics Inc.,0.05,0.00,0.00,0.00,0.00,0.13,0.00
IT,GARTNER INC,0.00,0.00,0.00,0.40,0.00,0.12,0.00
EXC,EXELON CORP,0.00,0.00,0.00,0.00,0.15,0.00,0.00
ODFL,OLD DOMINION FREIGHT LINE INC.,0.04,0.00,0.00,0.00,0.00,0.12,0.00
CBRE,CBRE GROUP INC.,0.00,0.00,0.00,0.00,0.16,0.00,0.26
CTSH,COGNIZANT TECHNOLOGY SOLUTIONS CORP,0.14,0.00,0.00,0.39,0.16,0.00,0.00
EA,ELECTRONIC ARTS INC.,0.00,0.00,0.00,0.00,0.16,0.00,0.00
NWG,NatWest Group plc,0.00,0.00,0.00,0.00,0.00,0.00,0.00
IQV,IQVIA HOLDINGS INC.,0.00,0.00,0.00,0.00,0.13,0.01,0.00
WIT,WIPRO LTD,0.00,0.00,0.00,0.00,0.00,0.00,0.00
CCI,CROWN CASTLE INC.,0.00,0.00,0.00,0.00,0.16,0.00,0.00
XEL,XCEL ENERGY INC,0.31,0.00,0.00,0.00,0.16,0.00,0.00
VALE,Vale S.A.,0.00,0.00,0.00,0.00,0.00,0.00,0.00
HUBS,HUBSPOT INC,0.00,0.00,0.00,0.00,0.00,0.12,0.00
STLA,Stellantis N.V.,0.00,0.00,0.00,0.00,0.00,0.00,0.00
OTIS,Otis Worldwide Corp,0.15,0.00,0.00,0.00,0.15,0.00,0.00
SYY,SYSCO CORP,0.24,0.00,0.00,0.00,0.06,0.08,0.00
HOOD,Robinhood Markets Inc.,0.00,0.00,0.00,0.00,0.10,0.00,0.00
VEEV,VEEVA SYSTEMS INC,0.00,0.00,0.00,0.00,0.00,0.11,0.00
UAL,United Airlines Holdings Inc.,0.00,0.00,0.00,0.00,0.13,0.00,0.27
LEN,LENNAR CORP /NEW/,0.00,0.00,0.00,0.00,0.13,0.00,0.00
IR,Ingersoll Rand Inc.,0.01,0.00,0.00,0.00,0.15,0.00,0.00
IMO,IMPERIAL OIL LTD,0.00,0.00,0.00,0.00,0.00,0.00,0.00
KHC,Kraft Heinz Co,0.00,0.00,0.00,0.00,0.11,0.00,0.00
YUM,YUM BRANDS INC,0.18,0.00,0.00,0.00,0.09,0.05,0.00
CCEP,COCA-COLA EUROPACIFIC PARTNERS plc,0.00,0.00,0.00,0.00,0.00,0.00,0.00
OLCLY,Oriental Land Co. Ltd./ADR,0.00,0.00,0.00,0.00,0.00,0.00,0.00
IDXX,IDEXX LABORATORIES INC /DE,0.00,0.00,0.00,0.00,0.00,0.11,0.00
RMD,RESMED INC,0.07,0.00,0.00,0.00,0.10,0.03,0.00
LVS,LAS VEGAS SANDS CORP,0.00,0.00,0.00,0.00,0.00,0.06,0.00
DB,DEUTSCHE BANK AKTIENGESELLSCHAFT,0.00,0.00,0.00,0.00,0.00,0.00,0.00
FERG,Ferguson Enterprises Inc. /DE/,0.14,0.00,0.00,0.00,0.13,0.01,0.00
DIA,SPDR DOW JONES INDUSTRIAL AVERAGE ETF TRUST,0.00,0.00,0.00,0.00,0.00,0.00,0.00
ACGL,ARCH CAPITAL GROUP LTD.,0.00,0.00,0.00,0.00,0.14,0.00,0.00
DKILY,Daikin Industries Ltd,0.00,0.00,0.00,0.00,0.00,0.00,0.00
OWL,BLUE OWL CAPITAL INC.,0.00,0.00,0.00,0.00,0.00,0.04,0.00
VMC,Vulcan Materials CO,0.06,0.00,0.00,0.00,0.10,0.03,0.00
SLF,SUN LIFE FINANCIAL INC,0.00,0.00,0.00,0.00,0.00,0.00,0.00
DSCSY,Disco Corporation/ADR,0.00,0.00,0.00,0.00,0.00,0.00,0.00
STZ,CONSTELLATION BRANDS INC.,0.15,0.00,0.00,0.00,0.14,0.00,0.00
ETR,ENTERGY CORP /DE/,0.26,0.00,0.00,0.00,0.13,0.00,0.28
HUM,HUMANA INC,0.10,0.00,0.00,0.00,0.12,0.00,0.00
WAB,WESTINGHOUSE AIR BRAKE TECHNOLOGIES CORP,0.00,0.00,0.00,0.00,0.13,0.00,0.27
EXR,Extra Space Storage Inc.,0.00,0.00,0.00,0.00,0.13,0.00,0.00
PPERY,PT Bank Mandiri (Persero) Tbk / ADR,0.00,0.00,0.00,0.00,0.00,0.00,0.00
GIS,GENERAL MILLS INC,0.33,0.00,0.00,0.00,0.14,0.00,0.00
HSY,HERSHEY CO,0.19,0.96,0.00,0.00,0.09,0.01,0.00
EBAY,EBAY INC,0.13,0.00,0.00,0.00,0.12,0.00,0.26
CCL,CARNIVAL CORP,0.00,0.00,0.00,0.00,0.10,0.00,0.00
DECK,DECKERS OUTDOOR CORP,0.00,0.00,0.00,0.00,0.00,0.11,0.00
WTW,WILLIS TOWERS WATSON PLC,0.09,0.00,0.00,0.00,0.13,0.00,0.17
RJF,RAYMOND JAMES FINANCIAL INC,0.08,0.00,0.00,0.00,0.12,0.00,0.17
TTWO,TAKE TWO INTERACTIVE SOFTWARE INC,0.00,0.00,0.00,0.00,0.13,0.00,0.00
ANYYY,Aena S.A./ADR,0.00,0.00,0.00,0.00,0.00,0.00,0.00
MDY,SPDR S&P MIDCAP 400 ETF TRUST,0.00,0.00,0.00,0.00,0.00,0.00,0.00
CNC,CENTENE CORP,0.00,0.00,0.00,0.00,0.12,0.00,0.00
MTB,M&T BANK CORP,0.22,1.26,0.00,0.00,0.13,0.00,0.17
MLM,MARTIN MARIETTA MATERIALS INC,0.05,0.00,0.00,0.00,0.12,0.01,0.00
HPQ,HP INC,0.26,0.00,0.00,0.34,0.10,0.03,0.00
ROK,ROCKWELL AUTOMATION INC,0.14,0.00,0.00,0.00,0.12,0.01,0.00
HIG,HARTFORD FINANCIAL SERVICES GROUP INC.,0.13,0.00,0.00,0.00,0.13,0.00,0.00
FRFHF,FAIRFAX FINANCIAL HOLDINGS LTD/ CAN,0.00,0.00,0.00,0.00,0.00,0.00,0.00
ED,CONSOLIDATED EDISON INC,0.28,0.00,0.00,0.00,0.13,0.00,0.00
DD,DuPont de Nemours Inc.,0.00,0.00,0.00,0.00,0.13,0.00,0.00
DXCM,DEXCOM INC,0.00,0.00,0.00,0.00,0.00,0.10,0.00
ALNY,ALNYLAM PHARMACEUTICALS INC.,0.00,0.00,0.00,0.00,0.01,0.09,0.00
EFX,EQUIFAX INC,0.00,0.00,0.00,0.00,0.10,0.02,0.00
GWLIF,GREAT-WEST LIFECO INC.,0.00,0.00,0.00,0.00,0.00,0.00,0.00
AVB,AVALONBAY COMMUNITIES INC,0.00,0.00,0.00,0.00,0.13,0.00,0.00
VICI,VICI PROPERTIES INC.,0.00,0.00,0.00,0.00,0.12,0.00,0.00
IRM,IRON MOUNTAIN INC,0.00,0.00,0.00,0.00,0.05,0.06,0.17
MCHP,MICROCHIP TECHNOLOGY INC,0.23,0.00,3.23,0.33,0.12,0.00,0.00
HPE,Hewlett Packard Enterprise Co,0.00,0.00,0.00,0.31,0.11,0.00,0.00
LYV,Live Nation Entertainment Inc.,0.00,0.00,0.00,0.00,0.00,0.07,0.15
TPL,Texas Pacific Land Corp,0.02,0.00,0.00,0.00,0.00,0.07,0.20
ANSS,ANSYS INC,0.00,0.00,0.00,0.31,0.12,0.00,0.00
WDS,WOODSIDE ENERGY GROUP LTD,0.00,0.00,0.00,0.00,0.00,0.00,0.00
WEC,WEC ENERGY GROUP INC.,0.26,0.00,0.00,0.00,0.12,0.00,0.00
FER,Ferrovial SE,0.00,0.00,0.00,0.00,0.00,0.00,0.00
RDDT,Reddit Inc.,0.00,0.00,0.00,0.00,0.00,0.00,0.00
CAH,CARDINAL HEALTH INC,0.13,0.00,0.00,0.00,0.05,0.06,0.00
BSBR,Banco Santander (Brasil) S.A.,0.00,0.00,0.00,0.00,0.00,0.00,0.00
TSCO,TRACTOR SUPPLY CO /DE/,0.11,0.00,0.00,0.00,0.00,0.10,0.00
MRAAY,Murata Manufacturing Co. Ltd./ADR,0.00,0.00,0.00,0.00,0.00,0.00,0.00
BNTX,BioNTech SE,0.00,0.00,0.00,0.00,0.00,0.00,0.00
ZS,Zscaler Inc.,0.00,0.00,0.00,0.00,0.00,0.06,0.00
EQT,EQT Corp,0.00,0.00,0.00,0.00,0.10,0.01,0.00
BRO,BROWN & BROWN INC.,0.04,0.00,0.00,0.00,0.06,0.04,0.15
PPRUY,Kering,0.00,0.00,0.00,0.00,0.00,0.00,0.00
ABEV,AMBEV S.A.,0.00,0.00,0.00,0.00,0.00,0.00,0.00
MPWR,MONOLITHIC POWER SYSTEMS INC,0.06,0.00,3.44,0.32,0.00,0.09,0.00
TW,Tradeweb Markets Inc.,0.00,0.00,0.00,0.00,0.04,0.02,0.00
CSGP,COSTAR GROUP INC.,0.00,0.00,0.00,0.00,0.12,0.00,0.00
FCNCA,FIRST CITIZENS BANCSHARES INC /DE/,0.00,0.00,0.00,0.00,0.10,0.00,0.00
CHT,CHUNGHWA TELECOM CO LTD,0.00,0.00,0.00,0.00,0.00,0.00,0.00
CUK,CARNIVAL PLC,0.00,0.00,0.00,0.00,0.00,0.00,0.00
CVE,CENOVUS ENERGY INC.,0.00,0.00,0.00,0.00,0.00,0.00,0.00
K,KELLANOVA,0.15,0.00,0.00,0.00,0.09,0.00,0.00
KEYS,Keysight Technologies Inc.,0.00,0.00,0.00,0.30,0.11,0.00,0.00
GOLD,BARRICK GOLD CORP,0.00,0.00,0.00,0.00,0.00,0.00,0.00
XYL,Xylem Inc.,0.08,0.00,0.00,0.00,0.11,0.00,0.00
STT,STATE STREET CORP,0.22,0.00,0.00,0.00,0.12,0.00,0.16
NUE,NUCOR CORP,0.11,0.00,0.00,0.00,0.11,0.00,0.00
QSR,Restaurant Brands International Inc.,0.00,0.00,0.00,0.00,0.00,0.00,0.00
FITB,FIFTH THIRD BANCORP,0.24,1.13,0.00,0.00,0.12,0.00,0.00
HEI,HEICO CORP,0.00,0.00,0.00,0.00,0.00,0.04,0.00
BIDU,Baidu Inc.,0.00,0.00,0.00,0.00,0.00,0.00,0.00
ERIC,ERICSSON LM TELEPHONE CO,0.00,0.00,0.00,0.00,0.00,0.00,0.00
GDDY,GoDaddy Inc.,0.00,0.00,0.00,0.29,0.00,0.09,0.29
DOW,DOW INC.,0.00,0.00,0.00,0.00,0.12,0.00,0.00
CQP,Cheniere Energy Partners L.P.,0.00,0.00,0.00,0.00,0.00,0.00,0.00
SW,Smurfit Westrock plc,0.15,0.00,0.00,0.00,0.11,0.00,0.00
GPN,GLOBAL PAYMENTS INC,0.00,0.00,0.00,0.00,0.12,0.00,0.00
NTDTY,NTT Data Corp,0.00,0.00,0.00,0.00,0.00,0.00,0.00
EQR,EQUITY RESIDENTIAL,0.00,0.00,0.00,0.00,0.11,0.00,0.00
PPG,PPG INDUSTRIES INC,0.15,0.00,0.00,0.00,0.11,0.00,0.00
WPM,Wheaton Precious Metals Corp.,0.00,0.00,0.00,0.00,0.00,0.00,0.00
FTV,Fortive Corp,0.00,0.00,0.00,0.00,0.11,0.00,0.00
BR,BROADRIDGE FINANCIAL SOLUTIONS INC.,0.10,0.00,0.00,0.00,0.01,0.08,0.00
PUBGY,PUBLICIS GROUPE SA,0.00,0.00,0.00,0.00,0.00,0.00,0.00
EL,ESTEE LAUDER COMPANIES INC,0.00,0.00,0.00,0.00,0.05,0.02,0.00
NVZMY,NOVOZYMES AS/FI,0.00,0.00,0.00,0.00,0.00,0.00,0.00
MTD,METTLER TOLEDO INTERNATIONAL INC/,0.00,0.00,0.00,0.00,0.11,0.00,0.00
FUJIY,FUJI PHOTO FILM CO LTD /FI,0.00,0.00,0.00,0.00,0.00,0.00,0.00
EIX,EDISON INTERNATIONAL,0.29,0.00,0.00,0.00,0.12,0.00,0.00
DOV,DOVER Corp,0.07,0.00,0.00,0.00,0.10,0.00,0.13
SYF,Synchrony Financial,0.10,0.00,0.00,0.00,0.10,0.00,0.15
CHD,CHURCH & DWIGHT CO INC /DE/,0.07,0.00,0.00,0.00,0.10,0.00,0.00
VLTO,Veralto Corp,0.00,0.00,0.00,0.00,0.06,0.04,0.13
LPLA,LPL Financial Holdings Inc.,0.00,0.00,0.00,0.00,0.00,0.08,0.00
DTE,DTE ENERGY CO,0.21,0.00,0.00,0.00,0.10,0.00,0.00
IOT,Samsara Inc.,0.00,0.00,0.00,0.00,0.00,0.00,0.00
FNV,FRANCO NEVADA Corp,0.00,0.00,0.00,0.00,0.00,0.00,0.00
CDW,CDW Corp,0.08,0.00,0.00,0.25,0.05,0.04,0.00
ADM,Archer-Daniels-Midland Co,0.23,0.00,0.00,0.00,0.10,0.00,0.00
NOK,NOKIA CORP,0.00,0.00,0.00,0.00,0.00,0.00,0.00
CPAY,CORPAY INC.,0.00,0.00,0.00,0.00,0.00,0.08,0.00
WSM,WILLIAMS SONOMA INC,0.07,0.00,0.00,0.00,0.04,0.05,0.00
ZM,Zoom Communications Inc.,0.00,0.00,0.00,0.00,0.09,0.00,0.00
GIB,CGI INC,0.00,0.00,0.00,0.00,0.00,0.00,0.00
SMPNY,Sompo Japan Nipponkoa Holdings Inc./ADR,0.00,0.00,0.00,0.00,0.00,0.00,0.00
PHG,KONINKLIJKE PHILIPS NV,0.00,0.00,0.00,0.00,0.00,0.00,0.00
NVR,NVR INC,0.00,0.00,0.00,0.00,0.10,0.00,0.00
WST,WEST PHARMACEUTICAL SERVICES INC,0.02,0.00,0.00,0.00,0.04,0.05,0.00
TROW,PRICE T ROWE GROUP INC,0.00,0.99,0.00,0.00,0.10,0.00,0.00
VTR,Ventas Inc.,0.00,0.00,0.00,0.00,0.10,0.00,0.00
NTR,Nutrien Ltd.,0.00,0.00,0.00,0.00,0.00,0.00,0.00
TYL,TYLER TECHNOLOGIES INC,0.00,0.00,0.00,0.26,0.02,0.07,0.13
FANUY,Fanuc Ltd,0.00,0.00,0.00,0.00,0.00,0.00,0.00
TEVA,TEVA PHARMACEUTICAL INDUSTRIES LTD,0.00,0.00,0.00,0.00,0.00,0.00,0.00
WBD,Warner Bros. Discovery Inc.,0.00,0.00,0.00,0.00,0.10,0.00,0.00
HAL,HALLIBURTON CO,0.00,0.00,0.00,0.00,0.10,0.00,0.00
DVN,DEVON ENERGY CORP/DE,0.00,0.00,0.00,0.00,0.08,0.00,0.00
AWK,American Water Works Company Inc.,0.14,0.00,0.00,0.00,0.10,0.00,0.00
EXE,EXPAND ENERGY Corp,0.00,0.00,0.00,0.00,0.09,0.00,0.00
NTAP,NetApp Inc.,0.10,0.00,0.00,0.25,0.05,0.04,0.00
LYB,LyondellBasell Industries N.V.,0.00,0.75,0.00,0.00,0.08,0.00,0.00
AEE,AMEREN CORP,0.18,0.00,0.00,0.00,0.10,0.00,0.17
PPL,PPL Corp,0.00,0.00,0.00,0.00,0.10,0.00,0.14
RYAAY,RYANAIR HOLDINGS PLC,0.00,0.00,0.00,0.00,0.00,0.00,0.00
HBAN,HUNTINGTON BANCSHARES INC /MD/,0.00,0.93,0.00,0.00,0.10,0.00,0.00
EXPE,Expedia Group Inc.,0.00,0.00,0.00,0.00,0.00,0.08,0.00
NTRA,Natera Inc.,0.00,0.00,0.00,0.00,0.00,0.06,0.00
ON,ON SEMICONDUCTOR CORP,0.00,0.00,3.18,0.29,0.11,0.00,0.00
TPG,TPG Inc.,0.00,0.00,0.00,0.00,0.02,0.00,0.00
LI,Li Auto Inc.,0.00,0.00,0.00,0.00,0.00,0.00,0.00
ASX,ASE Technology Holding Co. Ltd.,0.00,0.00,0.78,0.00,0.00,0.00,0.00
GFS,GLOBALFOUNDRIES Inc.,0.00,0.00,0.00,0.00,0.02,0.00,0.00
IX,ORIX CORP,0.00,0.00,0.00,0.00,0.00,0.00,0.00
KB,KB Financial Group Inc.,0.00,0.00,0.00,0.00,0.00,0.00,0.00
HUBB,HUBBELL INC,0.07,0.00,0.00,0.00,0.09,0.00,0.00
WAT,WATERS CORP /DE/,0.00,0.00,0.00,0.00,0.04,0.05,0.00
CVNA,CARVANA CO.,0.00,0.00,0.00,0.00,0.06,0.03,0.00
TEF,TELEFONICA S A,0.00,0.00,0.00,0.00,0.00,0.00,0.00
STM,STMicroelectronics N.V.,0.00,0.00,0.79,0.00,0.00,0.00,0.00
ROL,ROLLINS INC,0.00,0.00,0.00,0.00,0.00,0.04,0.00
FE,FIRSTENERGY CORP,0.00,0.00,0.00,0.00,0.09,0.00,0.00
BAM,Brookfield Asset Management Ltd.,0.00,0.00,0.00,0.00,0.00,0.00,0.00
PHM,PULTEGROUP INC/MI/,0.04,0.00,0.00,0.00,0.09,0.00,0.00
DIDIY,DiDi Global Inc.,0.00,0.00,0.00,0.00,0.00,0.00,0.00
PTC,PTC INC.,0.00,0.00,0.00,0.23,0.04,0.05,0.00
TECK,TECK RESOURCES LTD,0.00,0.00,0.00,0.00,0.00,0.00,0.00
LII,LENNOX INTERNATIONAL INC,0.03,0.00,0.00,0.00,0.00,0.07,0.00
TER,TERADYNE INC,0.00,0.00,2.58,0.24,0.01,0.06,0.00
WDC,WESTERN DIGITAL CORP,0.00,0.00,0.00,0.24,0.08,0.00,0.00
WRB,BERKLEY W R CORP,0.02,0.00,0.00,0.00,0.07,0.00,0.00
BIIB,BIOGEN INC.,0.00,0.00,0.00,0.00,0.09,0.00,0.00
ILMN,ILLUMINA INC.,0.00,0.00,0.00,0.00,0.09,0.00,0.00
UI,Ubiquiti Inc.,0.00,0.00,0.00,0.00,0.00,0.00,0.00
FOXA,Fox Corp,0.00,0.00,0.00,0.00,0.04,0.00,0.10
CCJ,CAMECO CORP,0.00,0.00,0.00,0.00,0.00,0.00,0.00
EME,EMCOR Group Inc.,0.00,0.00,0.00,0.00,0.05,0.03,0.00
NJDCY,NIDEC CORP,0.00,0.00,0.00,0.00,0.00,0.00,0.00
MKL,MARKEL GROUP INC.,0.00,0.00,0.00,0.00,0.07,0.02,0.00
ATO,ATMOS ENERGY CORP,0.13,0.00,0.00,0.00,0.09,0.00,0.13
TDY,TELEDYNE TECHNOLOGIES INC,0.00,0.00,0.00,0.22,0.09,0.00,0.00
CINF,CINCINNATI FINANCIAL CORP,0.12,0.86,0.00,0.00,0.09,0.00,0.00
DRI,DARDEN RESTAURANTS INC,0.00,0.85,0.00,0.00,0.04,0.04,0.00
YPF,YPF SOCIEDAD ANONIMA,0.00,0.00,0.00,0.00,0.00,0.00,0.00
SNAP,Snap Inc,0.00,0.00,0.00,0.00,0.00,0.00,0.00
PSTG,Pure Storage Inc.,0.00,0.00,0.00,0.00,0.01,0.06,0.00
PBA,PEMBINA PIPELINE CORP,0.00,0.00,0.00,0.00,0.00,0.00,0.00
TS,TENARIS SA,0.00,0.00,0.00,0.00,0.00,0.00,0.00
BCE,BCE INC,0.00,0.00,0.00,0.00,0.00,0.00,0.00
RF,REGIONS FINANCIAL CORP,0.22,0.85,0.00,0.00,0.09,0.00,0.00
PINS,PINTEREST INC.,0.00,0.00,0.00,0.00,0.00,0.06,0.00
VOD,VODAFONE GROUP PUBLIC LTD CO,0.00,0.00,0.00,0.00,0.00,0.00,0.00
IFF,INTERNATIONAL FLAVORS & FRAGRANCES INC,0.00,0.00,0.00,0.00,0.09,0.00,0.00
SBAC,SBA COMMUNICATIONS CORP,0.00,0.00,0.00,0.00,0.09,0.00,0.00
ZBH,ZIMMER BIOMET HOLDINGS INC.,0.00,0.00,0.00,0.00,0.09,0.00,0.00
ALAB,Astera Labs Inc.,0.00,0.00,0.00,0.00,0.06,0.00,0.00
ES,EVERSOURCE ENERGY,0.00,0.00,0.00,0.00,0.08,0.00,0.00
RKT,Rocket Companies Inc.,0.00,0.00,0.00,0.00,0.01,0.00,0.00
PKG,PACKAGING CORP OF AMERICA,0.00,0.79,0.00,0.00,0.08,0.00,0.08
CTRA,Coterra Energy Inc.,0.00,0.76,0.00,0.00,0.08,0.00,0.00
FTS,Fortis Inc.,0.00,0.00,0.00,0.00,0.00,0.00,0.00
CNP,CENTERPOINT ENERGY INC,0.00,0.00,0.00,0.00,0.08,0.00,0.00
ONC,BeiGene Ltd.,0.00,0.00,0.00,0.00,0.00,0.00,0.00
TU,TELUS CORP,0.00,0.00,0.00,0.00,0.00,0.00,0.00
ERIE,ERIE INDEMNITY CO,0.03,0.00,0.00,0.00,0.00,0.00,0.00
STE,STERIS plc,0.05,0.00,0.00,0.00,0.08,0.00,0.00
TOST,Toast Inc.,0.00,0.00,0.00,0.00,0.00,0.06,0.00
NRG,NRG ENERGY INC.,0.09,0.00,0.00,0.00,0.04,0.03,0.21
FSLR,FIRST SOLAR INC.,0.00,0.00,0.00,0.21,0.08,0.00,0.00
CBOE,Cboe Global Markets Inc.,0.00,0.00,0.00,0.00,0.08,0.00,0.00
VRSN,VERISIGN INC/CA,0.00,0.00,0.00,0.18,0.07,0.00,0.00
CHKP,CHECK POINT SOFTWARE TECHNOLOGIES LTD,0.00,0.00,0.00,0.00,0.00,0.00,0.00
BEKE,KE Holdings Inc.,0.00,0.00,0.00,0.00,0.00,0.00,0.00
LUV,SOUTHWEST AIRLINES CO,0.00,0.00,0.00,0.00,0.08,0.00,0.00
LDOS,Leidos Holdings Inc.,0.00,0.00,0.00,0.00,0.08,0.00,0.00
WY,WEYERHAEUSER CO,0.00,0.00,0.00,0.00,0.08,0.00,0.00
ZBRA,ZEBRA TECHNOLOGIES CORP,0.00,0.00,0.00,0.21,0.06,0.01,0.09
NTRS,NORTHERN TRUST CORP,0.15,0.00,0.00,0.00,0.08,0.00,0.12
PUK,PRUDENTIAL PLC,0.00,0.00,0.00,0.00,0.00,0.00,0.00
MDB,MongoDB Inc.,0.00,0.00,0.00,0.00,0.00,0.06,0.00
CLX,CLOROX CO /DE/,0.15,0.00,0.00,0.00,0.00,0.07,0.00
ULTA,Ulta Beauty Inc.,0.00,0.00,0.00,0.00,0.01,0.06,0.00
CMS,CMS ENERGY CORP,0.15,0.00,0.00,0.00,0.08,0.00,0.00
SGSOY,SGS SOCIETE GENERALE DE SURVEILLANCE HOLDING SA /FI,0.00,0.00,0.00,0.00,0.00,0.00,0.00
LH,LABCORP HOLDINGS INC.,0.00,0.00,0.00,0.00,0.08,0.00,0.00
IHG,INTERCONTINENTAL HOTELS GROUP PLC /NEW/,0.00,0.00,0.00,0.00,0.00,0.00,0.00
DKNG,DraftKings Inc.,0.00,0.00,0.00,0.00,0.00,0.06,0.00
TSN,TYSON FOODS INC.,0.13,0.00,0.00,0.00,0.07,0.00,0.00
MKC,MCCORMICK & CO INC,0.10,0.00,0.00,0.00,0.08,0.00,0.00
CFG,CITIZENS FINANCIAL GROUP INC/RI,0.00,0.00,0.00,0.00,0.08,0.00,0.00
EJPRY,EAST JAPAN RAILWAY CO /FI,0.00,0.00,0.00,0.00,0.00,0.00,0.00
PODD,INSULET CORP,0.00,0.00,0.00,0.00,0.00,0.06,0.00
YAHOY,Yahoo! Japan Corp,0.00,0.00,0.00,0.00,0.00,0.00,0.00
SMCI,Super Micro Computer Inc.,0.00,0.00,0.00,0.19,0.00,0.05,0.00
DKS,DICK'S SPORTING GOODS INC.,0.07,0.51,0.00,0.00,0.05,0.00,0.00
VIK,Viking Holdings Ltd,0.00,0.00,0.00,0.00,0.00,0.00,0.00
IP,INTERNATIONAL PAPER CO /NEW/,0.00,0.00,0.00,0.00,0.08,0.00,0.14
WSO,WATSCO INC,0.09,0.64,0.00,0.00,0.07,0.00,0.00
STX,Seagate Technology Holdings plc,0.00,0.00,0.00,0.20,0.00,0.00,0.00
KSPI,Joint Stock Co Kaspi.kz,0.00,0.00,0.00,0.00,0.00,0.00,0.00
INVH,Invitation Homes Inc.,0.00,0.00,0.00,0.00,0.08,0.00,0.00
SSNC,SS&C Technologies Holdings Inc,0.05,0.00,0.00,0.00,0.07,0.00,0.00
BBD,BANK BRADESCO,0.00,0.00,0.00,0.00,0.00,0.00,0.00
KEY,KEYCORP /NEW/,0.00,0.63,0.00,0.00,0.06,0.00,0.00
DOCU,DOCUSIGN INC.,0.00,0.00,0.00,0.00,0.00,0.06,0.00
BURL,Burlington Stores Inc.,0.00,0.00,0.00,0.00,0.00,0.06,0.00
ESS,ESSEX PROPERTY TRUST INC.,0.00,0.00,0.00,0.00,0.07,0.00,0.00
ONON,On Holding AG,0.00,0.00,0.00,0.00,0.00,0.00,0.00
FTAI,FTAI Aviation Ltd.,0.00,0.00,0.00,0.00,0.00,0.00,0.00
GRAB,Grab Holdings Ltd,0.00,0.00,0.00,0.00,0.00,0.00,0.00
CG,Carlyle Group Inc.,0.00,0.00,0.00,0.00,0.05,0.00,0.00
ICLR,ICON PLC,0.00,0.00,0.00,0.00,0.00,0.00,0.00
TME,Tencent Music Entertainment Group,0.00,0.00,0.00,0.00,0.00,0.00,0.00
AER,AerCap Holdings N.V.,0.00,0.00,0.00,0.00,0.00,0.00,0.00
COO,COOPER COMPANIES INC.,0.00,0.00,0.00,0.00,0.07,0.00,0.00
BBY,BEST BUY CO INC,0.00,0.65,0.00,0.00,0.08,0.00,0.00
MAA,MID AMERICA APARTMENT COMMUNITIES INC.,0.00,0.00,0.00,0.00,0.07,0.00,0.00
JBHT,HUNT J B TRANSPORT SERVICES INC,0.03,0.00,0.00,0.00,0.06,0.00,0.00
L,LOEWS CORP,0.00,0.00,0.00,0.00,0.06,0.00,0.00
STLD,STEEL DYNAMICS INC,0.06,0.00,0.00,0.00,0.07,0.00,0.00
RPRX,Royalty Pharma plc,0.09,0.00,0.00,0.00,0.04,0.00,0.00
CJPRY,CENTRAL JAPAN RAILWAY CO,0.00,0.00,0.00,0.00,0.00,0.00,0.00
SNA,Snap-on Inc,0.11,0.69,0.00,0.00,0.07,0.00,0.00
GFL,GFL Environmental Inc.,0.00,0.00,0.00,0.00,0.00,0.00,0.00
EC,ECOPETROL S.A.,0.00,0.00,0.00,0.00,0.00,0.00,0.00
PFG,PRINCIPAL FINANCIAL GROUP INC,0.17,0.00,0.00,0.00,0.07,0.00,0.00
AFRM,Affirm Holdings Inc.,0.00,0.00,0.00,0.00,0.06,0.00,0.00
PHYS,Sprott Physical Gold Trust,0.00,0.00,0.00,0.00,0.00,0.00,0.00
JBL,JABIL INC,0.00,0.00,0.00,0.18,0.06,0.00,0.00
FDS,FACTSET RESEARCH SYSTEMS INC,0.04,0.00,0.00,0.00,0.05,0.02,0.00
MT,ArcelorMittal,0.00,0.00,0.00,0.00,0.00,0.00,0.00
TRMB,TRIMBLE INC.,0.00,0.00,0.00,0.18,0.07,0.00,0.00
DGX,QUEST DIAGNOSTICS INC,0.08,0.00,0.00,0.00,0.07,0.00,0.00
SHG,SHINHAN FINANCIAL GROUP CO LTD,0.00,0.00,0.00,0.00,0.00,0.00,0.00
CRBG,Corebridge Financial Inc.,0.00,0.00,0.00,0.00,0.04,0.00,0.00
CYBR,CyberArk Software Ltd.,0.00,0.00,0.00,0.00,0.00,0.00,0.00
BAH,Booz Allen Hamilton Holding Corp,0.06,0.00,0.00,0.00,0.00,0.06,0.00
TRU,TransUnion,0.00,0.00,0.00,0.00,0.07,0.00,0.00
NI,NISOURCE INC.,0.12,0.00,0.00,0.00,0.07,0.00,0.15
AS,Amer Sports Inc.,0.00,0.00,0.00,0.00,0.00,0.00,0.00
ZG,ZILLOW GROUP INC.,0.00,0.00,0.00,0.00,0.01,0.00,0.00
CSL,CARLISLE COMPANIES INC,0.04,0.00,0.00,0.00,0.06,0.01,0.00
NTNX,Nutanix Inc.,0.00,0.00,0.00,0.00,0.04,0.02,0.00
ARE,ALEXANDRIA REAL ESTATE EQUITIES INC.,0.00,0.00,0.00,0.00,0.07,0.00,0.00
TWLO,TWILIO INC,0.00,0.00,0.00,0.00,0.05,0.01,0.00
GEN,Gen Digital Inc.,0.00,0.00,0.00,0.16,0.06,0.00,0.00
NMR,NOMURA HOLDINGS INC,0.00,0.00,0.00,0.00,0.00,0.00,0.00
HRL,HORMEL FOODS CORP /DE/,0.08,0.00,0.00,0.00,0.04,0.00,0.00
J,JACOBS SOLUTIONS INC.,0.04,0.00,0.00,0.00,0.07,0.00,0.00
RBA,RB GLOBAL INC.,0.00,0.00,0.00,0.00,0.00,0.00,0.00
HOLX,HOLOGIC INC,0.00,0.00,0.00,0.00,0.07,0.00,0.00
MOH,MOLINA HEALTHCARE INC.,0.00,0.00,0.00,0.00,0.03,0.04,0.00
RYAN,RYAN SPECIALTY HOLDINGS INC.,0.00,0.00,0.00,0.00,0.00,0.02,0.00
UTHR,UNITED THERAPEUTICS Corp,0.00,0.00,0.00,0.00,0.06,0.00,0.00
MANH,MANHATTAN ASSOCIATES INC,0.00,0.00,0.00,0.00,0.00,0.06,0.00
MRNA,Moderna Inc.,0.00,0.00,0.00,0.00,0.05,0.00,0.00
BLDR,Builders FirstSource Inc.,0.00,0.00,0.00,0.00,0.06,0.01,0.00
GPC,GENUINE PARTS CO,0.13,0.00,0.00,0.00,0.07,0.00,0.00
OMC,OMNICOM GROUP INC.,0.13,0.00,0.00,0.00,0.07,0.00,0.00
TLK,PERUSAHAAN PERSEROAN PERSERO PT TELEKOMUNIKASI INDONESIA TBK,0.00,0.00,0.00,0.00,0.00,0.00,0.00
BF-A,BROWN FORMAN CORP,0.00,0.00,0.00,0.00,0.00,0.00,0.00
PNR,PENTAIR plc,0.04,0.00,0.00,0.00,0.07,0.00,0.08
SUI,SUN COMMUNITIES INC,0.00,0.00,0.00,0.00,0.06,0.00,0.00
NWSA,NEWS CORP,0.00,0.00,0.00,0.00,0.04,0.00,0.00
YUMC,Yum China Holdings Inc.,0.00,0.00,0.00,0.00,0.00,0.00,0.00
ALGN,ALIGN TECHNOLOGY INC,0.00,0.00,0.00,0.00,0.03,0.03,0.00
AZPN,Aspen Technology Inc.,0.00,0.00,0.00,0.00,0.03,0.00,0.00
USFD,US Foods Holding Corp.,0.00,0.00,0.00,0.00,0.06,0.00,0.00
RCI,ROGERS COMMUNICATIONS INC,0.00,0.00,0.00,0.00,0.00,0.00,0.00
DLTR,DOLLAR TREE INC.,0.00,0.00,0.00,0.00,0.06,0.00,0.00
TPR,TAPESTRY INC.,0.00,0.61,0.00,0.00,0.06,0.00,0.12
FLEX,FLEX LTD.,0.00,0.00,0.00,0.00,0.00,0.00,0.00
KOF,COCA COLA FEMSA SAB DE CV,0.00,0.00,0.00,0.00,0.00,0.00,0.00
FIX,COMFORT SYSTEMS USA INC,0.01,0.00,0.00,0.00,0.00,0.05,0.00
DG,DOLLAR GENERAL CORP,0.12,0.00,0.00,0.00,0.07,0.00,0.00
XPO,XPO Inc.,0.00,0.00,0.00,0.00,0.00,0.05,0.00
IEX,IDEX CORP /DE/,0.05,0.00,0.00,0.00,0.06,0.00,0.00
BALL,BALL Corp,0.00,0.00,0.00,0.00,0.07,0.00,0.00
MAS,MASCO CORP /DE/,0.06,0.00,0.00,0.00,0.06,0.00,0.00
RPM,RPM INTERNATIONAL INC/DE/,0.06,0.00,0.00,0.00,0.05,0.01,0.00
UMC,UNITED MICROELECTRONICS CORP,0.00,0.00,0.55,0.00,0.00,0.00,0.00
CF,CF Industries Holdings Inc.,0.00,0.63,0.00,0.00,0.06,0.00,0.00
EG,EVEREST GROUP LTD.,0.09,0.00,0.00,0.00,0.05,0.01,0.00
SOFI,SoFi Technologies Inc.,0.00,0.00,0.00,0.00,0.06,0.01,0.00
EXPD,EXPEDITORS INTERNATIONAL OF WASHINGTON INC,0.05,0.00,0.00,0.00,0.05,0.01,0.00
DT,Dynatrace Inc.,0.00,0.00,0.00,0.00,0.00,0.05,0.00
UDR,UDR Inc.,0.00,0.00,0.00,0.00,0.06,0.00,0.00
WMG,Warner Music Group Corp.,0.02,0.00,0.00,0.00,0.00,0.00,0.00
EQH,Equitable Holdings Inc.,0.07,0.00,0.00,0.00,0.00,0.05,0.00
SYM,Symbotic Inc.,0.00,0.00,0.00,0.00,0.00,0.00,0.00
ENTG,ENTEGRIS INC,0.00,0.00,1.79,0.00,0.00,0.05,0.00
FFIV,F5 INC.,0.00,0.00,0.00,0.16,0.06,0.00,0.11
SN,SharkNinja Inc.,0.00,0.00,0.00,0.00,0.02,0.00,0.00
WES,Western Midstream Partners LP,0.00,0.00,0.00,0.00,0.00,0.00,0.00
BAX,BAXTER INTERNATIONAL INC,0.00,0.00,0.00,0.00,0.06,0.00,0.00
AVY,Avery Dennison Corp,0.07,0.00,0.00,0.00,0.04,0.02,0.00
AMH,American Homes 4 Rent,0.00,0.00,0.00,0.00,0.05,0.00,0.00
HACBY,HACHIJUNI BANK LTD,0.00,0.00,0.00,0.00,0.00,0.00,0.00
FNF,Fidelity National Financial Inc.,0.11,0.57,0.00,0.00,0.06,0.00,0.00
ARCC,ARES CAPITAL CORP,0.00,0.00,0.00,0.00,0.00,0.00,0.00
RL,RALPH LAUREN CORP,0.00,0.00,0.00,0.00,0.04,0.00,0.07
AVTR,Avantor Inc.,0.00,0.00,0.00,0.00,0.06,0.00,0.00
CHWY,Chewy Inc.,0.00,0.00,0.00,0.00,0.00,0.00,0.00
KIM,KIMCO REALTY CORP,0.00,0.00,0.00,0.00,0.06,0.00,0.00
JEF,Jefferies Financial Group Inc.,0.06,0.00,0.00,0.00,0.04,0.01,0.00
GME,GameStop Corp.,0.00,0.00,0.00,0.00,0.05,0.00,0.00
H,Hyatt Hotels Corp,0.00,0.00,0.00,0.00,0.02,0.00,0.00
SWKS,SKYWORKS SOLUTIONS INC.,0.11,0.57,1.69,0.15,0.06,0.00,0.00
LNT,ALLIANT ENERGY CORP,0.12,0.00,0.00,0.00,0.06,0.00,0.00
BIP,Brookfield Infrastructure Partners L.P.,0.00,0.00,0.00,0.00,0.00,0.00,0.00
BEP,Brookfield Renewable Partners L.P.,0.00,0.00,0.00,0.00,0.00,0.00,0.00
RS,RELIANCE INC.,0.05,0.00,0.00,0.00,0.06,0.00,0.00
OKTA,Okta Inc.,0.00,0.00,0.00,0.00,0.03,0.02,0.00
OC,Owens Corning,0.05,0.00,0.00,0.00,0.06,0.00,0.00
GWRE,Guidewire Software Inc.,0.00,0.00,0.00,0.00,0.03,0.02,0.00
ZTO,ZTO Express (Cayman) Inc.,0.00,0.00,0.00,0.00,0.00,0.00,0.00
BAP,CREDICORP LTD,0.00,0.00,0.00,0.00,0.00,0.00,0.00
NBIX,NEUROCRINE BIOSCIENCES INC,0.00,0.00,0.00,0.00,0.00,0.05,0.00
WLK,WESTLAKE CORP,0.02,0.00,0.00,0.00,0.02,0.00,0.00
RIVN,Rivian Automotive Inc. / DE,0.00,0.00,0.00,0.00,0.05,0.00,0.00
RGA,REINSURANCE GROUP OF AMERICA INC,0.06,0.00,0.00,0.00,0.06,0.00,0.00
CNH,CNH Industrial N.V.,0.00,0.00,0.00,0.00,0.04,0.00,0.00
GMAB,GENMAB A/S,0.00,0.00,0.00,0.00,0.00,0.00,0.00
KKPNY,KONINKLIJKE KPN N V,0.00,0.00,0.00,0.00,0.00,0.00,0.00
ACM,AECOM,0.00,0.00,0.00,0.00,0.06,0.00,0.00
WLMIY,Wilmar International Ltd,0.00,0.00,0.00,0.00,0.00,0.00,0.00
TXT,TEXTRON INC,0.00,0.00,0.00,0.00,0.06,0.00,0.00
CASY,CASEYS GENERAL STORES INC,0.02,0.00,0.00,0.00,0.05,0.01,0.00
DUOL,Duolingo Inc.,0.00,0.00,0.00,0.00,0.00,0.04,0.00
VTRS,Viatris Inc,0.00,0.00,0.00,0.00,0.06,0.00,0.00
APTV,Aptiv PLC,0.00,0.00,0.00,0.00,0.06,0.00,0.00
LINE,Lineage Inc.,0.00,0.00,0.00,0.00,0.02,0.00,0.00
BSY,BENTLEY SYSTEMS INC,0.00,0.00,0.00,0.00,0.00,0.02,0.00
DPZ,DOMINOS PIZZA INC,0.05,0.00,0.00,0.00,0.04,0.02,0.00
RVTY,REVVITY INC.,0.00,0.00,0.00,0.00,0.06,0.00,0.00
COHR,COHERENT CORP.,0.00,0.00,0.00,0.00,0.05,0.00,0.00
EVRG,Evergy Inc.,0.00,0.00,0.00,0.00,0.06,0.00,0.09
SFM,Sprouts Farmers Market Inc.,0.00,0.00,0.00,0.00,0.00,0.00,0.00
DOC,HEALTHPEAK PROPERTIES INC.,0.00,0.00,0.00,0.00,0.06,0.00,0.00
GFI,GOLD FIELDS LTD,0.00,0.00,0.00,0.00,0.00,0.00,0.00
AMCR,Amcor plc,0.00,0.53,0.00,0.00,0.06,0.00,0.00
GGG,GRACO INC,0.04,0.00,0.00,0.00,0.06,0.00,0.00
INCY,INCYTE CORP,0.00,0.00,0.00,0.00,0.04,0.00,0.00
MORN,Morningstar Inc.,0.01,0.00,0.00,0.00,0.00,0.03,0.00
FTI,TechnipFMC plc,0.00,0.00,0.00,0.00,0.05,0.00,0.00
AKAM,AKAMAI TECHNOLOGIES INC,0.00,0.00,0.00,0.15,0.06,0.00,0.00
RKLB,Rocket Lab USA Inc.,0.00,0.00,0.00,0.00,0.00,0.00,0.00
PKX,POSCO HOLDINGS INC.,0.00,0.00,0.00,0.00,0.00,0.00,0.00
JHX,James Hardie Industries plc,0.00,0.00,0.00,0.00,0.00,0.00,0.00
FMS,Fresenius Medical Care AG,0.00,0.00,0.00,0.00,0.00,0.00,0.00
BZLFY,BUNZL PLC,0.00,0.00,0.00,0.00,0.00,0.00,0.00
CW,CURTISS WRIGHT CORP,0.01,0.00,0.00,0.00,0.06,0.00,0.00
PAA,PLAINS ALL AMERICAN PIPELINE LP,0.00,0.00,0.00,0.00,0.00,0.00,0.00
CAVA,CAVA GROUP INC.,0.00,0.00,0.00,0.00,0.00,0.03,0.00
PFGC,Performance Food Group Co,0.00,0.00,0.00,0.00,0.05,0.01,0.00
KGC,KINROSS GOLD CORP,0.00,0.00,0.00,0.00,0.00,0.00,0.00
JBAXY,Julius Baer Group Ltd.,0.00,0.00,0.00,0.00,0.00,0.00,0.00
UNM,Unum Group,0.07,0.49,0.00,0.00,0.05,0.00,0.00
AU,AngloGold Ashanti PLC,0.00,0.00,0.00,0.00,0.00,0.00,0.00
ESLT,ELBIT SYSTEMS LTD,0.00,0.00,0.00,0.00,0.00,0.00,0.00
RNR,RENAISSANCERE HOLDINGS LTD,0.02,0.00,0.00,0.00,0.05,0.00,0.00
SMMT,Summit Therapeutics Inc.,0.00,0.00,0.00,0.00,0.00,0.00,0.00
OMVKY,OMV AKTIENGESELLSCHAFT /FI,0.00,0.00,0.00,0.00,0.00,0.00,0.00
LOGI,LOGITECH INTERNATIONAL S.A.,0.00,0.00,0.00,0.00,0.00,0.00,0.00
MBLY,Mobileye Global Inc.,0.00,0.00,0.00,0.00,0.00,0.00,0.00
EWBC,EAST WEST BANCORP INC,0.07,0.52,0.00,0.00,0.05,0.00,0.00
RDY,DR REDDYS LABORATORIES LTD,0.00,0.00,0.00,0.00,0.00,0.00,0.00
JBSAY,JBS S.A.,0.00,0.00,0.00,0.00,0.00,0.00,0.00
ELS,EQUITY LIFESTYLE PROPERTIES INC,0.00,0.00,0.00,0.00,0.05,0.00,0.00
EPAM,EPAM Systems Inc.,0.00,0.00,0.00,0.14,0.05,0.00,0.00
EDPFY,EDP ENERGIAS DE PORTUGAL SA,0.00,0.00,0.00,0.00,0.00,0.00,0.00
BMRN,BIOMARIN PHARMACEUTICAL INC,0.00,0.00,0.00,0.00,0.05,0.00,0.00
JNPR,JUNIPER NETWORKS INC,0.00,0.00,0.00,0.13,0.05,0.00,0.00
BJ,BJ's Wholesale Club Holdings Inc.,0.00,0.00,0.00,0.00,0.05,0.00,0.00
DVA,DAVITA INC.,0.00,0.00,0.00,0.00,0.00,0.02,0.04
RKUNY,Rakuten Group Inc.,0.00,0.00,0.00,0.00,0.00,0.00,0.00
REG,REGENCY CENTERS CORP,0.00,0.00,0.00,0.00,0.05,0.00,0.00
PANDY,Pandora A/S / ADR,0.00,0.00,0.00,0.00,0.00,0.00,0.00
EBR,BRAZILIAN ELECTRIC POWER CO,0.00,0.00,0.00,0.00,0.00,0.00,0.00
GLPI,Gaming & Leisure Properties Inc.,0.00,0.00,0.00,0.00,0.05,0.00,0.00
CAG,CONAGRA BRANDS INC.,0.00,0.00,0.00,0.00,0.05,0.00,0.00
JKHY,JACK HENRY & ASSOCIATES INC,0.04,0.00,0.00,0.00,0.05,0.00,0.00
VIV,TELEFONICA BRASIL S.A.,0.00,0.00,0.00,0.00,0.00,0.00,0.00
GGAL,GRUPO FINANCIERO GALICIA SA,0.00,0.00,0.00,0.00,0.00,0.00,0.00
SUZ,Suzano S.A.,0.00,0.00,0.00,0.00,0.00,0.00,0.00
CNA,CNA FINANCIAL CORP,0.00,0.00,0.00,0.00,0.00,0.00,0.00
POOL,POOL CORP,0.04,0.00,0.00,0.00,0.00,0.04,0.00
CLH,CLEAN HARBORS INC,0.00,0.00,0.00,0.00,0.05,0.00,0.00
CRDO,Credo Technology Group Holding Ltd,0.00,0.00,0.00,0.00,0.00,0.00,0.00
TOL,Toll Brothers Inc.,0.00,0.00,0.00,0.00,0.05,0.00,0.00
SWK,STANLEY BLACK & DECKER INC.,0.12,0.00,0.00,0.00,0.05,0.00,0.00
THC,TENET HEALTHCARE CORP,0.00,0.00,0.00,0.00,0.05,0.00,0.00
CLS,CELESTICA INC,0.00,0.00,0.00,0.00,0.00,0.00,0.00
LAMR,LAMAR ADVERTISING CO/NEW,0.00,0.00,0.00,0.00,0.03,0.01,0.00
SGIOY,SHIONOGI & CO LTD,0.00,0.00,0.00,0.00,0.00,0.00,0.00
KMX,CARMAX INC,0.00,0.00,0.00,0.00,0.05,0.00,0.00
PR,Permian Resources Corp,0.00,0.00,0.00,0.00,0.03,0.01,0.00
CHRW,C. H. ROBINSON WORLDWIDE INC.,0.07,0.47,0.00,0.00,0.05,0.00,0.00
HST,HOST HOTELS & RESORTS INC.,0.00,0.00,0.00,0.00,0.05,0.00,0.00
AUR,Aurora Innovation Inc.,0.00,0.00,0.00,0.00,0.00,0.00,0.00
UHS,UNIVERSAL HEALTH SERVICES INC,0.00,0.00,0.00,0.00,0.04,0.00,0.00
WIX,Wix.com Ltd.,0.00,0.00,0.00,0.00,0.00,0.00,0.00
AAL,American Airlines Group Inc.,0.00,0.00,0.00,0.00,0.04,0.00,0.00
BXP,BXP Inc.,0.00,0.00,0.00,0.00,0.05,0.00,0.00
AR,ANTERO RESOURCES Corp,0.00,0.00,0.00,0.00,0.04,0.00,0.00
TXRH,Texas Roadhouse Inc.,0.04,0.00,0.00,0.00,0.00,0.04,0.00
SAIA,SAIA INC,0.00,0.00,0.00,0.00,0.02,0.02,0.00
UHAL,U-Haul Holding Co /NV/,0.00,0.00,0.00,0.00,0.00,0.00,0.00
SRPT,Sarepta Therapeutics Inc.,0.00,0.00,0.00,0.00,0.00,0.04,0.00
HLI,HOULIHAN LOKEY INC.,0.03,0.00,0.00,0.00,0.03,0.00,0.00
GMED,GLOBUS MEDICAL INC,0.00,0.00,0.00,0.00,0.04,0.00,0.00
WPC,W. P. Carey Inc.,0.00,0.00,0.00,0.00,0.05,0.00,0.00
RTO,RENTOKIL INITIAL PLC /FI,0.00,0.00,0.00,0.00,0.00,0.00,0.00
PRMB,Primo Brands Corp,0.00,0.00,0.00,0.00,0.00,0.00,0.00
CIEN,CIENA CORP,0.00,0.00,0.00,0.00,0.05,0.00,0.00
RBRK,Rubrik Inc.,0.00,0.00,0.00,0.00,0.00,0.00,0.00
MMYT,MakeMyTrip Ltd,0.00,0.00,0.00,0.00,0.00,0.00,0.00
NDEKY,NITTO DENKO CORP / ADR/,0.00,0.00,0.00,0.00,0.00,0.00,0.00
TECH,BIO-TECHNE Corp,0.00,0.00,0.00,0.00,0.05,0.00,0.00
CPT,CAMDEN PROPERTY TRUST,0.00,0.00,0.00,0.00,0.05,0.00,0.00
INSM,INSMED Inc,0.00,0.00,0.00,0.00,0.00,0.00,0.00
SOLV,Solventum Corp,0.00,0.00,0.00,0.00,0.04,0.00,0.00
PAYC,Paycom Software Inc.,0.00,0.00,0.00,0.00,0.02,0.02,0.00
RADX,Radiopharm Theranostics Ltd,0.00,0.00,0.00,0.00,0.00,0.00,0.00
ACI,Albertsons Companies Inc.,0.00,0.00,0.00,0.00,0.03,0.00,0.00
ROKU,ROKU INC,0.00,0.00,0.00,0.00,0.03,0.01,0.00
BCH,BANK OF CHILE,0.00,0.00,0.00,0.00,0.00,0.00,0.00
TKHVY,Turk Hava Yollari A.O.,0.00,0.00,0.00,0.00,0.00,0.00,0.00
XPEV,XPENG INC.,0.00,0.00,0.00,0.00,0.00,0.00,0.00
SSMXY,Sysmex Corporation/ADR,0.00,0.00,0.00,0.00,0.00,0.00,0.00
TKO,TKO Group Holdings Inc.,0.00,0.00,0.00,0.00,0.04,0.01,0.00
NNGRY,NN Group NV/ADR,0.00,0.00,0.00,0.00,0.00,0.00,0.00
OVV,Ovintiv Inc.,0.08,0.00,0.00,0.00,0.04,0.00,0.00
MTZ,MASTEC INC,0.00,0.00,0.00,0.00,0.04,0.00,0.00
SNX,TD SYNNEX CORP,0.02,0.00,0.00,0.00,0.04,0.00,0.00
BG,Bunge Global SA,0.00,0.00,0.00,0.00,0.04,0.00,0.00
POAHY,Porsche Automobil Holding SE / ADR,0.00,0.00,0.00,0.00,0.00,0.00,0.00
ITT,ITT INC.,0.02,0.00,0.00,0.00,0.05,0.00,0.00
CART,Maplebear Inc.,0.00,0.00,0.00,0.00,0.03,0.00,0.00
NVT,nVent Electric plc,0.03,0.00,0.00,0.00,0.05,0.00,0.00
MGA,MAGNA INTERNATIONAL INC,0.00,0.00,0.00,0.00,0.00,0.00,0.00
NDSN,NORDSON CORP,0.03,0.00,0.00,0.00,0.05,0.00,0.00
CPB,CAMPBELL'S Co,0.00,0.00,0.00,0.00,0.03,0.00,0.00
TFII,TFI International Inc.,0.00,0.00,0.00,0.00,0.00,0.00,0.00
NCLH,Norwegian Cruise Line Holdings Ltd.,0.00,0.00,0.00,0.00,0.00,0.04,0.00
JLL,JONES LANG LASALLE INC,0.00,0.00,0.00,0.00,0.03,0.01,0.00
PCOR,PROCORE TECHNOLOGIES INC.,0.00,0.00,0.00,0.00,0.00,0.03,0.00
SCI,SERVICE CORP INTERNATIONAL,0.04,0.00,0.00,0.00,0.05,0.00,0.00
JPXGY,Japan Exchange Group Inc./ADR,0.00,0.00,0.00,0.00,0.00,0.00,0.00
DAY,Dayforce Inc.,0.00,0.00,0.00,0.00,0.04,0.00,0.00
TTEK,TETRA TECH INC,0.01,0.00,0.00,0.00,0.03,0.01,0.00
COKE,Coca-Cola Consolidated Inc.,0.00,0.00,0.00,0.00,0.03,0.00,0.00
PPC,PILGRIMS PRIDE CORP,0.00,0.00,0.00,0.00,0.01,0.00,0.00
ALLE,Allegion plc,0.04,0.00,0.00,0.00,0.05,0.00,0.00
AFG,AMERICAN FINANCIAL GROUP INC,0.06,0.00,0.00,0.00,0.04,0.00,0.00
MEDP,Medpace Holdings Inc.,0.00,0.00,0.00,0.00,0.00,0.03,0.00
YMM,Full Truck Alliance Co. Ltd.,0.00,0.00,0.00,0.00,0.00,0.00,0.00
MNDY,monday.com Ltd.,0.00,0.00,0.00,0.00,0.00,0.00,0.00
TAP,MOLSON COORS BEVERAGE CO,0.00,0.00,0.00,0.00,0.04,0.00,0.00
SJM,J M SMUCKER Co,0.11,0.00,0.00,0.00,0.05,0.00,0.00
BIRK,Birkenstock Holding plc,0.00,0.00,0.00,0.00,0.00,0.00,0.00
FHN,FIRST HORIZON CORP,0.00,0.00,0.00,0.00,0.04,0.00,0.00
EMRAF,EMERA INC,0.00,0.00,0.00,0.00,0.00,0.00,0.00
PCTY,Paylocity Holding Corp,0.00,0.00,0.00,0.00,0.00,0.03,0.00
WWD,Woodward Inc.,0.00,0.00,0.00,0.00,0.04,0.00,0.00
SF,STIFEL FINANCIAL CORP,0.04,0.00,0.00,0.00,0.04,0.00,0.00
SNN,SMITH & NEPHEW PLC,0.00,0.00,0.00,0.00,0.00,0.00,0.00
SKX,SKECHERS USA INC,0.00,0.00,0.00,0.00,0.03,0.00,0.00
DTM,DT Midstream Inc.,0.00,0.00,0.00,0.00,0.04,0.00,0.00
PSO,PEARSON PLC,0.00,0.00,0.00,0.00,0.00,0.00,0.00
BWXT,BWX Technologies Inc.,0.02,0.00,0.00,0.00,0.03,0.01,0.00
LBRDA,Liberty Broadband Corp,0.00,0.00,0.00,0.00,0.00,0.00,0.00
ALLY,Ally Financial Inc.,0.00,0.00,0.00,0.00,0.04,0.01,0.00
KVYO,Klaviyo Inc.,0.00,0.00,0.00,0.00,0.00,0.00,0.00
EXAS,EXACT SCIENCES CORP,0.00,0.00,0.00,0.00,0.03,0.01,0.00
SQM,CHEMICAL & MINING CO OF CHILE INC,0.00,0.00,0.00,0.00,0.00,0.00,0.00
FUTU,Futu Holdings Ltd,0.00,0.00,0.00,0.00,0.00,0.00,0.00
TLN,Talen Energy Corp,0.00,0.00,0.00,0.00,0.00,0.00,0.00
ATR,APTARGROUP INC.,0.03,0.00,0.00,0.00,0.04,0.00,0.00
VDMCY,Vodacom Group Ltd / ADR,0.00,0.00,0.00,0.00,0.00,0.00,0.00
LECO,LINCOLN ELECTRIC HOLDINGS INC,0.04,0.00,0.00,0.00,0.03,0.01,0.00
NICE,NICE Ltd.,0.00,0.00,0.00,0.00,0.00,0.00,0.00
ALB,ALBEMARLE CORP,0.04,0.00,0.00,0.00,0.04,0.00,0.00
AIZ,ASSURANT INC.,0.04,0.00,0.00,0.00,0.05,0.00,0.00
EXEL,EXELIXIS INC.,0.00,0.00,0.00,0.00,0.01,0.03,0.00
KIKOY,Kikkoman Corp,0.00,0.00,0.00,0.00,0.00,0.00,0.00
FND,Floor & Decor Holdings Inc.,0.00,0.00,0.00,0.00,0.03,0.01,0.00
ITCI,Intra-Cellular Therapies Inc.,0.00,0.00,0.00,0.00,0.00,0.03,0.00
EMN,EASTMAN CHEMICAL CO,0.09,0.00,0.00,0.00,0.04,0.00,0.00
NLY,ANNALY CAPITAL MANAGEMENT INC,0.00,0.00,0.00,0.00,0.04,0.00,0.00
ESTC,Elastic N.V.,0.00,0.00,0.00,0.00,0.00,0.03,0.00
SEIC,SEI INVESTMENTS CO,0.03,0.00,0.00,0.00,0.03,0.00,0.00
OHI,OMEGA HEALTHCARE INVESTORS INC,0.00,0.00,0.00,0.00,0.04,0.00,0.00
WBA,Walgreens Boots Alliance Inc.,0.00,0.00,0.00,0.00,0.03,0.00,0.00
EDU,New Oriental Education & Technology Group Inc.,0.00,0.00,0.00,0.00,0.00,0.00,0.00
PAG,PENSKE AUTOMOTIVE GROUP INC.,0.02,0.00,0.00,0.00,0.01,0.00,0.00
PCVX,Vaxcyte Inc.,0.00,0.00,0.00,0.00,0.00,0.00,0.00
EVR,Evercore Inc.,0.03,0.00,0.00,0.00,0.04,0.00,0.00
BEN,FRANKLIN RESOURCES INC,0.00,0.00,0.00,0.00,0.02,0.00,0.00
CNM,Core & Main Inc.,0.00,0.00,0.00,0.00,0.01,0.02,0.00
AAON,AAON INC.,0.01,0.00,0.00,0.00,0.00,0.03,0.00
IPG,INTERPUBLIC GROUP OF COMPANIES INC.,0.00,0.41,0.00,0.00,0.04,0.00,0.00
MUSA,Murphy USA Inc.,0.01,0.00,0.00,0.00,0.00,0.03,0.00
QGEN,QIAGEN N.V.,0.00,0.00,0.00,0.00,0.00,0.00,0.00
HNGKY,HONGKONG LAND HOLDINGS LTD /FI,0.00,0.00,0.00,0.00,0.00,0.00,0.00
APG,APi Group Corp,0.00,0.00,0.00,0.00,0.03,0.00,0.00
PSN,PARSONS CORP,0.00,0.00,0.00,0.00,0.02,0.00,0.00
VFS,VinFast Auto Ltd.,0.00,0.00,0.00,0.00,0.00,0.00,0.00
MTSI,MACOM Technology Solutions Holdings Inc.,0.00,0.00,0.00,0.00,0.03,0.00,0.00
ULS,UL Solutions Inc.,0.00,0.00,0.00,0.00,0.00,0.00,0.00
SBS,COMPANHIA DE SANEAMENTO BASICO DO ESTADO DE SAO PAULO-SABESP,0.00,0.00,0.00,0.00,0.00,0.00,0.00
AOS,SMITH A O CORP,0.04,0.00,0.00,0.00,0.03,0.00,0.00
AEG,AEGON LTD.,0.00,0.00,0.00,0.00,0.00,0.00,0.00
RRX,REGAL REXNORD CORP,0.02,0.00,0.00,0.00,0.04,0.00,0.00
CACI,CACI INTERNATIONAL INC /DE/,0.00,0.00,0.00,0.00,0.04,0.00,0.00
GTLB,Gitlab Inc.,0.00,0.00,0.00,0.00,0.00,0.02,0.00
ARMK,Aramark,0.00,0.00,0.00,0.00,0.04,0.00,0.00
KNSL,Kinsale Capital Group Inc.,0.00,0.00,0.00,0.00,0.00,0.04,0.00
DOCS,Doximity Inc.,0.00,0.00,0.00,0.00,0.03,0.00,0.00
BNT,Brookfield Wealth Solutions Ltd.,0.00,0.00,0.00,0.00,0.00,0.00,0.00
WPP,WPP plc,0.00,0.00,0.00,0.00,0.00,0.00,0.00
DSGX,DESCARTES SYSTEMS GROUP INC,0.00,0.00,0.00,0.00,0.00,0.00,0.00
HTHT,H World Group Ltd,0.00,0.00,0.00,0.00,0.00,0.00,0.00
USO,United States Oil Fund LP,0.00,0.00,0.00,0.00,0.00,0.00,0.00
PEN,Penumbra Inc,0.00,0.00,0.00,0.00,0.00,0.03,0.00
TPX,TEMPUR SEALY INTERNATIONAL INC.,0.00,0.00,0.00,0.00,0.00,0.03,0.00
MGM,MGM Resorts International,0.00,0.00,0.00,0.00,0.03,0.00,0.00
UWMC,UWM Holdings Corp,0.00,0.00,0.00,0.00,0.00,0.00,0.00
CRL,CHARLES RIVER LABORATORIES INTERNATIONAL INC.,0.00,0.00,0.00,0.00,0.04,0.00,0.00
AIT,APPLIED INDUSTRIAL TECHNOLOGIES INC,0.01,0.00,0.00,0.00,0.00,0.00,0.00
AYI,ACUITY BRANDS INC,0.00,0.00,0.00,0.00,0.04,0.00,0.00
BIO,BIO-RAD LABORATORIES INC.,0.00,0.00,0.00,0.00,0.03,0.00,0.00
ALSN,Allison Transmission Holdings Inc,0.02,0.00,0.00,0.00,0.04,0.00,0.00
CCK,CROWN HOLDINGS INC.,0.00,0.00,0.00,0.00,0.04,0.00,0.00
SLV,iShares Silver Trust,0.00,0.00,0.00,0.00,0.00,0.00,0.00
FOUR,Shift4 Payments Inc.,0.00,0.00,0.00,0.00,0.00,0.02,0.00
LKQ,LKQ CORP,0.00,0.00,0.00,0.00,0.04,0.00,0.00
GL,GLOBE LIFE INC.,0.02,0.00,0.00,0.00,0.04,0.00,0.00
ALTR,Altair Engineering Inc.,0.00,0.00,0.00,0.00,0.00,0.00,0.00
SSB,SouthState Corp,0.04,0.00,0.00,0.00,0.00,0.00,0.00
PAC,Pacific Airport Group,0.00,0.00,0.00,0.00,0.00,0.00,0.00
WTRG,Essential Utilities Inc.,0.08,0.00,0.00,0.00,0.04,0.00,0.00
ALSMY,ALSTOM,0.00,0.00,0.00,0.00,0.00,0.00,0.00
ONTO,ONTO INNOVATION INC.,0.00,0.00,1.10,0.00,0.03,0.01,0.00
VNOM,Viper Energy Inc.,0.00,0.00,0.00,0.00,0.01,0.01,0.00
GNRC,GENERAC HOLDINGS INC.,0.00,0.00,0.00,0.00,0.02,0.02,0.00
DSEEY,Daiwa Securities Group Inc.,0.00,0.00,0.00,0.00,0.00,0.00,0.00
CHDN,Churchill Downs Inc,0.01,0.00,0.00,0.00,0.00,0.03,0.00
DOX,AMDOCS LTD,0.00,0.00,0.00,0.00,0.04,0.00,0.00
BLD,TopBuild Corp,0.00,0.00,0.00,0.00,0.04,0.00,0.00
PNW,PINNACLE WEST CAPITAL CORP,0.00,0.00,0.00,0.00,0.04,0.00,0.00
EDR,Endeavor Group Holdings Inc.,0.00,0.00,0.00,0.00,0.00,0.00,0.00
AA,Alcoa Corp,0.00,0.00,0.00,0.00,0.04,0.00,0.00
CRS,CARPENTER TECHNOLOGY CORP,0.00,0.00,0.00,0.00,0.00,0.00,0.00
RBC,RBC Bearings INC,0.00,0.00,0.00,0.00,0.03,0.00,0.00
RRC,RANGE RESOURCES CORP,0.00,0.00,0.00,0.00,0.04,0.00,0.00
WBS,WEBSTER FINANCIAL CORP,0.00,0.00,0.00,0.00,0.04,0.00,0.00
EHC,Encompass Health Corp,0.00,0.00,0.00,0.00,0.04,0.00,0.00
BRKR,BRUKER CORP,0.00,0.00,0.00,0.00,0.01,0.01,0.00
LCID,Lucid Group Inc.,0.00,0.00,0.00,0.00,0.01,0.00,0.00
BRBR,BELLRING BRANDS INC.,0.00,0.00,0.00,0.00,0.04,0.00,0.00
CUBE,CubeSmart,0.00,0.00,0.00,0.00,0.04,0.00,0.00
SUM,Summit Materials Inc.,0.00,0.00,0.00,0.00,0.00,0.00,0.00
ENPH,Enphase Energy Inc.,0.00,0.00,0.00,0.10,0.00,0.03,0.00
CRRFY,CARREFOUR SA,0.00,0.00,0.00,0.00,0.00,0.00,0.00
LAD,LITHIA MOTORS INC,0.01,0.00,0.00,0.00,0.04,0.00,0.00
CFLT,Confluent Inc.,0.00,0.00,0.00,0.00,0.00,0.02,0.00
GAP,GAP INC,0.00,0.00,0.00,0.00,0.02,0.00,0.00
BPYPP,Brookfield Property Partners L.P.,0.00,0.00,0.00,0.00,0.00,0.00,0.00
KAIKY,Kawasaki Kisen Kaisha Ltd,0.00,0.00,0.00,0.00,0.00,0.00,0.00
PRI,Primerica Inc.,0.03,0.00,0.00,0.00,0.04,0.00,0.00
GLOB,Globant S.A.,0.00,0.00,0.00,0.00,0.00,0.00,0.00
PTBRY,PT Bank Negara Indonesia (Persero) Tbk/ADR,0.00,0.00,0.00,0.00,0.00,0.00,0.00
WYNN,WYNN RESORTS LTD,0.00,0.00,0.00,0.00,0.03,0.00,0.00
APPF,APPFOLIO INC,0.00,0.00,0.00,0.00,0.00,0.02,0.00
DBX,DROPBOX INC.,0.00,0.00,0.00,0.00,0.02,0.01,0.00
CSXXY,carsales.com Limited/ADR,0.00,0.00,0.00,0.00,0.00,0.00,0.00
TTAN,ServiceTitan Inc.,0.00,0.00,0.00,0.00,0.00,0.00,0.00
MASI,MASIMO CORP,0.00,0.00,0.00,0.00,0.01,0.01,0.00
RDEIY,Red Electrica Corporacion SA/ADR,0.00,0.00,0.00,0.00,0.00,0.00,0.00
MLI,MUELLER INDUSTRIES INC,0.00,0.00,0.00,0.00,0.00,0.00,0.00
KEP,KOREA ELECTRIC POWER CORP,0.00,0.00,0.00,0.00,0.00,0.00,0.00
VFC,V F CORP,0.00,0.00,0.00,0.00,0.03,0.00,0.00
GLBE,Global-E Online Ltd.,0.00,0.00,0.00,0.00,0.00,0.00,0.00
RGLD,ROYAL GOLD INC,0.02,0.00,0.00,0.00,0.04,0.00,0.00
BROS,Dutch Bros Inc.,0.00,0.00,0.00,0.00,0.01,0.01,0.00
GKOS,GLAUKOS Corp,0.00,0.00,0.00,0.00,0.00,0.00,0.00
APA,APA Corp,0.00,0.34,0.00,0.00,0.03,0.00,0.00
WCC,WESCO INTERNATIONAL INC,0.00,0.00,0.00,0.00,0.03,0.00,0.00
FYBR,Frontier Communications Parent Inc.,0.00,0.00,0.00,0.00,0.04,0.00,0.00
IDKOY,IDEMITSU KOSAN CO. LTD,0.00,0.00,0.00,0.00,0.00,0.00,0.00
WMS,ADVANCED DRAINAGE SYSTEMS INC.,0.01,0.00,0.00,0.00,0.02,0.01,0.00
BMA,Macro Bank Inc.,0.00,0.00,0.00,0.00,0.00,0.00,0.00
FRT,FEDERAL REALTY INVESTMENT TRUST,0.00,0.00,0.00,0.00,0.04,0.00,0.00
DRS,Leonardo DRS Inc.,0.00,0.00,0.00,0.00,0.00,0.00,0.00
HSIC,HENRY SCHEIN INC,0.00,0.00,0.00,0.00,0.04,0.00,0.00
STN,STANTEC INC,0.00,0.00,0.00,0.00,0.00,0.00,0.00
PNFP,PINNACLE FINANCIAL PARTNERS INC,0.00,0.00,0.00,0.00,0.04,0.00,0.00
BSAC,BANCO SANTANDER CHILE,0.00,0.00,0.00,0.00,0.00,0.00,0.00
HQY,HEALTHEQUITY INC.,0.00,0.00,0.00,0.00,0.00,0.00,0.00
NIO,NIO Inc.,0.00,0.00,0.00,0.00,0.00,0.00,0.00
RGEN,REPLIGEN CORP,0.00,0.00,0.00,0.00,0.03,0.00,0.00
CR,Crane Co,0.00,0.00,0.00,0.00,0.03,0.00,0.00
LW,Lamb Weston Holdings Inc.,0.05,0.00,0.00,0.00,0.03,0.01,0.00
U,Unity Software Inc.,0.00,0.00,0.00,0.00,0.02,0.01,0.00
AES,AES CORP,0.00,0.00,0.00,0.00,0.04,0.00,0.00
WAL,WESTERN ALLIANCE BANCORPORATION,0.04,0.00,0.00,0.00,0.04,0.00,0.00
ALK,ALASKA AIR GROUP INC.,0.00,0.00,0.00,0.00,0.03,0.00,0.00
BILL,BILL Holdings Inc.,0.00,0.00,0.00,0.00,0.03,0.01,0.00
REXR,Rexford Industrial Realty Inc.,0.00,0.00,0.00,0.00,0.04,0.00,0.00
FBIN,Fortune Brands Innovations Inc.,0.03,0.00,0.00,0.00,0.03,0.00,0.00
INGR,Ingredion Inc,0.05,0.00,0.00,0.00,0.04,0.00,0.00
KD,Kyndryl Holdings Inc.,0.00,0.00,0.00,0.00,0.03,0.00,0.00
PLNT,Planet Fitness Inc.,0.00,0.00,0.00,0.00,0.02,0.02,0.00
CFR,CULLEN/FROST BANKERS INC.,0.06,0.00,0.00,0.00,0.03,0.00,0.00
ORI,OLD REPUBLIC INTERNATIONAL CORP,0.06,0.00,0.00,0.00,0.04,0.00,0.00
IHICY,IHI Corporation/ADR,0.00,0.00,0.00,0.00,0.00,0.00,0.00
KNX,Knight-Swift Transportation Holdings Inc.,0.02,0.00,0.00,0.00,0.03,0.00,0.00
GTLS,CHART INDUSTRIES INC,0.00,0.00,0.00,0.00,0.00,0.00,0.00
NYT,NEW YORK TIMES CO,0.02,0.00,0.00,0.00,0.03,0.00,0.00
AGI,ALAMOS GOLD INC,0.00,0.00,0.00,0.00,0.00,0.00,0.00
FN,Fabrinet,0.00,0.00,0.00,0.00,0.00,0.00,0.00
FLR,FLUOR CORP,0.00,0.00,0.00,0.00,0.00,0.00,0.00
WTFC,WINTRUST FINANCIAL CORP,0.03,0.00,0.00,0.00,0.03,0.00,0.00
CBSH,COMMERCE BANCSHARES INC /MO/,0.03,0.00,0.00,0.00,0.03,0.00,0.00
CX,CEMEX SAB DE CV,0.00,0.00,0.00,0.00,0.00,0.00,0.00
HESM,Hess Midstream LP,0.00,0.00,0.00,0.00,0.00,0.00,0.00
JCYGY,Jardine Cycle & Carriage Ltd.,0.00,0.00,0.00,0.00,0.00,0.00,0.00
VERX,Vertex Inc.,0.00,0.00,0.00,0.00,0.00,0.00,0.00
TFX,TELEFLEX INC,0.00,0.00,0.00,0.00,0.03,0.00,0.00
LTM,LATAM AIRLINES GROUP S.A.,0.00,0.00,0.00,0.00,0.00,0.00,0.00
AGNC,AGNC Investment Corp.,0.00,0.00,0.00,0.00,0.03,0.00,0.00
ANF,ABERCROMBIE & FITCH CO /DE/,0.00,0.00,0.00,0.00,0.00,0.00,0.00
MKTX,MARKETAXESS HOLDINGS INC,0.03,0.00,0.00,0.00,0.03,0.00,0.00
PEGA,PEGASYSTEMS INC,0.00,0.00,0.00,0.00,0.00,0.01,0.00
EBCOY,EBARA CORP /ADR/,0.00,0.00,0.00,0.00,0.00,0.00,0.00
WING,Wingstop Inc.,0.01,0.00,0.00,0.00,0.00,0.03,0.00
UUGRY,United Utilities Group plc,0.00,0.00,0.00,0.00,0.00,0.00,0.00
SKM,SK TELECOM CO LTD,0.00,0.00,0.00,0.00,0.00,0.00,0.00
OGE,OGE ENERGY CORP.,0.08,0.00,0.00,0.00,0.03,0.00,0.00
PAAS,PAN AMERICAN SILVER CORP,0.00,0.00,0.00,0.00,0.00,0.00,0.00
HAS,HASBRO INC.,0.00,0.00,0.00,0.00,0.00,0.02,0.00
DCI,DONALDSON Co INC,0.03,0.00,0.00,0.00,0.03,0.00,0.00
CMA,COMERICA INC /NEW/,0.00,0.33,0.00,0.00,0.03,0.00,0.00
CIB,BANCOLOMBIA SA,0.00,0.00,0.00,0.00,0.00,0.00,0.00
EXP,EAGLE MATERIALS INC,0.00,0.00,0.00,0.00,0.01,0.02,0.00
SMAR,SMARTSHEET INC,0.00,0.00,0.00,0.00,0.00,0.03,0.00
GPK,GRAPHIC PACKAGING HOLDING CO,0.00,0.00,0.00,0.00,0.03,0.00,0.00
ATI,ATI INC,0.00,0.00,0.00,0.00,0.03,0.00,0.00
FSV,FirstService Corp,0.00,0.00,0.00,0.00,0.00,0.00,0.00
MOS,MOSAIC CO,0.06,0.00,0.00,0.00,0.03,0.00,0.00
BBWI,Bath & Body Works Inc.,0.00,0.00,0.00,0.00,0.03,0.00,0.00
BRX,Brixmor Property Group Inc.,0.00,0.00,0.00,0.00,0.03,0.00,0.00
ZION,ZIONS BANCORPORATION NATIONAL ASSOCIATION /UT/,0.06,0.32,0.00,0.00,0.03,0.00,0.00
BCUCY,Brunello Cucinelli S.p.A./ADR,0.00,0.00,0.00,0.00,0.00,0.00,0.00
CHE,CHEMED CORP,0.01,0.00,0.00,0.00,0.03,0.00,0.00
TTC,TORO CO,0.03,0.00,0.00,0.00,0.03,0.00,0.00
VNO,VORNADO REALTY TRUST,0.00,0.00,0.00,0.00,0.03,0.00,0.00
FRHC,Freedom Holding Corp.,0.00,0.00,0.00,0.00,0.00,0.00,0.00
WF,WOORI FINANCIAL GROUP INC.,0.00,0.00,0.00,0.00,0.00,0.00,0.00
WH,WYNDHAM HOTELS & RESORTS INC.,0.00,0.00,0.00,0.00,0.03,0.00,0.00
KBR,KBR INC.,0.02,0.00,0.00,0.00,0.03,0.00,0.00
HLNE,Hamilton Lane INC,0.02,0.00,0.00,0.00,0.00,0.00,0.00
ASR,SOUTHEAST AIRPORT GROUP,0.00,0.00,0.00,0.00,0.00,0.00,0.00
SARO,StandardAero Inc.,0.00,0.00,0.00,0.00,0.01,0.00,0.00
MTCH,Match Group Inc.,0.00,0.00,0.00,0.00,0.03,0.00,0.00
ROIV,Roivant Sciences Ltd.,0.00,0.00,0.00,0.00,0.02,0.00,0.00
RVMD,Revolution Medicines Inc.,0.00,0.00,0.00,0.00,0.00,0.00,0.00
NBIS,Nebius Group N.V.,0.00,0.00,0.00,0.00,0.00,0.00,0.00
DJT,Trump Media & Technology Group Corp.,0.00,0.00,0.00,0.00,0.00,0.01,0.00
EGP,EASTGROUP PROPERTIES INC,0.00,0.00,0.00,0.00,0.03,0.00,0.00
X,UNITED STATES STEEL CORP,0.00,0.00,0.00,0.00,0.03,0.00,0.00
FLS,FLOWSERVE CORP,0.00,0.00,0.00,0.00,0.03,0.00,0.00
INFA,Informatica Inc.,0.00,0.00,0.00,0.00,0.01,0.00,0.00
ASND,Ascendis Pharma A/S,0.00,0.00,0.00,0.00,0.00,0.00,0.00
KT,KT CORP,0.00,0.00,0.00,0.00,0.00,0.00,0.00
LSCC,LATTICE SEMICONDUCTOR CORP,0.00,0.00,0.91,0.00,0.00,0.02,0.00
RH,RH,0.00,0.00,0.00,0.00,0.02,0.00,0.00
G,Genpact LTD,0.02,0.00,0.00,0.00,0.03,0.00,0.00
MTDR,Matador Resources Co,0.00,0.00,0.00,0.00,0.03,0.00,0.00
BERY,BERRY GLOBAL GROUP INC.,0.00,0.00,0.00,0.00,0.03,0.00,0.00
CHRD,Chord Energy Corp,0.00,0.00,0.00,0.00,0.03,0.00,0.00
CAE,CAE INC,0.00,0.00,0.00,0.00,0.00,0.00,0.00
MNSO,MINISO Group Holding Ltd,0.00,0.00,0.00,0.00,0.00,0.00,0.00
OUKPY,Outotec OYJ,0.00,0.00,0.00,0.00,0.00,0.00,0.00
LNW,Light & Wonder Inc.,0.00,0.00,0.00,0.00,0.00,0.03,0.00
PARA,Paramount Global,0.00,0.00,0.00,0.00,0.03,0.00,0.00
ENSG,ENSIGN GROUP INC,0.00,0.00,0.00,0.00,0.00,0.00,0.00
AM,Antero Midstream Corp,0.00,0.00,0.00,0.00,0.01,0.01,0.00
MHK,MOHAWK INDUSTRIES INC,0.00,0.00,0.00,0.00,0.03,0.00,0.00
GIL,Gildan Activewear Inc.,0.00,0.00,0.00,0.00,0.00,0.00,0.00
ADC,AGREE REALTY CORP,0.00,0.00,0.00,0.00,0.03,0.00,0.00
HII,HUNTINGTON INGALLS INDUSTRIES INC.,0.05,0.00,0.00,0.00,0.03,0.00,0.00
AXTA,Axalta Coating Systems Ltd.,0.00,0.00,0.00,0.00,0.03,0.00,0.00
IVZ,Invesco Ltd.,0.00,0.00,0.00,0.00,0.03,0.00,0.00
LPX,LOUISIANA-PACIFIC CORP,0.02,0.00,0.00,0.00,0.01,0.02,0.00
JAZZ,Jazz Pharmaceuticals plc,0.00,0.00,0.00,0.00,0.03,0.00,0.00
MKSI,MKS INSTRUMENTS INC,0.00,0.00,0.89,0.00,0.03,0.00,0.00
MDGL,MADRIGAL PHARMACEUTICALS INC.,0.00,0.00,0.00,0.00,0.00,0.00,0.00
HRB,H&R BLOCK INC,0.05,0.29,0.00,0.00,0.02,0.01,0.00
OTEX,OPEN TEXT CORP,0.00,0.00,0.00,0.00,0.00,0.00,0.00
ALV,AUTOLIV INC,0.00,0.00,0.00,0.00,0.00,0.00,0.00
DLB,Dolby Laboratories Inc.,0.00,0.00,0.00,0.00,0.02,0.00,0.00
CCCS,CCC Intelligent Solutions Holdings Inc.,0.00,0.00,0.00,0.00,0.02,0.00,0.00
S,SentinelOne Inc.,0.00,0.00,0.00,0.00,0.02,0.00,0.00
EXLS,ExlService Holdings Inc.,0.00,0.00,0.00,0.00,0.00,0.00,0.00
MIDD,MIDDLEBY Corp,0.00,0.00,0.00,0.00,0.03,0.00,0.00
SNV,SYNOVUS FINANCIAL CORP,0.05,0.30,0.00,0.00,0.03,0.00,0.00
AXS,AXIS CAPITAL HOLDINGS LTD,0.03,0.00,0.00,0.00,0.03,0.00,0.00
CE,Celanese Corp,0.00,0.00,0.00,0.00,0.02,0.01,0.00
PATH,UiPath Inc.,0.00,0.00,0.00,0.00,0.00,0.02,0.00
NNN,NNN REIT INC.,0.00,0.00,0.00,0.00,0.03,0.00,0.00
SIRI,SIRIUS XM HOLDINGS INC.,0.00,0.00,0.00,0.00,0.02,0.00,0.00
ELF,e.l.f. Beauty Inc.,0.00,0.00,0.00,0.00,0.00,0.02,0.00
DDS,DILLARD'S INC.,0.00,0.00,0.00,0.00,0.01,0.00,0.00
STEP,StepStone Group Inc.,0.00,0.00,0.00,0.00,0.00,0.00,0.00
ONB,OLD NATIONAL BANCORP /IN/,0.00,0.00,0.00,0.00,0.00,0.00,0.00
OLED,UNIVERSAL DISPLAY CORP \PA\,0.02,0.00,0.79,0.00,0.01,0.01,0.00
IONQ,IonQ Inc.,0.00,0.00,0.00,0.00,0.00,0.00,0.00
HCP,HashiCorp Inc.,0.00,0.00,0.00,0.00,0.00,0.01,0.00
LEVI,LEVI STRAUSS & CO,0.00,0.00,0.00,0.00,0.00,0.00,0.00
FRPT,Freshpet Inc.,0.00,0.00,0.00,0.00,0.02,0.01,0.00
ESAB,ESAB Corp,0.00,0.00,0.00,0.00,0.03,0.00,0.00
PB,PROSPERITY BANCSHARES INC,0.05,0.00,0.00,0.00,0.03,0.00,0.00
SUN,Sunoco LP,0.00,0.00,0.00,0.00,0.00,0.00,0.00
TREX,TREX CO INC,0.00,0.00,0.00,0.00,0.00,0.03,0.00
FCN,FTI CONSULTING INC,0.00,0.00,0.00,0.00,0.03,0.00,0.00
ERJ,EMBRAER S.A.,0.00,0.00,0.00,0.00,0.00,0.00,0.00
BZZUY,BUZZI UNICEM S.p.A.,0.00,0.00,0.00,0.00,0.00,0.00,0.00
BXSL,Blackstone Secured Lending Fund,0.00,0.00,0.00,0.00,0.00,0.00,0.00
ZK,ZEEKR Intelligent Technology Holding Ltd,0.00,0.00,0.00,0.00,0.00,0.00,0.00
CWST,CASELLA WASTE SYSTEMS INC,0.00,0.00,0.00,0.00,0.00,0.00,0.00
LKNCY,Luckin Coffee Inc.,0.00,0.00,0.00,0.00,0.00,0.00,0.00
RHI,ROBERT HALF INC.,0.05,0.28,0.00,0.00,0.03,0.00,0.00
RLI,RLI CORP,0.01,0.00,0.00,0.00,0.03,0.00,0.00
AN,AUTONATION INC.,0.00,0.00,0.00,0.00,0.02,0.00,0.00
QRVO,Qorvo Inc.,0.00,0.00,0.79,0.00,0.03,0.00,0.00
JOBY,Joby Aviation Inc.,0.00,0.00,0.00,0.00,0.00,0.00,0.00
BWA,BORGWARNER INC,0.00,0.00,0.00,0.00,0.03,0.00,0.00
AGCO,AGCO CORP /DE,0.02,0.00,0.00,0.00,0.02,0.00,0.00
CWAN,Clearwater Analytics Holdings Inc.,0.00,0.00,0.00,0.00,0.00,0.00,0.00
WEX,WEX Inc.,0.00,0.00,0.00,0.00,0.03,0.00,0.00
LOAR,Loar Holdings Inc.,0.00,0.00,0.00,0.00,0.00,0.01,0.00
HALO,HALOZYME THERAPEUTICS INC.,0.00,0.00,0.00,0.00,0.00,0.00,0.00
CVLT,COMMVAULT SYSTEMS INC,0.00,0.00,0.00,0.00,0.00,0.00,0.00
WFG,WEST FRASER TIMBER CO. LTD,0.00,0.00,0.00,0.00,0.00,0.00,0.00
ICL,ICL Group Ltd.,0.00,0.00,0.00,0.00,0.00,0.00,0.00
MOG-A,MOOG INC.,0.00,0.00,0.00,0.00,0.00,0.00,0.00
SPSC,SPS COMMERCE INC,0.00,0.00,0.00,0.00,0.00,0.00,0.00
DINO,HF Sinclair Corp,0.00,0.22,0.00,0.00,0.02,0.00,0.00
BRRLY,Barry Callebaut AG/ADR,0.00,0.00,0.00,0.00,0.00,0.00,0.00
BOKF,BOK FINANCIAL CORP,0.01,0.00,0.00,0.00,0.01,0.00,0.00
LNTH,Lantheus Holdings Inc.,0.00,0.00,0.00,0.00,0.00,0.00,0.00
CZR,Caesars Entertainment Inc.,0.00,0.00,0.00,0.00,0.03,0.00,0.00
VIPS,Vipshop Holdings Ltd,0.00,0.00,0.00,0.00,0.00,0.00,0.00
BILI,Bilibili Inc.,0.00,0.00,0.00,0.00,0.00,0.00,0.00
BFAM,BRIGHT HORIZONS FAMILY SOLUTIONS INC.,0.00,0.00,0.00,0.00,0.02,0.00,0.00
SATS,EchoStar CORP,0.00,0.00,0.00,0.00,0.00,0.00,0.00
MTN,VAIL RESORTS INC,0.00,0.26,0.00,0.00,0.01,0.02,0.00
SSD,Simpson Manufacturing Co. Inc.,0.01,0.00,0.00,0.00,0.03,0.00,0.00
CHH,CHOICE HOTELS INTERNATIONAL INC /DE,0.00,0.00,0.00,0.00,0.00,0.01,0.00
UFPI,UFP INDUSTRIES INC,0.02,0.00,0.00,0.00,0.00,0.00,0.00
BPOP,POPULAR INC.,0.04,0.00,0.00,0.00,0.02,0.00,0.00
FR,FIRST INDUSTRIAL REALTY TRUST INC,0.00,0.00,0.00,0.00,0.03,0.00,0.00
PDI,PIMCO Dynamic Income Fund,0.00,0.00,0.00,0.00,0.00,0.00,0.00
CIGI,Colliers International Group Inc.,0.00,0.00,0.00,0.00,0.00,0.00,0.00
OS,OneStream Inc.,0.00,0.00,0.00,0.00,0.00,0.00,0.00
R,RYDER SYSTEM INC,0.03,0.00,0.00,0.00,0.03,0.00,0.00
ENLC,EnLink Midstream LLC,0.00,0.00,0.00,0.00,0.00,0.00,0.00
WTS,WATTS WATER TECHNOLOGIES INC,0.01,0.00,0.00,0.00,0.00,0.00,0.00
JHG,JANUS HENDERSON GROUP PLC,0.00,0.21,0.00,0.00,0.02,0.00,0.00
WHR,WHIRLPOOL CORP /DE/,0.00,0.25,0.00,0.00,0.03,0.00,0.00
WSC,WillScot Holdings Corp,0.00,0.00,0.00,0.00,0.02,0.01,0.00
CMS-PB,CONSUMERS ENERGY CO,0.00,0.00,0.00,0.00,0.00,0.00,0.00
OLLI,Ollie's Bargain Outlet Holdings Inc.,0.00,0.00,0.00,0.00,0.03,0.00,0.00
QXO,QXO Inc.,0.00,0.00,0.00,0.00,0.00,0.00,0.00
AZEK,AZEK Co Inc.,0.00,0.00,0.00,0.00,0.01,0.02,0.00
UELMO,UNION ELECTRIC CO,0.00,0.00,0.00,0.00,0.00,0.00,0.00
WAY,Waystar Holding Corp.,0.00,0.00,0.00,0.00,0.00,0.00,0.00
CROX,Crocs Inc.,0.00,0.00,0.00,0.00,0.02,0.00,0.00
ASTS,AST SpaceMobile Inc.,0.00,0.00,0.00,0.00,0.00,0.00,0.00
SPXC,SPX Technologies Inc.,0.00,0.00,0.00,0.00,0.00,0.00,0.00
STWD,STARWOOD PROPERTY TRUST INC.,0.00,0.00,0.00,0.00,0.02,0.00,0.00
VOYA,Voya Financial Inc.,0.04,0.00,0.00,0.00,0.03,0.00,0.00
CELH,Celsius Holdings Inc.,0.00,0.00,0.00,0.00,0.00,0.02,0.00
BECN,BEACON ROOFING SUPPLY INC,0.00,0.00,0.00,0.00,0.00,0.00,0.00
AMKR,AMKOR TECHNOLOGY INC.,0.00,0.00,0.00,0.00,0.01,0.00,0.00
NVMI,NOVA LTD.,0.00,0.00,0.00,0.00,0.00,0.00,0.00
CGNX,COGNEX CORP,0.01,0.00,0.00,0.00,0.02,0.00,0.00
MAT,MATTEL INC /DE/,0.00,0.00,0.00,0.00,0.02,0.00,0.00
STVN,Stevanato Group S.p.A.,0.00,0.00,0.00,0.00,0.00,0.00,0.00
BLCO,Bausch & Lomb Corp,0.00,0.00,0.00,0.00,0.00,0.00,0.00
BYD,BOYD GAMING CORP,0.00,0.00,0.00,0.00,0.02,0.00,0.00
BRFS,BRF S.A.,0.00,0.00,0.00,0.00,0.00,0.00,0.00
LEGN,Legend Biotech Corp,0.00,0.00,0.00,0.00,0.00,0.00,0.00
MOD,MODINE MANUFACTURING CO,0.00,0.00,0.00,0.00,0.00,0.00,0.00
JXN,Jackson Financial Inc.,0.00,0.00,0.00,0.00,0.00,0.00,0.00
EAT,BRINKER INTERNATIONAL INC,0.00,0.00,0.00,0.00,0.00,0.00,0.00
FMC,FMC CORP,0.00,0.00,0.00,0.00,0.03,0.00,0.00
MSA,MSA Safety Inc,0.02,0.00,0.00,0.00,0.03,0.00,0.00
POST,Post Holdings Inc.,0.00,0.00,0.00,0.00,0.02,0.00,0.00
CADE,Cadence Bank,0.02,0.00,0.00,0.00,0.00,0.00,0.00
AWI,ARMSTRONG WORLD INDUSTRIES INC,0.01,0.00,0.00,0.00,0.02,0.01,0.00
ESI,Element Solutions Inc,0.00,0.00,0.00,0.00,0.02,0.00,0.00
NGKSY,NGK Spark Plug Co. Ltd.,0.00,0.00,0.00,0.00,0.00,0.00,0.00
ADOOY,Adaro Energy PT/ADR/,0.00,0.00,0.00,0.00,0.00,0.00,0.00
BMI,BADGER METER INC,0.01,0.00,0.00,0.00,0.00,0.00,0.00
ADT,ADT Inc.,0.00,0.00,0.00,0.00,0.01,0.00,0.00
INSP,Inspire Medical Systems Inc.,0.00,0.00,0.00,0.00,0.00,0.02,0.00
ZWS,Zurn Elkay Water Solutions Corp,0.00,0.00,0.00,0.00,0.00,0.00,0.00
CSWI,CSW INDUSTRIALS INC.,0.00,0.00,0.00,0.00,0.00,0.00,0.00
FNMA,FEDERAL NATIONAL MORTGAGE ASSOCIATION FANNIE MAE,0.00,0.00,0.00,0.00,0.00,0.00,0.00
TMHC,Taylor Morrison Home Corp,0.00,0.00,0.00,0.00,0.00,0.00,0.00
GNTX,GENTEX CORP,0.03,0.00,0.00,0.00,0.03,0.00,0.00
OMF,OneMain Holdings Inc.,0.00,0.00,0.00,0.00,0.02,0.00,0.00
ALTM,Arcadium Lithium plc,0.00,0.00,0.00,0.00,0.00,0.00,0.00
PAM,Pampa Energy Inc.,0.00,0.00,0.00,0.00,0.00,0.00,0.00
NXT,Nextracker Inc.,0.00,0.00,0.00,0.00,0.00,0.00,0.00
RHP,Ryman Hospitality Properties Inc.,0.00,0.00,0.00,0.00,0.00,0.00,0.00
UGI,UGI CORP /PA/,0.00,0.00,0.00,0.00,0.03,0.00,0.00
PJT,PJT Partners Inc.,0.00,0.00,0.00,0.00,0.00,0.00,0.00
MARA,MARA Holdings Inc.,0.00,0.00,0.00,0.00,0.00,0.00,0.00
HMY,HARMONY GOLD MINING CO LTD,0.00,0.00,0.00,0.00,0.00,0.00,0.00
VMI,VALMONT INDUSTRIES INC,0.01,0.00,0.00,0.00,0.03,0.00,0.00
STAG,STAG Industrial Inc.,0.00,0.00,0.00,0.00,0.03,0.00,0.00
XP,XP Inc.,0.00,0.00,0.00,0.00,0.00,0.00,0.00
RMBS,RAMBUS INC,0.00,0.00,0.00,0.00,0.00,0.00,0.00
KEX,KIRBY CORP,0.00,0.00,0.00,0.00,0.03,0.00,0.00
FSK,FS KKR Capital Corp,0.00,0.00,0.00,0.00,0.00,0.00,0.00
FAF,First American Financial Corp,0.05,0.00,0.00,0.00,0.03,0.00,0.00
SPXSY,Spirax-Sarco Engineering PLC/ADR,0.00,0.00,0.00,0.00,0.00,0.00,0.00
COLD,AMERICOLD REALTY TRUST,0.00,0.00,0.00,0.00,0.03,0.00,0.00
ARW,ARROW ELECTRONICS INC.,0.00,0.00,0.00,0.00,0.02,0.00,0.00
TEM,Tempus AI Inc.,0.00,0.00,0.00,0.00,0.00,0.00,0.00
TKC,TURKCELL ILETISIM HIZMETLERI A S,0.00,0.00,0.00,0.00,0.00,0.00,0.00
COOP,Mr. Cooper Group Inc.,0.00,0.00,0.00,0.00,0.00,0.00,0.00
LFUS,LITTELFUSE INC /DE,0.02,0.00,0.00,0.00,0.02,0.00,0.00
LSTR,LANDSTAR SYSTEM INC,0.01,0.00,0.00,0.00,0.02,0.00,0.00
ETSY,ETSY INC,0.00,0.00,0.00,0.00,0.01,0.01,0.00
WK,WORKIVA INC,0.00,0.00,0.00,0.00,0.00,0.00,0.00
OSK,OSHKOSH CORP,0.03,0.00,0.00,0.00,0.03,0.00,0.00
CRK,COMSTOCK RESOURCES INC,0.00,0.00,0.00,0.00,0.00,0.00,0.00
BBAR,Banco BBVA Argentina S.A.,0.00,0.00,0.00,0.00,0.00,0.00,0.00
COTY,COTY INC.,0.00,0.00,0.00,0.00,0.01,0.00,0.00
DAR,DARLING INGREDIENTS INC.,0.00,0.00,0.00,0.00,0.02,0.00,0.00
MTG,MGIC INVESTMENT CORP,0.03,0.00,0.00,0.00,0.03,0.00,0.00
ESNT,Essent Group Ltd.,0.03,0.00,0.00,0.00,0.00,0.00,0.00
LITE,Lumentum Holdings Inc.,0.00,0.00,0.00,0.00,0.02,0.00,0.00
TRNO,Terreno Realty Corp,0.00,0.00,0.00,0.00,0.00,0.00,0.00
SITE,SiteOne Landscape Supply Inc.,0.00,0.00,0.00,0.00,0.02,0.01,0.00
SLM,SLM Corp,0.00,0.00,0.00,0.00,0.02,0.00,0.00
SMTC,SEMTECH CORP,0.00,0.00,0.00,0.00,0.00,0.00,0.00
OBDC,Blue Owl Capital Corp,0.00,0.00,0.00,0.00,0.00,0.00,0.00
SAIC,Science Applications International Corp,0.00,0.00,0.00,0.00,0.02,0.00,0.00
DUFRY,Dufry AG/ADR,0.00,0.00,0.00,0.00,0.00,0.00,0.00
LB,LandBridge Co LLC,0.00,0.00,0.00,0.00,0.00,0.00,0.00
IDA,IDACORP INC,0.04,0.00,0.00,0.00,0.02,0.00,0.00
TSEM,TOWER SEMICONDUCTOR LTD,0.00,0.00,0.00,0.00,0.00,0.00,0.00
FUPBY,Fuchs Petrolub SE/ADR,0.00,0.00,0.00,0.00,0.00,0.00,0.00
FSS,FEDERAL SIGNAL CORP /DE/,0.00,0.00,0.00,0.00,0.00,0.00,0.00
SRAD,Sportradar Group AG,0.00,0.00,0.00,0.00,0.00,0.00,0.00
NFG,NATIONAL FUEL GAS CO,0.05,0.00,0.00,0.00,0.02,0.00,0.00
HR,Healthcare Realty Trust Inc,0.00,0.00,0.00,0.00,0.02,0.00,0.00
ELAN,Elanco Animal Health Inc,0.00,0.00,0.00,0.00,0.02,0.00,0.00
MMSI,MERIT MEDICAL SYSTEMS INC,0.00,0.00,0.00,0.00,0.00,0.00,0.00
GRFS,Grifols SA,0.00,0.00,0.00,0.00,0.00,0.00,0.00
QFIN,Qifu Technology Inc.,0.00,0.00,0.00,0.00,0.00,0.00,0.00
TGS,GAS TRANSPORTER OF THE SOUTH INC,0.00,0.00,0.00,0.00,0.00,0.00,0.00
FIVE,FIVE BELOW INC,0.00,0.00,0.00,0.00,0.01,0.02,0.00
GPI,GROUP 1 AUTOMOTIVE INC,0.01,0.00,0.00,0.00,0.00,0.00,0.00
BZ,Kanzhun Ltd,0.00,0.00,0.00,0.00,0.00,0.00,0.00
NOV,NOV Inc.,0.00,0.00,0.00,0.00,0.02,0.00,0.00
TX,Ternium S.A.,0.00,0.00,0.00,0.00,0.00,0.00,0.00
TAL,TAL Education Group,0.00,0.00,0.00,0.00,0.00,0.00,0.00
PVH,PVH CORP. /DE/,0.00,0.00,0.00,0.00,0.02,0.00,0.00
RITM,Rithm Capital Corp.,0.00,0.00,0.00,0.00,0.02,0.00,0.00
BPMC,Blueprint Medicines Corp,0.00,0.00,0.00,0.00,0.00,0.00,0.00
AMTM,Amentum Holdings Inc.,0.00,0.00,0.00,0.00,0.01,0.00,0.00
HIMS,Hims & Hers Health Inc.,0.00,0.00,0.00,0.00,0.00,0.00,0.00
W,Wayfair Inc.,0.00,0.00,0.00,0.00,0.02,0.00,0.00
GGB,GERDAU S.A.,0.00,0.00,0.00,0.00,0.00,0.00,0.00
YKLTY,Yakult Honsha Co. LTD/ADR,0.00,0.00,0.00,0.00,0.00,0.00,0.00
SMBMY,SembCorp Marine Ltd.,0.00,0.00,0.00,0.00,0.00,0.00,0.00
CYTK,CYTOKINETICS INC,0.00,0.00,0.00,0.00,0.00,0.00,0.00
COLB,COLUMBIA BANKING SYSTEM INC.,0.00,0.22,0.00,0.00,0.02,0.00,0.00
TIMB,TIM S.A.,0.00,0.00,0.00,0.00,0.00,0.00,0.00
SHAK,Shake Shack Inc.,0.00,0.00,0.00,0.00,0.00,0.00,0.00
BE,Bloom Energy Corp,0.00,0.00,0.00,0.00,0.00,0.00,0.00
REYN,Reynolds Consumer Products Inc.,0.00,0.00,0.00,0.00,0.01,0.00,0.00
CRVL,CORVEL CORP,0.00,0.00,0.00,0.00,0.00,0.00,0.00
SIGI,SELECTIVE INSURANCE GROUP INC,0.02,0.00,0.00,0.00,0.00,0.00,0.00
BBIO,BridgeBio Pharma Inc.,0.00,0.00,0.00,0.00,0.00,0.00,0.00
CIG,ENERGY CO OF MINAS GERAIS,0.00,0.00,0.00,0.00,0.00,0.00,0.00
MEJHY,MEIJI Holdings Co Ltd/ADR,0.00,0.00,0.00,0.00,0.00,0.00,0.00
LUMN,Lumen Technologies Inc.,0.00,0.00,0.00,0.00,0.00,0.00,0.00
VIRT,Virtu Financial Inc.,0.00,0.00,0.00,0.00,0.01,0.00,0.00
VNT,Vontier Corp,0.00,0.00,0.00,0.00,0.02,0.00,0.00
ACIW,ACI WORLDWIDE INC.,0.00,0.00,0.00,0.00,0.00,0.00,0.00
GBCI,GLACIER BANCORP INC.,0.00,0.00,0.00,0.00,0.00,0.00,0.00
KNF,Knife River Corp,0.00,0.00,0.00,0.00,0.00,0.00,0.00
SLGN,SILGAN HOLDINGS INC,0.02,0.00,0.00,0.00,0.02,0.00,0.00
HOMB,HOME BANCSHARES INC,0.04,0.00,0.00,0.00,0.00,0.00,0.00
ERELY,Eregli Demir ve Celik Fabrikalari TAS/ADR,0.00,0.00,0.00,0.00,0.00,0.00,0.00
QTWO,Q2 Holdings Inc.,0.00,0.00,0.00,0.00,0.00,0.00,0.00
EPRT,ESSENTIAL PROPERTIES REALTY TRUST INC.,0.00,0.00,0.00,0.00,0.00,0.00,0.00
MTH,Meritage Homes CORP,0.00,0.00,0.00,0.00,0.00,0.00,0.00
NUVL,Nuvalent Inc.,0.00,0.00,0.00,0.00,0.00,0.00,0.00
NSA,National Storage Affiliates Trust,0.00,0.00,0.00,0.00,0.01,0.00,0.00
CMC,COMMERCIAL METALS Co,0.00,0.00,0.00,0.00,0.00,0.00,0.00
SITM,SITIME Corp,0.00,0.00,0.00,0.00,0.00,0.00,0.00
LYFT,Lyft Inc.,0.00,0.00,0.00,0.00,0.01,0.01,0.00
GATX,GATX CORP,0.02,0.00,0.00,0.00,0.00,0.00,0.00
CRUS,CIRRUS LOGIC INC.,0.00,0.00,0.00,0.00,0.02,0.00,0.00
CACC,CREDIT ACCEPTANCE CORP,0.00,0.00,0.00,0.00,0.00,0.01,0.00
UMBF,UMB FINANCIAL CORP,0.02,0.00,0.00,0.00,0.00,0.00,0.00
NOVT,NOVANTA INC,0.00,0.00,0.00,0.00,0.00,0.00,0.00
VG,Venture Global Inc.,0.00,0.00,0.00,0.00,0.00,0.00,0.00
THG,HANOVER INSURANCE GROUP INC.,0.03,0.00,0.00,0.00,0.02,0.00,0.00
AMG,AFFILIATED MANAGERS GROUP INC.,0.00,0.00,0.00,0.00,0.02,0.00,0.00
GDS,GDS Holdings Ltd,0.00,0.00,0.00,0.00,0.00,0.00,0.00
PSLV,Sprott Physical Silver Trust,0.00,0.00,0.00,0.00,0.00,0.00,0.00
UPST,Upstart Holdings Inc.,0.00,0.00,0.00,0.00,0.00,0.00,0.00
HXL,HEXCEL CORP /DE/,0.00,0.00,0.00,0.00,0.02,0.00,0.00
URBN,URBAN OUTFITTERS INC,0.00,0.00,0.00,0.00,0.00,0.00,0.00
IONS,IONIS PHARMACEUTICALS INC,0.00,0.00,0.00,0.00,0.00,0.02,0.00
USM,UNITED STATES CELLULAR CORP,0.00,0.00,0.00,0.00,0.00,0.00,0.00
CHX,ChampionX Corp,0.00,0.00,0.00,0.00,0.00,0.00,0.00
PONY,Pony AI Inc.,0.00,0.00,0.00,0.00,0.00,0.00,0.00
NE,Noble Corp plc,0.00,0.00,0.00,0.00,0.00,0.00,0.00
CORT,CORCEPT THERAPEUTICS INC,0.00,0.00,0.00,0.00,0.00,0.00,0.00
INTA,Intapp Inc.,0.00,0.00,0.00,0.00,0.00,0.00,0.00
SOUN,SOUNDHOUND AI INC.,0.00,0.00,0.00,0.00,0.00,0.00,0.00
DY,DYCOM INDUSTRIES INC,0.00,0.00,0.00,0.00,0.00,0.00,0.00
GXO,GXO Logistics Inc.,0.00,0.00,0.00,0.00,0.02,0.00,0.00
FNB,FNB CORP/PA/,0.00,0.00,0.00,0.00,0.02,0.00,0.00
MSGS,Madison Square Garden Sports Corp.,0.00,0.00,0.00,0.00,0.02,0.00,0.00
LNC,LINCOLN NATIONAL CORP,0.00,0.00,0.00,0.00,0.02,0.00,0.00
RDNT,RadNet Inc.,0.00,0.00,0.00,0.00,0.00,0.00,0.00
WFRD,Weatherford International plc,0.00,0.00,0.00,0.00,0.00,0.02,0.00
MAIN,Main Street Capital CORP,0.00,0.00,0.00,0.00,0.00,0.00,0.00
HRI,HERC HOLDINGS INC,0.00,0.00,0.00,0.00,0.00,0.00,0.00
TKR,TIMKEN CO,0.02,0.00,0.00,0.00,0.02,0.00,0.00
SOBO,South Bow Corp,0.00,0.00,0.00,0.00,0.00,0.00,0.00
KRG,KITE REALTY GROUP TRUST,0.00,0.00,0.00,0.00,0.00,0.00,0.00
CEF,Sprott Physical Gold & Silver Trust,0.00,0.00,0.00,0.00,0.00,0.00,0.00
AL,AIR LEASE CORP,0.02,0.00,0.00,0.00,0.02,0.00,0.00
NSIT,INSIGHT ENTERPRISES INC,0.00,0.00,0.00,0.00,0.00,0.00,0.00
MC,Moelis & Co,0.00,0.00,0.00,0.00,0.00,0.00,0.00
GTES,Gates Industrial Corp plc,0.00,0.00,0.00,0.00,0.02,0.00,0.00
VRNS,VARONIS SYSTEMS INC,0.00,0.00,0.00,0.00,0.00,0.00,0.00
BCPC,BALCHEM CORP,0.01,0.00,0.00,0.00,0.00,0.00,0.00
FG,F&G Annuities & Life Inc.,0.00,0.00,0.00,0.00,0.00,0.00,0.00
BIPC,Brookfield Infrastructure Corp,0.00,0.00,0.00,0.00,0.00,0.00,0.00
STRL,STERLING INFRASTRUCTURE INC.,0.00,0.00,0.00,0.00,0.00,0.00,0.00
CALM,CAL-MAINE FOODS INC,0.00,0.00,0.00,0.00,0.00,0.00,0.00
TLX,Telix Pharmaceuticals Ltd,0.00,0.00,0.00,0.00,0.00,0.00,0.00
DNB,Dun & Bradstreet Holdings Inc.,0.00,0.00,0.00,0.00,0.02,0.00,0.00
SM,SM Energy Co,0.00,0.00,0.00,0.00,0.00,0.00,0.00
THO,THOR INDUSTRIES INC,0.02,0.00,0.00,0.00,0.02,0.00,0.00
MAC,MACERICH CO,0.00,0.00,0.00,0.00,0.00,0.00,0.00
SNDR,Schneider National Inc.,0.00,0.00,0.00,0.00,0.01,0.00,0.00
SKY,Champion Homes Inc.,0.00,0.00,0.00,0.00,0.00,0.00,0.00
PFSI,PennyMac Financial Services Inc.,0.00,0.00,0.00,0.00,0.00,0.00,0.00
CIVI,CIVITAS RESOURCES INC.,0.00,0.00,0.00,0.00,0.01,0.00,0.00
CWEN,Clearway Energy Inc.,0.00,0.00,0.00,0.00,0.01,0.00,0.00
LEA,LEAR CORP,0.00,0.00,0.00,0.00,0.02,0.00,0.00
FFIN,FIRST FINANCIAL BANKSHARES INC,0.02,0.00,0.00,0.00,0.00,0.00,0.00
LRN,Stride Inc.,0.00,0.00,0.00,0.00,0.00,0.00,0.00
SWX,Southwest Gas Holdings Inc.,0.00,0.00,0.00,0.00,0.00,0.00,0.00
CLF,CLEVELAND-CLIFFS INC.,0.00,0.00,0.00,0.00,0.01,0.01,0.00
QLYS,QUALYS INC.,0.00,0.00,0.00,0.00,0.00,0.00,0.00
MGY,Magnolia Oil & Gas Corp,0.00,0.00,0.00,0.00,0.00,0.00,0.00
LTH,Life Time Group Holdings Inc.,0.00,0.00,0.00,0.00,0.00,0.00,0.00
MYTHY,Mytilineos Holdings S.A.,0.00,0.00,0.00,0.00,0.00,0.00,0.00
CTRE,CareTrust REIT Inc.,0.00,0.00,0.00,0.00,0.00,0.00,0.00
MUR,MURPHY OIL CORP,0.00,0.00,0.00,0.00,0.00,0.00,0.00
BEPC,Brookfield Renewable Corp,0.00,0.00,0.00,0.00,0.00,0.00,0.00
PECO,Phillips Edison & Company Inc.,0.00,0.00,0.00,0.00,0.00,0.00,0.00
SEE,SEALED AIR CORP/DE,0.00,0.00,0.00,0.00,0.02,0.00,0.00
IBP,Installed Building Products Inc.,0.00,0.00,0.00,0.00,0.00,0.00,0.00
SKLTY,Seek Ltd,0.00,0.00,0.00,0.00,0.00,0.00,0.00
ROAD,Construction Partners Inc.,0.00,0.00,0.00,0.00,0.00,0.00,0.00
UBSI,UNITED BANKSHARES INC/WV,0.00,0.00,0.00,0.00,0.00,0.00,0.00
PHI,PLDT Inc.,0.00,0.00,0.00,0.00,0.00,0.00,0.00
VLY,VALLEY NATIONAL BANCORP,0.00,0.00,0.00,0.00,0.00,0.00,0.00
CUYTY,Colruyt SA,0.00,0.00,0.00,0.00,0.00,0.00,0.00
CUZ,COUSINS PROPERTIES INC,0.00,0.00,0.00,0.00,0.02,0.00,0.00
ESGR,Enstar Group LTD,0.00,0.00,0.00,0.00,0.00,0.00,0.00
ACT,Enact Holdings Inc.,0.00,0.00,0.00,0.00,0.00,0.00,0.00
BOOT,Boot Barn Holdings Inc.,0.00,0.00,0.00,0.00,0.00,0.00,0.00
FCFS,FirstCash Holdings Inc.,0.01,0.00,0.00,0.00,0.00,0.00,0.00
KTB,Kontoor Brands Inc.,0.03,0.00,0.00,0.00,0.00,0.00,0.00
CRC,California Resources Corp,0.00,0.00,0.00,0.00,0.00,0.00,0.00
IDCC,InterDigital Inc.,0.00,0.00,0.00,0.00,0.00,0.00,0.00
COLM,COLUMBIA SPORTSWEAR CO,0.01,0.00,0.00,0.00,0.01,0.00,0.00
CBT,CABOT CORP,0.02,0.00,0.00,0.00,0.00,0.00,0.00
OZK,Bank OZK,0.04,0.18,0.00,0.00,0.02,0.00,0.00
FRSH,Freshworks Inc.,0.00,0.00,0.00,0.00,0.00,0.00,0.00
AVAV,AeroVironment Inc,0.00,0.00,0.00,0.00,0.00,0.00,0.00
CLBT,Cellebrite DI Ltd.,0.00,0.00,0.00,0.00,0.00,0.00,0.00
LOPE,Grand Canyon Education Inc.,0.00,0.00,0.00,0.00,0.01,0.01,0.00
HWC,HANCOCK WHITNEY CORP,0.00,0.00,0.00,0.00,0.00,0.00,0.00
ITRI,ITRON INC.,0.00,0.00,0.00,0.00,0.00,0.00,0.00
WTM,WHITE MOUNTAINS INSURANCE GROUP LTD,0.00,0.00,0.00,0.00,0.02,0.00,0.00
NXST,NEXSTAR MEDIA GROUP INC.,0.00,0.19,0.00,0.00,0.01,0.01,0.00
INGM,Ingram Micro Holding Corp,0.00,0.00,0.00,0.00,0.00,0.00,0.00
ABG,ASBURY AUTOMOTIVE GROUP INC,0.00,0.00,0.00,0.00,0.00,0.00,0.00
NARI,Inari Medical Inc.,0.00,0.00,0.00,0.00,0.00,0.00,0.00
NEU,NEWMARKET CORP,0.02,0.00,0.00,0.00,0.01,0.00,0.00
PAGP,PLAINS GP HOLDINGS LP,0.00,0.00,0.00,0.00,0.00,0.00,0.00
PRCT,PROCEPT BioRobotics Corp,0.00,0.00,0.00,0.00,0.00,0.00,0.00
TEO,TELECOM ARGENTINA SA,0.00,0.00,0.00,0.00,0.00,0.00,0.00
IEP,ICAHN ENTERPRISES L.P.,0.00,0.00,0.00,0.00,0.00,0.00,0.00
TENB,Tenable Holdings Inc.,0.00,0.00,0.00,0.00,0.00,0.00,0.00
FUN,Six Flags Entertainment Corporation/NEW,0.00,0.00,0.00,0.00,0.00,0.00,0.00
KBH,KB HOME,0.00,0.00,0.00,0.00,0.00,0.00,0.00
BGC,BGC Group Inc.,0.00,0.00,0.00,0.00,0.00,0.00,0.00
MMS,MAXIMUS INC.,0.00,0.00,0.00,0.00,0.00,0.00,0.00
ACHR,Archer Aviation Inc.,0.00,0.00,0.00,0.00,0.00,0.00,0.00
BDC,BELDEN INC.,0.00,0.00,0.00,0.00,0.00,0.00,0.00
AROC,Archrock Inc.,0.00,0.00,0.00,0.00,0.00,0.00,0.00
LANC,LANCASTER COLONY CORP,0.02,0.00,0.00,0.00,0.00,0.00,0.00
RDN,RADIAN GROUP INC,0.04,0.19,0.00,0.00,0.00,0.00,0.00
GH,Guardant Health Inc.,0.00,0.00,0.00,0.00,0.00,0.00,0.00
ITGR,Integer Holdings Corp,0.00,0.00,0.00,0.00,0.00,0.00,0.00
ALKS,Alkermes plc.,0.00,0.00,0.00,0.00,0.00,0.00,0.00
SON,SONOCO PRODUCTS CO,0.00,0.00,0.00,0.00,0.02,0.00,0.00
EXPO,EXPONENT INC,0.01,0.00,0.00,0.00,0.00,0.00,0.00
BKGFY,Berkeley Group Holdings plc,0.00,0.00,0.00,0.00,0.00,0.00,0.00
MATX,Matson Inc.,0.01,0.00,0.00,0.00,0.00,0.00,0.00
NJR,NEW JERSEY RESOURCES CORP,0.04,0.00,0.00,0.00,0.00,0.00,0.00
ACA,Arcosa Inc.,0.00,0.00,0.00,0.00,0.00,0.00,0.00
AVT,AVNET INC,0.03,0.00,0.00,0.00,0.02,0.00,0.00
PIPR,PIPER SANDLER COMPANIES,0.00,0.00,0.00,0.00,0.00,0.00,0.00
AEIS,ADVANCED ENERGY INDUSTRIES INC,0.00,0.00,0.00,0.00,0.00,0.00,0.00
MSM,MSC INDUSTRIAL DIRECT CO INC,0.00,0.14,0.00,0.00,0.01,0.00,0.00
IESC,IES Holdings Inc.,0.00,0.00,0.00,0.00,0.00,0.00,0.00
VVV,VALVOLINE INC,0.00,0.00,0.00,0.00,0.00,0.02,0.00
KTOS,KRATOS DEFENSE & SECURITY SOLUTIONS INC.,0.00,0.00,0.00,0.00,0.00,0.00,0.00
BOX,BOX INC,0.00,0.00,0.00,0.00,0.00,0.00,0.00
TGTX,TG THERAPEUTICS INC.,0.00,0.00,0.00,0.00,0.00,0.00,0.00
BRZE,Braze Inc.,0.00,0.00,0.00,0.00,0.00,0.00,0.00
TNET,TRINET GROUP INC.,0.00,0.00,0.00,0.00,0.00,0.00,0.00
SKYW,SKYWEST INC,0.00,0.00,0.00,0.00,0.00,0.00,0.00
BCC,BOISE CASCADE Co,0.01,0.00,0.00,0.00,0.00,0.00,0.00
CNX,CNX Resources Corp,0.00,0.00,0.00,0.00,0.00,0.00,0.00
RELY,Remitly Global Inc.,0.00,0.00,0.00,0.00,0.00,0.00,0.00
SLG,SL GREEN REALTY CORP,0.00,0.00,0.00,0.00,0.00,0.00,0.00
RRR,Red Rock Resorts Inc.,0.00,0.00,0.00,0.00,0.00,0.00,0.00
SFBS,ServisFirst Bancshares Inc.,0.02,0.00,0.00,0.00,0.00,0.00,0.00
SNRE,Sunrise Communications AG,0.00,0.00,0.00,0.00,0.00,0.00,0.00
AGO,ASSURED GUARANTY LTD,0.02,0.00,0.00,0.00,0.02,0.00,0.00
ADMA,ADMA BIOLOGICS INC.,0.00,0.00,0.00,0.00,0.00,0.00,0.00
KRYS,Krystal Biotech Inc.,0.00,0.00,0.00,0.00,0.00,0.00,0.00
VKTX,Viking Therapeutics Inc.,0.00,0.00,0.00,0.00,0.00,0.02,0.00
PLXS,PLEXUS CORP,0.00,0.00,0.00,0.00,0.00,0.00,0.00
M,Macy's Inc.,0.00,0.00,0.00,0.00,0.02,0.00,0.00
ASAN,Asana Inc.,0.00,0.00,0.00,0.00,0.00,0.00,0.00
LBTYA,Liberty Global Ltd.,0.00,0.00,0.00,0.00,0.01,0.00,0.00
ROYMY,Royal Mail plc/ADR,0.00,0.00,0.00,0.00,0.00,0.00,0.00
GOLF,Acushnet Holdings Corp.,0.01,0.00,0.00,0.00,0.00,0.00,0.00
GEO,GEO GROUP INC,0.00,0.00,0.00,0.00,0.00,0.00,0.00
SLAB,SILICON LABORATORIES INC.,0.00,0.00,0.00,0.00,0.00,0.00,0.00
CNS,COHEN & STEERS INC.,0.01,0.09,0.00,0.00,0.00,0.00,0.00
GLNG,GOLAR LNG LTD,0.00,0.00,0.00,0.00,0.00,0.00,0.00
EEFT,EURONET WORLDWIDE INC.,0.00,0.00,0.00,0.00,0.02,0.00,0.00
POR,PORTLAND GENERAL ELECTRIC CO /OR/,0.00,0.00,0.00,0.00,0.00,0.00,0.00
RUSHA,RUSH ENTERPRISES INC TX,0.01,0.00,0.00,0.00,0.00,0.00,0.00
LAZ,Lazard Inc.,0.00,0.00,0.00,0.00,0.00,0.02,0.00
ALGM,ALLEGRO MICROSYSTEMS INC.,0.00,0.00,0.00,0.00,0.01,0.00,0.00
FELE,FRANKLIN ELECTRIC CO INC,0.01,0.00,0.00,0.00,0.00,0.00,0.00
KRC,KILROY REALTY CORP,0.00,0.00,0.00,0.00,0.02,0.00,0.00
FTDR,Frontdoor Inc.,0.00,0.00,0.00,0.00,0.00,0.00,0.00
IRT,INDEPENDENCE REALTY TRUST INC.,0.00,0.00,0.00,0.00,0.00,0.00,0.00
ACHC,Acadia Healthcare Company Inc.,0.00,0.00,0.00,0.00,0.02,0.00,0.00
SIM,GRUPO SIMEC S.A.B. de C.V.,0.00,0.00,0.00,0.00,0.00,0.00,0.00
AHR,American Healthcare REIT Inc.,0.00,0.00,0.00,0.00,0.00,0.00,0.00
TXNM,TXNM ENERGY INC,0.04,0.00,0.00,0.00,0.00,0.00,0.00
AI,C3.ai Inc.,0.00,0.00,0.00,0.00,0.00,0.00,0.00
BC,BRUNSWICK CORP,0.02,0.00,0.00,0.00,0.02,0.00,0.00
ZETA,Zeta Global Holdings Corp.,0.00,0.00,0.00,0.00,0.00,0.00,0.00
SANM,SANMINA CORP,0.00,0.00,0.00,0.00,0.00,0.00,0.00
PRIM,Primoris Services Corp,0.00,0.00,0.00,0.00,0.00,0.00,0.00
OGN,Organon & Co.,0.00,0.00,0.00,0.00,0.02,0.00,0.00
CBZ,CBIZ Inc.,0.00,0.00,0.00,0.00,0.00,0.00,0.00
ABCB,Ameris Bancorp,0.00,0.00,0.00,0.00,0.00,0.00,0.00
RIOT,Riot Platforms Inc.,0.00,0.00,0.00,0.00,0.00,0.00,0.00
IPAR,INTERPARFUMS INC,0.01,0.00,0.00,0.00,0.00,0.00,0.00
ELP,ENERGY CO OF PARANA,0.00,0.00,0.00,0.00,0.00,0.00,0.00
CAMT,CAMTEK LTD,0.00,0.00,0.00,0.00,0.00,0.00,0.00
ST,Sensata Technologies Holding plc,0.00,0.00,0.00,0.00,0.02,0.00,0.00
UNF,UNIFIRST CORP,0.00,0.00,0.00,0.00,0.00,0.00,0.00
GBTG,Global Business Travel Group Inc.,0.00,0.00,0.00,0.00,0.00,0.00,0.00
TIGO,MILLICOM INTERNATIONAL CELLULAR SA,0.00,0.00,0.00,0.00,0.00,0.00,0.00
OPCH,Option Care Health Inc.,0.00,0.00,0.00,0.00,0.00,0.00,0.00
AB,ALLIANCEBERNSTEIN HOLDING L.P.,0.00,0.00,0.00,0.00,0.00,0.00,0.00
NWL,NEWELL BRANDS INC.,0.00,0.00,0.00,0.00,0.02,0.00,0.00
VRRM,VERRA MOBILITY Corp,0.00,0.00,0.00,0.00,0.00,0.00,0.00
CRGY,Crescent Energy Co,0.00,0.00,0.00,0.00,0.00,0.00,0.00
ALVO,Alvotech,0.00,0.00,0.00,0.00,0.00,0.00,0.00
KMPR,KEMPER Corp,0.00,0.00,0.00,0.00,0.02,0.00,0.00
ASO,Academy Sports & Outdoors Inc.,0.00,0.00,0.00,0.00,0.00,0.00,0.00
FLO,FLOWERS FOODS INC,0.00,0.00,0.00,0.00,0.02,0.00,0.00
SPR,Spirit AeroSystems Holdings Inc.,0.00,0.00,0.00,0.00,0.01,0.00,0.00
KAI,KADANT INC,0.00,0.00,0.00,0.00,0.00,0.00,0.00
FIZZ,NATIONAL BEVERAGE CORP,0.00,0.00,0.00,0.00,0.00,0.00,0.00
BKH,BLACK HILLS CORP /SD/,0.00,0.00,0.00,0.00,0.00,0.00,0.00
NOG,NORTHERN OIL & GAS INC.,0.00,0.00,0.00,0.00,0.00,0.00,0.00
PYCR,PAYCOR HCM INC.,0.00,0.00,0.00,0.00,0.01,0.00,0.00
PI,IMPINJ INC,0.00,0.00,0.00,0.00,0.00,0.00,0.00
ENIC,Enel Chile S.A.,0.00,0.00,0.00,0.00,0.00,0.00,0.00
VCTR,Victory Capital Holdings Inc.,0.02,0.00,0.00,0.00,0.00,0.00,0.00
ORA,ORMAT TECHNOLOGIES INC.,0.00,0.00,0.00,0.00,0.00,0.00,0.00
JWN,NORDSTROM INC,0.00,0.00,0.00,0.00,0.01,0.00,0.00
WHD,Cactus Inc.,0.01,0.00,0.00,0.00,0.00,0.00,0.00
BCO,BRINKS CO,0.00,0.00,0.00,0.00,0.00,0.00,0.00
CORZ,Core Scientific Inc./tx,0.00,0.00,0.00,0.00,0.00,0.00,0.00
GBDC,GOLUB CAPITAL BDC Inc.,0.00,0.00,0.00,0.00,0.00,0.00,0.00
SBRA,Sabra Health Care REIT Inc.,0.00,0.00,0.00,0.00,0.00,0.00,0.00
TAC,TRANSALTA CORP,0.00,0.00,0.00,0.00,0.00,0.00,0.00
IBOC,INTERNATIONAL BANCSHARES CORP,0.00,0.13,0.00,0.00,0.00,0.00,0.00
RXO,RXO Inc.,0.00,0.00,0.00,0.00,0.00,0.00,0.00
AXSM,Axsome Therapeutics Inc.,0.00,0.00,0.00,0.00,0.00,0.00,0.00
RARE,Ultragenyx Pharmaceutical Inc.,0.00,0.00,0.00,0.00,0.00,0.01,0.00
JBTM,JBT Marel Corp,0.00,0.00,0.00,0.00,0.00,0.00,0.00
NFE,New Fortress Energy Inc.,0.00,0.00,0.00,0.00,0.00,0.00,0.00
FAURY,FORVIA SE/ADR,0.00,0.00,0.00,0.00,0.00,0.00,0.00
FRO,Frontline plc,0.00,0.00,0.00,0.00,0.00,0.00,0.00
ICUI,ICU MEDICAL INC/DE,0.00,0.00,0.00,0.00,0.00,0.00,0.00
HAE,HAEMONETICS CORP,0.00,0.00,0.00,0.00,0.00,0.00,0.00
ASB,ASSOCIATED BANC-CORP,0.00,0.00,0.00,0.00,0.00,0.00,0.00
OGS,ONE Gas Inc.,0.04,0.00,0.00,0.00,0.00,0.00,0.00
NXE,NexGen Energy Ltd.,0.00,0.00,0.00,0.00,0.00,0.00,0.00
SMG,SCOTTS MIRACLE-GRO CO,0.00,0.00,0.00,0.00,0.01,0.00,0.00
ASGN,ASGN Inc,0.00,0.00,0.00,0.00,0.00,0.00,0.00
GVA,GRANITE CONSTRUCTION INC,0.00,0.00,0.00,0.00,0.00,0.00,0.00
CRNX,Crinetics Pharmaceuticals Inc.,0.00,0.00,0.00,0.00,0.00,0.00,0.00
BLKB,BLACKBAUD INC,0.00,0.00,0.00,0.00,0.00,0.00,0.00
SR,SPIRE INC,0.00,0.00,0.00,0.00,0.00,0.00,0.00
SG,Sweetgreen Inc.,0.00,0.00,0.00,0.00,0.00,0.00,0.00
AX,Axos Financial Inc.,0.00,0.00,0.00,0.00,0.00,0.00,0.00
PAY,Paymentus Holdings Inc.,0.00,0.00,0.00,0.00,0.00,0.00,0.00
ALE,ALLETE INC,0.00,0.00,0.00,0.00,0.00,0.00,0.00
BHVN,Biohaven Ltd.,0.00,0.00,0.00,0.00,0.00,0.00,0.00
HGV,Hilton Grand Vacations Inc.,0.00,0.00,0.00,0.00,0.00,0.00,0.00
RYN,RAYONIER INC,0.00,0.00,0.00,0.00,0.02,0.00,0.00
NCNO,nCino Inc.,0.00,0.00,0.00,0.00,0.00,0.01,0.00
TDS,TELEPHONE & DATA SYSTEMS INC /DE/,0.00,0.00,0.00,0.00,0.00,0.00,0.00
DORM,Dorman Products Inc.,0.00,0.00,0.00,0.00,0.00,0.00,0.00
SRRK,Scholar Rock Holding Corp,0.00,0.00,0.00,0.00,0.00,0.00,0.00
NNI,NELNET INC,0.00,0.00,0.00,0.00,0.00,0.00,0.00
YOU,Clear Secure Inc.,0.00,0.00,0.00,0.00,0.00,0.00,0.00
DOOO,BRP Inc.,0.00,0.00,0.00,0.00,0.00,0.00,0.00
VRNA,Verona Pharma plc,0.00,0.00,0.00,0.00,0.00,0.00,0.00
CNO,CNO Financial Group Inc.,0.02,0.00,0.00,0.00,0.00,0.00,0.00
FLG,FLAGSTAR FINANCIAL INC.,0.00,0.00,0.00,0.00,0.00,0.00,0.00
CNK,Cinemark Holdings Inc.,0.00,0.00,0.00,0.00,0.00,0.00,0.00
AMRX,Amneal Pharmaceuticals Inc.,0.00,0.00,0.00,0.00,0.00,0.00,0.00
CARG,CarGurus Inc.,0.00,0.00,0.00,0.00,0.00,0.00,0.00
SHC,Sotera Health Co,0.00,0.00,0.00,0.00,0.01,0.00,0.00
ACLX,Arcellx Inc.,0.00,0.00,0.00,0.00,0.00,0.00,0.00
BANF,BANCFIRST CORP /OK/,0.01,0.00,0.00,0.00,0.00,0.00,0.00
GHC,Graham Holdings Co,0.00,0.00,0.00,0.00,0.00,0.00,0.00
KGS,Kodiak Gas Services Inc.,0.00,0.00,0.00,0.00,0.00,0.00,0.00
GSHD,Goosehead Insurance Inc.,0.00,0.00,0.00,0.00,0.00,0.00,0.00
AGYS,AGILYSYS INC,0.00,0.00,0.00,0.00,0.00,0.00,0.00
ROHCY,ROHM Co. Ltd.,0.00,0.00,0.00,0.00,0.00,0.00,0.00
PBH,Prestige Consumer Healthcare Inc.,0.00,0.00,0.00,0.00,0.00,0.00,0.00
OLN,OLIN Corp,0.00,0.00,0.00,0.00,0.02,0.00,0.00
XRAY,DENTSPLY SIRONA Inc.,0.03,0.00,0.00,0.00,0.02,0.00,0.00
MIR,Mirion Technologies Inc.,0.00,0.00,0.00,0.00,0.00,0.00,0.00
CPA,Copa Holdings S.A.,0.00,0.00,0.00,0.00,0.00,0.00,0.00
CLVT,CLARIVATE PLC,0.00,0.00,0.00,0.00,0.01,0.00,0.00
ALIT,Alight Inc. / Delaware,0.00,0.00,0.00,0.00,0.00,0.00,0.00
MDU,MDU RESOURCES GROUP INC,0.02,0.00,0.00,0.00,0.02,0.00,0.00
HHH,Howard Hughes Holdings Inc.,0.00,0.00,0.00,0.00,0.01,0.00,0.00
GSAT,Globalstar Inc.,0.00,0.00,0.00,0.00,0.00,0.00,0.00
OR,Osisko Gold Royalties LTD,0.00,0.00,0.00,0.00,0.00,0.00,0.00
KNTK,Kinetik Holdings Inc.,0.00,0.00,0.00,0.00,0.00,0.00,0.00
DXC,DXC Technology Co,0.00,0.00,0.00,0.00,0.01,0.00,0.00
SKT,TANGER INC.,0.00,0.00,0.00,0.00,0.00,0.00,0.00
ENS,EnerSys,0.00,0.00,0.00,0.00,0.00,0.00,0.00
BTDR,Bitdeer Technologies Group,0.00,0.00,0.00,0.00,0.00,0.00,0.00
IAC,IAC Inc.,0.00,0.00,0.00,0.00,0.01,0.00,0.00
UCB,UNITED COMMUNITY BANKS INC,0.03,0.00,0.00,0.00,0.00,0.00,0.00
WRD,WeRide Inc.,0.00,0.00,0.00,0.00,0.00,0.00,0.00
FROG,JFrog Ltd,0.00,0.00,0.00,0.00,0.00,0.00,0.00
HOG,HARLEY-DAVIDSON INC.,0.00,0.00,0.00,0.00,0.01,0.00,0.00
IGT,International Game Technology PLC,0.00,0.00,0.00,0.00,0.00,0.00,0.00
CCOI,COGENT COMMUNICATIONS HOLDINGS INC.,0.00,0.00,0.00,0.00,0.00,0.00,0.00
CVCO,CAVCO INDUSTRIES INC.,0.00,0.00,0.00,0.00,0.00,0.00,0.00
HBM,Hudbay Minerals Inc.,0.00,0.00,0.00,0.00,0.00,0.00,0.00
CXT,Crane NXT Co.,0.00,0.00,0.00,0.00,0.01,0.00,0.00
LBRT,Liberty Energy Inc.,0.00,0.00,0.00,0.00,0.00,0.00,0.00
APLE,Apple Hospitality REIT Inc.,0.00,0.00,0.00,0.00,0.00,0.00,0.00
PAYO,Payoneer Global Inc.,0.00,0.00,0.00,0.00,0.00,0.00,0.00
RIG,Transocean Ltd.,0.00,0.00,0.00,0.00,0.00,0.00,0.00
ATAT,Atour Lifestyle Holdings Ltd,0.00,0.00,0.00,0.00,0.00,0.00,0.00
BL,BLACKLINE INC.,0.00,0.00,0.00,0.00,0.00,0.00,0.00
TGLS,Tecnoglass Inc.,0.00,0.00,0.00,0.00,0.00,0.00,0.00
AVNT,AVIENT CORP,0.02,0.00,0.00,0.00,0.00,0.00,0.00
SMPL,Simply Good Foods Co,0.00,0.00,0.00,0.00,0.00,0.00,0.00
WU,Western Union CO,0.00,0.14,0.00,0.00,0.01,0.00,0.00
ACVA,ACV Auctions Inc.,0.00,0.00,0.00,0.00,0.00,0.00,0.00
TBBB,BBB FOODS INC,0.00,0.00,0.00,0.00,0.00,0.00,0.00
OMAB,Central North Airport Group,0.00,0.00,0.00,0.00,0.00,0.00,0.00
ARLP,ALLIANCE RESOURCE PARTNERS LP,0.00,0.00,0.00,0.00,0.00,0.00,0.00
APLS,Apellis Pharmaceuticals Inc.,0.00,0.00,0.00,0.00,0.00,0.01,0.00
ATGE,Adtalem Global Education Inc.,0.00,0.00,0.00,0.00,0.00,0.00,0.00
RNA,Avidity Biosciences Inc.,0.00,0.00,0.00,0.00,0.00,0.00,0.00
FORM,FORMFACTOR INC,0.00,0.00,0.00,0.00,0.00,0.00,0.00
FULT,FULTON FINANCIAL CORP,0.01,0.00,0.00,0.00,0.00,0.00,0.00
OKLO,Oklo Inc.,0.00,0.00,0.00,0.00,0.00,0.00,0.00
ZI,ZoomInfo Technologies Inc.,0.00,0.00,0.00,0.00,0.01,0.00,0.00
RYTM,RHYTHM PHARMACEUTICALS INC.,0.00,0.00,0.00,0.00,0.00,0.00,0.00
ALKT,ALKAMI TECHNOLOGY INC.,0.00,0.00,0.00,0.00,0.00,0.00,0.00
BTG,B2GOLD CORP,0.00,0.00,0.00,0.00,0.00,0.00,0.00
JGSMY,JG Summit Holdings Inc./ADR,0.00,0.00,0.00,0.00,0.00,0.00,0.00
OSCR,Oscar Health Inc.,0.00,0.00,0.00,0.00,0.00,0.00,0.00
IMVT,Immunovant Inc.,0.00,0.00,0.00,0.00,0.00,0.00,0.00
CRSP,CRISPR Therapeutics AG,0.00,0.00,0.00,0.00,0.00,0.00,0.00
POWI,POWER INTEGRATIONS INC,0.01,0.00,0.00,0.00,0.00,0.00,0.00
DNP,DNP SELECT INCOME FUND INC,0.00,0.00,0.00,0.00,0.00,0.00,0.00
TNL,Travel & Leisure Co.,0.00,0.00,0.00,0.00,0.01,0.00,0.00
USLM,UNITED STATES LIME & MINERALS INC,0.00,0.00,0.00,0.00,0.00,0.00,0.00
BRC,BRADY CORP,0.01,0.00,0.00,0.00,0.00,0.00,0.00
TFSL,TFS Financial CORP,0.00,0.00,0.00,0.00,0.00,0.00,0.00
MWA,Mueller Water Products Inc.,0.01,0.00,0.00,0.00,0.00,0.00,0.00
NPO,Enpro Inc.,0.01,0.00,0.00,0.00,0.00,0.00,0.00
RLX,RLX Technology Inc.,0.00,0.00,0.00,0.00,0.00,0.00,0.00
KFY,KORN FERRY,0.00,0.00,0.00,0.00,0.00,0.00,0.00
MHO,M/I HOMES INC.,0.00,0.00,0.00,0.00,0.00,0.00,0.00
HP,Helmerich & Payne Inc.,0.00,0.00,0.00,0.00,0.00,0.00,0.00
VRN,Veren Inc.,0.00,0.00,0.00,0.00,0.00,0.00,0.00
PTCT,PTC THERAPEUTICS INC.,0.00,0.00,0.00,0.00,0.00,0.00,0.00
TCBI,TEXAS CAPITAL BANCSHARES INC/TX,0.00,0.00,0.00,0.00,0.00,0.00,0.00
BVN,BUENAVENTURA MINING CO INC,0.00,0.00,0.00,0.00,0.00,0.00,0.00
GFF,GRIFFON CORP,0.01,0.00,0.00,0.00,0.00,0.00,0.00
SSL,SASOL LTD,0.00,0.00,0.00,0.00,0.00,0.00,0.00
CDP,COPT DEFENSE PROPERTIES,0.00,0.00,0.00,0.00,0.00,0.00,0.00
NEA,Nuveen AMT-Free Quality Municipal Income Fund,0.00,0.00,0.00,0.00,0.00,0.00,0.00
EPR,EPR PROPERTIES,0.00,0.00,0.00,0.00,0.01,0.00,0.00
FUL,FULLER H B CO,0.01,0.00,0.00,0.00,0.00,0.00,0.00
PRGO,PERRIGO Co plc,0.04,0.00,0.00,0.00,0.01,0.00,0.00
ECG,Everus Construction Group Inc.,0.00,0.00,0.00,0.00,0.01,0.00,0.00
GPOR,GULFPORT ENERGY CORP,0.00,0.00,0.00,0.00,0.00,0.00,0.00
ESE,ESCO TECHNOLOGIES INC,0.00,0.00,0.00,0.00,0.00,0.00,0.00
UAA,Under Armour Inc.,0.00,0.00,0.00,0.00,0.01,0.00,0.00
EGO,ELDORADO GOLD CORP /FI,0.00,0.00,0.00,0.00,0.00,0.00,0.00
FMCC,FEDERAL HOME LOAN MORTGAGE CORP,0.00,0.00,0.00,0.00,0.00,0.00,0.00
HL,HECLA MINING CO/DE/,0.00,0.00,0.00,0.00,0.00,0.00,0.00
AESI,Atlas Energy Solutions Inc.,0.00,0.00,0.00,0.00,0.00,0.00,0.00
HTGC,Hercules Capital Inc.,0.00,0.00,0.00,0.00,0.00,0.00,0.00
PTEN,PATTERSON UTI ENERGY INC,0.00,0.00,0.00,0.00,0.00,0.00,0.00
EBC,Eastern Bankshares Inc.,0.00,0.00,0.00,0.00,0.00,0.00,0.00
SIG,SIGNET JEWELERS LTD,0.00,0.00,0.00,0.00,0.00,0.00,0.00
IAG,IAMGOLD CORP,0.00,0.00,0.00,0.00,0.00,0.00,0.00
PTON,PELOTON INTERACTIVE INC.,0.00,0.00,0.00,0.00,0.00,0.00,0.00
AQN,ALGONQUIN POWER & UTILITIES CORP.,0.00,0.00,0.00,0.00,0.00,0.00,0.00
IFS,Intercorp Financial Services Inc.,0.00,0.00,0.00,0.00,0.00,0.00,0.00
HASI,HA Sustainable Infrastructure Capital Inc.,0.00,0.00,0.00,0.00,0.00,0.00,0.00
DV,DoubleVerify Holdings Inc.,0.00,0.00,0.00,0.00,0.01,0.01,0.00
ASH,ASHLAND INC.,0.02,0.00,0.00,0.00,0.01,0.00,0.00
ATMU,Atmus Filtration Technologies Inc.,0.00,0.00,0.00,0.00,0.00,0.00,0.00
WDFC,WD 40 CO,0.01,0.00,0.00,0.00,0.00,0.00,0.00
REZI,RESIDEO TECHNOLOGIES INC.,0.00,0.00,0.00,0.00,0.00,0.00,0.00
SLVYY,SOLVAY S A /ADR/,0.00,0.00,0.00,0.00,0.00,0.00,0.00
CATY,CATHAY GENERAL BANCORP,0.02,0.13,0.00,0.00,0.00,0.00,0.00
MP,MP Materials Corp. / DE,0.00,0.00,0.00,0.00,0.01,0.00,0.00
SWTX,SpringWorks Therapeutics Inc.,0.00,0.00,0.00,0.00,0.00,0.00,0.00
VAL,Valaris Ltd,0.00,0.00,0.00,0.00,0.00,0.00,0.00
VCYT,VERACYTE INC.,0.00,0.00,0.00,0.00,0.00,0.00,0.00
STR,Sitio Royalties Corp.,0.00,0.00,0.00,0.00,0.00,0.00,0.00
YETI,YETI Holdings Inc.,0.00,0.00,0.00,0.00,0.01,0.00,0.00
IRDM,Iridium Communications Inc.,0.00,0.00,0.00,0.00,0.01,0.00,0.00
TPH,Tri Pointe Homes Inc.,0.00,0.00,0.00,0.00,0.00,0.00,0.00
DLO,dLocal Ltd,0.00,0.00,0.00,0.00,0.00,0.00,0.00
MEOH,METHANEX CORP,0.00,0.00,0.00,0.00,0.00,0.00,0.00
FIBK,FIRST INTERSTATE BANCSYSTEM INC,0.00,0.00,0.00,0.00,0.00,0.00,0.00
VEON,VEON Ltd.,0.00,0.00,0.00,0.00,0.00,0.00,0.00
MGEE,MGE ENERGY INC,0.02,0.00,0.00,0.00,0.00,0.00,0.00
DEI,Douglas Emmett Inc,0.00,0.00,0.00,0.00,0.00,0.00,0.00
LIF,Life360 Inc.,0.00,0.00,0.00,0.00,0.00,0.00,0.00
HGTY,Hagerty Inc.,0.00,0.00,0.00,0.00,0.00,0.00,0.00
NVST,Envista Holdings Corp,0.00,0.00,0.00,0.00,0.01,0.00,0.00
LPL,LG Display Co. Ltd.,0.00,0.00,0.00,0.00,0.00,0.00,0.00
TFPM,Triple Flag Precious Metals Corp.,0.00,0.00,0.00,0.00,0.00,0.00,0.00
PBF,PBF Energy Inc.,0.00,0.00,0.00,0.00,0.00,0.00,0.00
FHB,FIRST HAWAIIAN INC.,0.00,0.00,0.00,0.00,0.01,0.00,0.00
AMBA,AMBARELLA INC,0.00,0.00,0.00,0.00,0.00,0.00,0.00
PTVE,Pactiv Evergreen Inc.,0.00,0.00,0.00,0.00,0.00,0.00,0.00
RUM,Rumble Inc.,0.00,0.00,0.00,0.00,0.00,0.00,0.00
SNEX,StoneX Group Inc.,0.00,0.00,0.00,0.00,0.00,0.00,0.00
ATHM,Autohome Inc.,0.00,0.00,0.00,0.00,0.00,0.00,0.00
BSM,Black Stone Minerals L.P.,0.00,0.00,0.00,0.00,0.00,0.00,0.00
RSI,Rush Street Interactive Inc.,0.00,0.00,0.00,0.00,0.00,0.00,0.00
DOCN,DigitalOcean Holdings Inc.,0.00,0.00,0.00,0.00,0.00,0.00,0.00
EE,Excelerate Energy Inc.,0.00,0.00,0.00,0.00,0.00,0.00,0.00
ABM,ABM INDUSTRIES INC /DE/,0.01,0.00,0.00,0.00,0.00,0.00,0.00
NWE,NorthWestern Energy Group Inc.,0.00,0.00,0.00,0.00,0.00,0.00,0.00
FHI,FEDERATED HERMES INC.,0.00,0.00,0.00,0.00,0.00,0.00,0.00
IPGP,IPG PHOTONICS CORP,0.00,0.00,0.00,0.00,0.01,0.00,0.00
AEO,AMERICAN EAGLE OUTFITTERS INC,0.00,0.00,0.00,0.00,0.00,0.00,0.00
AUB,Atlantic Union Bankshares Corp,0.00,0.00,0.00,0.00,0.00,0.00,0.00
GMS,GMS Inc.,0.00,0.00,0.00,0.00,0.00,0.00,0.00
HAYW,Hayward Holdings Inc.,0.00,0.00,0.00,0.00,0.01,0.00,0.00
SLVM,Sylvamo Corp,0.00,0.00,0.00,0.00,0.00,0.00,0.00
CBU,COMMUNITY FINANCIAL SYSTEM INC.,0.00,0.00,0.00,0.00,0.00,0.00,0.00
SYNA,SYNAPTICS Inc,0.00,0.00,0.00,0.00,0.00,0.00,0.00
HIW,HIGHWOODS PROPERTIES INC.,0.00,0.00,0.00,0.00,0.01,0.00,0.00
PRKS,United Parks & Resorts Inc.,0.00,0.00,0.00,0.00,0.00,0.00,0.00
CAAP,CORPORACION AMERICA AIRPORTS S.A.,0.00,0.00,0.00,0.00,0.00,0.00,0.00
WEN,Wendy's Co,0.00,0.11,0.00,0.00,0.01,0.01,0.00
IRTC,iRhythm Technologies Inc.,0.00,0.00,0.00,0.00,0.00,0.00,0.00
AVPT,AvePoint Inc.,0.00,0.00,0.00,0.00,0.00,0.00,0.00
MRUS,Merus N.V.,0.00,0.00,0.00,0.00,0.00,0.00,0.00
QDEL,QuidelOrtho Corp,0.00,0.00,0.00,0.00,0.01,0.00,0.00
PCH,POTLATCHDELTIC CORP,0.00,0.00,0.00,0.00,0.00,0.00,0.00
AMED,AMEDISYS INC,0.00,0.00,0.00,0.00,0.01,0.00,0.00
PII,Polaris Inc.,0.00,0.00,0.00,0.00,0.01,0.00,0.00
OTTR,Otter Tail Corp,0.02,0.00,0.00,0.00,0.00,0.00,0.00
WRBY,Warby Parker Inc.,0.00,0.00,0.00,0.00,0.00,0.00,0.00
BTSG,BrightSpring Health Services Inc.,0.00,0.00,0.00,0.00,0.00,0.00,0.00
FA,FIRST ADVANTAGE CORP,0.00,0.00,0.00,0.00,0.00,0.00,0.00
BNL,Broadstone Net Lease Inc.,0.00,0.00,0.00,0.00,0.00,0.00,0.00
CEIX,CONSOL Energy Inc.,0.00,0.00,0.00,0.00,0.00,0.00,0.00
NHI,NATIONAL HEALTH INVESTORS INC,0.00,0.00,0.00,0.00,0.00,0.00,0.00
HAFN,Hafnia Ltd,0.00,0.00,0.00,0.00,0.00,0.00,0.00
FBP,FIRST BANCORP /PR/,0.02,0.00,0.00,0.00,0.00,0.00,0.00
GRP-UN,GRANITE REAL ESTATE INVESTMENT TRUST,0.00,0.00,0.00,0.00,0.00,0.00,0.00
NVCR,NovoCure Ltd,0.00,0.00,0.00,0.00,0.00,0.00,0.00
GRND,Grindr Inc.,0.00,0.00,0.00,0.00,0.00,0.00,0.00
BHC,Bausch Health Companies Inc.,0.00,0.00,0.00,0.00,0.00,0.00,0.00
UEC,URANIUM ENERGY CORP,0.00,0.00,0.00,0.00,0.00,0.00,0.00
WSFS,WSFS FINANCIAL CORP,0.00,0.00,0.00,0.00,0.00,0.00,0.00
VSCO,Victoria's Secret & Co.,0.00,0.00,0.00,0.00,0.00,0.00,0.00
CNXC,Concentrix Corp,0.00,0.00,0.00,0.00,0.01,0.00,0.00
CAR,AVIS BUDGET GROUP INC.,0.00,0.00,0.00,0.00,0.00,0.00,0.00
SHOO,STEVEN MADDEN LTD.,0.02,0.00,0.00,0.00,0.00,0.00,0.00
RNG,RingCentral Inc.,0.00,0.00,0.00,0.00,0.00,0.01,0.00
BXMT,BLACKSTONE MORTGAGE TRUST INC.,0.00,0.00,0.00,0.00,0.00,0.00,0.00
WD,Walker & Dunlop Inc.,0.02,0.00,0.00,0.00,0.00,0.00,0.00
LFST,LifeStance Health Group Inc.,0.00,0.00,0.00,0.00,0.00,0.00,0.00
TEX,TEREX CORP,0.01,0.00,0.00,0.00,0.00,0.00,0.00
SAM,BOSTON BEER CO INC,0.00,0.00,0.00,0.00,0.01,0.00,0.00
ALRM,Alarm.com Holdings Inc.,0.00,0.00,0.00,0.00,0.00,0.00,0.00
MLTX,MoonLake Immunotherapeutics,0.00,0.00,0.00,0.00,0.00,0.00,0.00
FLNC,Fluence Energy Inc.,0.00,0.00,0.00,0.00,0.00,0.00,0.00
HBI,Hanesbrands Inc.,0.00,0.00,0.00,0.00,0.00,0.00,0.00
XENE,Xenon Pharmaceuticals Inc.,0.00,0.00,0.00,0.00,0.00,0.00,0.00
OUT,OUTFRONT Media Inc.,0.00,0.00,0.00,0.00,0.00,0.00,0.00
TDC,TERADATA CORP /DE/,0.00,0.00,0.00,0.00,0.00,0.01,0.00
VAC,MARRIOTT VACATIONS WORLDWIDE Corp,0.00,0.00,0.00,0.00,0.01,0.00,0.00
DIOD,DIODES INC /DEL/,0.00,0.00,0.00,0.00,0.00,0.00,0.00
PENN,PENN Entertainment Inc.,0.00,0.00,0.00,0.00,0.01,0.00,0.00
TDW,TIDEWATER INC,0.00,0.00,0.00,0.00,0.00,0.00,0.00
VCEL,Vericel Corp,0.00,0.00,0.00,0.00,0.00,0.00,0.00
EQX,Equinox Gold Corp.,0.00,0.00,0.00,0.00,0.00,0.00,0.00
TGNA,TEGNA INC,0.00,0.00,0.00,0.00,0.00,0.00,0.00
ACAD,ACADIA PHARMACEUTICALS INC,0.00,0.00,0.00,0.00,0.00,0.00,0.00
NMRK,NEWMARK GROUP INC.,0.00,0.00,0.00,0.00,0.00,0.00,0.00
QS,QuantumScape Corp,0.00,0.00,0.00,0.00,0.01,0.00,0.00
AKR,ACADIA REALTY TRUST,0.00,0.00,0.00,0.00,0.00,0.00,0.00
TRN,TRINITY INDUSTRIES INC,0.00,0.00,0.00,0.00,0.00,0.00,0.00
SHZNY,Shenzhen Expressway Co. / ADR,0.00,0.00,0.00,0.00,0.00,0.00,0.00
APAM,Artisan Partners Asset Management Inc.,0.00,0.11,0.00,0.00,0.00,0.00,0.00
BFH,BREAD FINANCIAL HOLDINGS INC.,0.00,0.00,0.00,0.00,0.00,0.00,0.00
ATKR,Atkore Inc.,0.00,0.00,0.00,0.00,0.00,0.00,0.00
SXT,SENSIENT TECHNOLOGIES CORP,0.00,0.00,0.00,0.00,0.00,0.00,0.00
CLSK,CLEANSPARK INC.,0.00,0.00,0.00,0.00,0.00,0.00,0.00
GEF,GREIF INC,0.00,0.00,0.00,0.00,0.00,0.00,0.00
PK,Park Hotels & Resorts Inc.,0.00,0.00,0.00,0.00,0.01,0.00,0.00
FIVN,Five9 Inc.,0.00,0.00,0.00,0.00,0.00,0.01,0.00
CSQ,CALAMOS STRATEGIC TOTAL RETURN FUND,0.00,0.00,0.00,0.00,0.00,0.00,0.00
HUN,Huntsman CORP,0.00,0.11,0.00,0.00,0.01,0.00,0.00
UTG,REAVES UTILITY INCOME FUND,0.00,0.00,0.00,0.00,0.00,0.00,0.00
SGHC,Super Group (SGHC) Ltd,0.00,0.00,0.00,0.00,0.00,0.00,0.00
NSP,INSPERITY INC.,0.02,0.11,0.00,0.00,0.00,0.00,0.00
ZLAB,Zai Lab Ltd,0.00,0.00,0.00,0.00,0.00,0.00,0.00
UGP,ULTRAPAR HOLDINGS INC,0.00,0.00,0.00,0.00,0.00,0.00,0.00
PATK,PATRICK INDUSTRIES INC,0.00,0.00,0.00,0.00,0.00,0.00,0.00
GNW,GENWORTH FINANCIAL INC,0.00,0.00,0.00,0.00,0.00,0.00,0.00
POWL,POWELL INDUSTRIES INC,0.00,0.00,0.00,0.00,0.00,0.00,0.00
CPRI,Capri Holdings Ltd,0.00,0.00,0.00,0.00,0.01,0.00,0.00
USAC,USA Compression Partners LP,0.00,0.00,0.00,0.00,0.00,0.00,0.00
AVA,AVISTA CORP,0.00,0.00,0.00,0.00,0.00,0.00,0.00
AAP,ADVANCE AUTO PARTS INC,0.00,0.00,0.00,0.00,0.01,0.00,0.00
STNG,Scorpio Tankers Inc.,0.00,0.00,0.00,0.00,0.00,0.00,0.00
PSMT,PRICESMART INC,0.00,0.00,0.00,0.00,0.00,0.00,0.00
NMIH,NMI Holdings Inc.,0.00,0.00,0.00,0.00,0.00,0.00,0.00
JJSF,J&J SNACK FOODS CORP,0.01,0.00,0.00,0.00,0.00,0.00,0.00
BUR,Burford Capital Ltd,0.00,0.00,0.00,0.00,0.00,0.00,0.00
ESRT,Empire State Realty Trust Inc.,0.00,0.00,0.00,0.00,0.00,0.00,0.00
BKU,BankUnited Inc.,0.00,0.00,0.00,0.00,0.00,0.00,0.00
CVBF,CVB FINANCIAL CORP,0.00,0.11,0.00,0.00,0.00,0.00,0.00
MANU,Manchester United plc,0.00,0.00,0.00,0.00,0.00,0.00,0.00
COMP,Compass Inc.,0.00,0.00,0.00,0.00,0.00,0.00,0.00
MGRC,MCGRATH RENTCORP,0.00,0.00,0.00,0.00,0.00,0.00,0.00
PDCO,PATTERSON COMPANIES INC.,0.00,0.00,0.00,0.00,0.00,0.00,0.00
NAD,Nuveen Quality Municipal Income Fund,0.00,0.00,0.00,0.00,0.00,0.00,0.00
LAUR,LAUREATE EDUCATION INC.,0.00,0.00,0.00,0.00,0.00,0.00,0.00
BHF,Brighthouse Financial Inc.,0.00,0.00,0.00,0.00,0.01,0.00,0.00
DNLI,Denali Therapeutics Inc.,0.00,0.00,0.00,0.00,0.00,0.00,0.00
RXRX,RECURSION PHARMACEUTICALS INC.,0.00,0.00,0.00,0.00,0.00,0.00,0.00
JANX,Janux Therapeutics Inc.,0.00,0.00,0.00,0.00,0.00,0.00,0.00
CWK,Cushman & Wakefield plc,0.00,0.00,0.00,0.00,0.00,0.00,0.00
OII,OCEANEERING INTERNATIONAL INC,0.00,0.00,0.00,0.00,0.00,0.00,0.00
PLMR,Palomar Holdings Inc.,0.00,0.00,0.00,0.00,0.00,0.00,0.00
AWR,AMERICAN STATES WATER CO,0.02,0.00,0.00,0.00,0.00,0.00,0.00
NAMS,NewAmsterdam Pharma Co N.V.,0.00,0.00,0.00,0.00,0.00,0.00,0.00
UE,Urban Edge Properties,0.00,0.00,0.00,0.00,0.00,0.00,0.00
JBLU,JETBLUE AIRWAYS CORP,0.00,0.00,0.00,0.00,0.00,0.00,0.00
PRGS,PROGRESS SOFTWARE CORP /MA,0.00,0.00,0.00,0.00,0.00,0.00,0.00
FOLD,AMICUS THERAPEUTICS INC.,0.00,0.00,0.00,0.00,0.00,0.00,0.00
BOH,BANK OF HAWAII CORP,0.00,0.11,0.00,0.00,0.00,0.00,0.00
KC,Kingsoft Cloud Holdings Ltd,0.00,0.00,0.00,0.00,0.00,0.00,0.00
HCC,WARRIOR MET COAL INC.,0.00,0.00,0.00,0.00,0.00,0.00,0.00
BTSGY,BTS Group Holdings Public Co Limited/ADR,0.00,0.00,0.00,0.00,0.00,0.00,0.00
AKO-A,ANDINA BOTTLING CO INC,0.00,0.00,0.00,0.00,0.00,0.00,0.00
CC,Chemours Co,0.00,0.00,0.00,0.00,0.01,0.00,0.00
PRK,PARK NATIONAL CORP /OH/,0.00,0.00,0.00,0.00,0.00,0.00,0.00
PLUG,PLUG POWER INC,0.00,0.00,0.00,0.00,0.00,0.00,0.00
MCY,MERCURY GENERAL CORP,0.00,0.00,0.00,0.00,0.00,0.00,0.00
HUBG,Hub Group Inc.,0.00,0.00,0.00,0.00,0.00,0.00,0.00
HCM,HUTCHMED (China) Ltd,0.00,0.00,0.00,0.00,0.00,0.00,0.00
CPK,CHESAPEAKE UTILITIES CORP,0.00,0.00,0.00,0.00,0.00,0.00,0.00
IOSP,INNOSPEC INC.,0.00,0.00,0.00,0.00,0.00,0.00,0.00
ATS,ATS Corp /ATS,0.00,0.00,0.00,0.00,0.00,0.00,0.00
SFNC,SIMMONS FIRST NATIONAL CORP,0.00,0.00,0.00,0.00,0.00,0.00,0.00
NEOG,NEOGEN CORP,0.00,0.00,0.00,0.00,0.00,0.00,0.00
NVG,Nuveen AMT-Free Municipal Credit Income Fund,0.00,0.00,0.00,0.00,0.00,0.00,0.00
SGRY,Surgery Partners Inc.,0.00,0.00,0.00,0.00,0.00,0.00,0.00
RGTI,Rigetti Computing Inc.,0.00,0.00,0.00,0.00,0.00,0.00,0.00
CPRX,CATALYST PHARMACEUTICALS INC.,0.00,0.00,0.00,0.00,0.00,0.00,0.00
TWST,Twist Bioscience Corp,0.00,0.00,0.00,0.00,0.00,0.00,0.00
HTLF,HEARTLAND FINANCIAL USA INC,0.00,0.10,0.00,0.00,0.00,0.00,0.00
SBSW,Sibanye Stillwater Ltd,0.00,0.00,0.00,0.00,0.00,0.00,0.00
MAN,ManpowerGroup Inc.,0.00,0.00,0.00,0.00,0.01,0.00,0.00
BKE,BUCKLE INC,0.00,0.06,0.00,0.00,0.00,0.00,0.00
OSIS,OSI SYSTEMS INC,0.00,0.00,0.00,0.00,0.00,0.00,0.00
INDB,INDEPENDENT BANK CORP,0.00,0.00,0.00,0.00,0.00,0.00,0.00
JOE,ST JOE Co,0.00,0.00,0.00,0.00,0.00,0.00,0.00
PAR,PAR TECHNOLOGY CORP,0.00,0.00,0.00,0.00,0.00,0.00,0.00
ESBA,Empire State Realty OP L.P.,0.00,0.00,0.00,0.00,0.00,0.00,0.00
JPC,Nuveen Preferred & Income Opportunities Fund,0.00,0.00,0.00,0.00,0.00,0.00,0.00
LIVN,LivaNova PLC,0.00,0.00,0.00,0.00,0.00,0.00,0.00
FCPT,Four Corners Property Trust Inc.,0.00,0.00,0.00,0.00,0.00,0.00,0.00
YELP,YELP INC,0.00,0.00,0.00,0.00,0.00,0.00,0.00
CON,Concentra Group Holdings Parent Inc.,0.00,0.00,0.00,0.00,0.00,0.00,0.00
BANC,BANC OF CALIFORNIA INC.,0.00,0.00,0.00,0.00,0.00,0.00,0.00
DRVN,Driven Brands Holdings Inc.,0.00,0.00,0.00,0.00,0.00,0.00,0.00
PLTK,Playtika Holding Corp.,0.00,0.00,0.00,0.00,0.00,0.00,0.00
ENOV,Enovis CORP,0.00,0.00,0.00,0.00,0.01,0.00,0.00
TTMI,TTM TECHNOLOGIES INC,0.00,0.00,0.00,0.00,0.00,0.00,0.00
LCII,LCI INDUSTRIES,0.00,0.00,0.00,0.00,0.00,0.00,0.00
GT,GOODYEAR TIRE & RUBBER CO /OH/,0.00,0.00,0.00,0.00,0.00,0.00,0.00
EXG,Eaton Vance Tax-Managed Global Diversified Equity Income Fund,0.00,0.00,0.00,0.00,0.00,0.00,0.00
NOMD,Nomad Foods Ltd,0.00,0.00,0.00,0.00,0.00,0.00,0.00
CDE,Coeur Mining Inc.,0.00,0.00,0.00,0.00,0.00,0.00,0.00
CWT,CALIFORNIA WATER SERVICE GROUP,0.02,0.00,0.00,0.00,0.00,0.00,0.00
ENR,ENERGIZER HOLDINGS INC.,0.00,0.00,0.00,0.00,0.00,0.00,0.00
WGS,GeneDx Holdings Corp.,0.00,0.00,0.00,0.00,0.00,0.00,0.00
KLIC,KULICKE & SOFFA INDUSTRIES INC,0.00,0.00,0.00,0.00,0.00,0.00,0.00
ENVA,Enova International Inc.,0.00,0.00,0.00,0.00,0.00,0.00,0.00
AZZ,AZZ INC,0.00,0.00,0.00,0.00,0.00,0.00,0.00
MRCY,MERCURY SYSTEMS INC,0.00,0.00,0.00,0.00,0.00,0.00,0.00
CAKE,CHEESECAKE FACTORY INC,0.00,0.00,0.00,0.00,0.00,0.00,0.00
WAFD,WAFD INC,0.00,0.00,0.00,0.00,0.00,0.00,0.00
APPN,APPIAN CORP,0.00,0.00,0.00,0.00,0.00,0.00,0.00
DBC,Invesco DB Commodity Index Tracking Fund,0.00,0.00,0.00,0.00,0.00,0.00,0.00
ABR,ARBOR REALTY TRUST INC,0.00,0.00,0.00,0.00,0.00,0.00,0.00
KYMR,Kymera Therapeutics Inc.,0.00,0.00,0.00,0.00,0.00,0.00,0.00
PSNY,Polestar Automotive Holding UK PLC,0.00,0.00,0.00,0.00,0.00,0.00,0.00
RPD,Rapid7 Inc.,0.00,0.00,0.00,0.00,0.00,0.00,0.00
CSAN,Cosan S.A.,0.00,0.00,0.00,0.00,0.00,0.00,0.00
ODD,Oddity Tech Ltd,0.00,0.00,0.00,0.00,0.00,0.00,0.00
RNW,ReNew Energy Global plc,0.00,0.00,0.00,0.00,0.00,0.00,0.00
ARCH,ARCH RESOURCES INC.,0.00,0.00,0.00,0.00,0.00,0.00,0.00
AIN,ALBANY INTERNATIONAL CORP /DE/,0.00,0.00,0.00,0.00,0.00,0.00,0.00
CXW,CoreCivic Inc.,0.00,0.00,0.00,0.00,0.00,0.00,0.00
CURB,Curbline Properties Corp.,0.00,0.00,0.00,0.00,0.00,0.00,0.00
FFBC,FIRST FINANCIAL BANCORP /OH/,0.00,0.00,0.00,0.00,0.00,0.00,0.00
GRBK,Green Brick Partners Inc.,0.00,0.00,0.00,0.00,0.00,0.00,0.00
AVAL,Grupo Aval Acciones Y Valores S.A.,0.00,0.00,0.00,0.00,0.00,0.00,0.00
BWIN,Baldwin Insurance Group Inc.,0.00,0.00,0.00,0.00,0.00,0.00,0.00
CALX,CALIX INC,0.00,0.00,0.00,0.00,0.00,0.00,0.00
B,BARNES GROUP INC,0.00,0.00,0.00,0.00,0.00,0.00,0.00
BB,BLACKBERRY Ltd,0.00,0.00,0.00,0.00,0.00,0.00,0.00
TBBK,Bancorp Inc.,0.00,0.00,0.00,0.00,0.00,0.00,0.00
PRVA,Privia Health Group Inc.,0.00,0.00,0.00,0.00,0.00,0.00,0.00
AYR,Aircastle LTD,0.00,0.00,0.00,0.00,0.00,0.00,0.00
AIR,AAR CORP,0.00,0.00,0.00,0.00,0.00,0.00,0.00
VERA,Vera Therapeutics Inc.,0.00,0.00,0.00,0.00,0.00,0.00,0.00
LOT,Lotus Technology Inc.,0.00,0.00,0.00,0.00,0.00,0.00,0.00
SMR,NUSCALE POWER Corp,0.00,0.00,0.00,0.00,0.00,0.00,0.00
AZTA,Azenta Inc.,0.00,0.00,0.00,0.00,0.01,0.00,0.00
MRRTY,MARFRIG GLOBAL FOODS S.A.,0.00,0.00,0.00,0.00,0.00,0.00,0.00
GCMG,GCM Grosvenor Inc.,0.00,0.00,0.00,0.00,0.00,0.00,0.00
SEB,SEABOARD CORP /DE/,0.00,0.00,0.00,0.00,0.00,0.00,0.00
SDRL,Seadrill Ltd,0.00,0.00,0.00,0.00,0.00,0.00,0.00
SEM,SELECT MEDICAL HOLDINGS CORP,0.00,0.00,0.00,0.00,0.00,0.00,0.00
IREN,IREN Ltd,0.00,0.00,0.00,0.00,0.00,0.00,0.00
SHO,Sunstone Hotel Investors Inc.,0.00,0.00,0.00,0.00,0.00,0.00,0.00
TNDM,TANDEM DIABETES CARE INC,0.00,0.00,0.00,0.00,0.00,0.00,0.00
SWI,SolarWinds Corp,0.00,0.00,0.00,0.00,0.00,0.00,0.00
SPB,Spectrum Brands Holdings Inc.,0.00,0.00,0.00,0.00,0.01,0.00,0.00
NZF,Nuveen Municipal Credit Income Fund,0.00,0.00,0.00,0.00,0.00,0.00,0.00
PTY,PIMCO CORPORATE & INCOME OPPORTUNITY FUND,0.00,0.00,0.00,0.00,0.00,0.00,0.00
STNE,StoneCo Ltd.,0.00,0.00,0.00,0.00,0.00,0.00,0.00
SPNT,SiriusPoint Ltd,0.00,0.00,0.00,0.00,0.00,0.00,0.00
PFS,PROVIDENT FINANCIAL SERVICES INC,0.00,0.00,0.00,0.00,0.00,0.00,0.00
ETY,Eaton Vance Tax-Managed Diversified Equity Income Fund,0.00,0.00,0.00,0.00,0.00,0.00,0.00
APGE,Apogee Therapeutics Inc.,0.00,0.00,0.00,0.00,0.00,0.00,0.00
AMR,Alpha Metallurgical Resources Inc.,0.00,0.00,0.00,0.00,0.00,0.00,0.00
NATL,NCR Atleos Corp,0.00,0.00,0.00,0.00,0.00,0.00,0.00
MYRG,MYR GROUP INC.,0.00,0.00,0.00,0.00,0.00,0.00,0.00
LMND,Lemonade Inc.,0.00,0.00,0.00,0.00,0.00,0.00,0.00
HWKN,HAWKINS INC,0.00,0.00,0.00,0.00,0.00,0.00,0.00
MLCO,Melco Resorts & Entertainment LTD,0.00,0.00,0.00,0.00,0.00,0.00,0.00
UTF,COHEN & STEERS INFRASTRUCTURE FUND INC,0.00,0.00,0.00,0.00,0.00,0.00,0.00
ALHC,Alignment Healthcare Inc.,0.00,0.00,0.00,0.00,0.00,0.00,0.00
EWTX,Edgewise Therapeutics Inc.,0.00,0.00,0.00,0.00,0.00,0.00,0.00
MPW,MEDICAL PROPERTIES TRUST INC,0.00,0.00,0.00,0.00,0.01,0.00,0.00
ZIM,ZIM Integrated Shipping Services Ltd.,0.00,0.00,0.00,0.00,0.00,0.00,0.00
BATRA,Atlanta Braves Holdings Inc.,0.00,0.00,0.00,0.00,0.00,0.00,0.00
MTX,MINERALS TECHNOLOGIES INC,0.00,0.00,0.00,0.00,0.00,0.00,0.00
ARWR,ARROWHEAD PHARMACEUTICALS INC.,0.00,0.00,0.00,0.00,0.00,0.00,0.00
CGON,CG Oncology Inc.,0.00,0.00,0.00,0.00,0.00,0.00,0.00
LXP,LXP Industrial Trust,0.00,0.00,0.00,0.00,0.00,0.00,0.00
VC,VISTEON CORP,0.00,0.00,0.00,0.00,0.00,0.00,0.00
ADUS,Addus HomeCare Corp,0.00,0.00,0.00,0.00,0.00,0.00,0.00
ICFI,ICF International Inc.,0.00,0.00,0.00,0.00,0.00,0.00,0.00
FBK,FB Financial Corp,0.00,0.00,0.00,0.00,0.00,0.00,0.00
ACLS,AXCELIS TECHNOLOGIES INC,0.00,0.00,0.00,0.00,0.00,0.00,0.00
CEPU,CENTRAL PUERTO S.A.,0.00,0.00,0.00,0.00,0.00,0.00,0.00
ARDT,Ardent Health Partners Inc.,0.00,0.00,0.00,0.00,0.00,0.00,0.00
TMDX,TransMedics Group Inc.,0.00,0.00,0.00,0.00,0.00,0.00,0.00
ADX,ADAMS DIVERSIFIED EQUITY FUND INC.,0.00,0.00,0.00,0.00,0.00,0.00,0.00
WLY,JOHN WILEY & SONS INC.,0.00,0.00,0.00,0.00,0.00,0.00,0.00
MCW,Mister Car Wash Inc.,0.00,0.00,0.00,0.00,0.00,0.00,0.00
EXTR,EXTREME NETWORKS INC,0.00,0.00,0.00,0.00,0.00,0.00,0.00
STRA,Strategic Education Inc.,0.00,0.00,0.00,0.00,0.00,0.00,0.00
LSPD,Lightspeed Commerce Inc.,0.00,0.00,0.00,0.00,0.00,0.00,0.00
ROIC,RETAIL OPPORTUNITY INVESTMENTS CORP,0.00,0.00,0.00,0.00,0.00,0.00,0.00
KWR,QUAKER CHEMICAL CORP,0.00,0.00,0.00,0.00,0.00,0.00,0.00
RUN,Sunrun Inc.,0.00,0.00,0.00,0.00,0.00,0.00,0.00
EPAC,ENERPAC TOOL GROUP CORP,0.00,0.00,0.00,0.00,0.00,0.00,0.00
HNI,HNI CORP,0.00,0.00,0.00,0.00,0.00,0.00,0.00
HURN,Huron Consulting Group Inc.,0.00,0.00,0.00,0.00,0.00,0.00,0.00
BANR,BANNER CORP,0.00,0.09,0.00,0.00,0.00,0.00,0.00
VSH,VISHAY INTERTECHNOLOGY INC,0.00,0.00,0.00,0.00,0.00,0.00,0.00
FRME,FIRST MERCHANTS CORP,0.00,0.00,0.00,0.00,0.00,0.00,0.00
IVT,InvenTrust Properties Corp.,0.00,0.00,0.00,0.00,0.00,0.00,0.00
MRX,Marex Group plc,0.00,0.00,0.00,0.00,0.00,0.00,0.00
ZD,ZIFF DAVIS INC.,0.00,0.00,0.00,0.00,0.00,0.00,0.00
CCU,UNITED BREWERIES CO INC,0.00,0.00,0.00,0.00,0.00,0.00,0.00
FLYW,Flywire Corp,0.00,0.00,0.00,0.00,0.00,0.00,0.00
MGNI,MAGNITE INC.,0.00,0.00,0.00,0.00,0.00,0.00,0.00
ENVX,Enovix Corp,0.00,0.00,0.00,0.00,0.00,0.00,0.00
VIAV,VIAVI SOLUTIONS INC.,0.00,0.00,0.00,0.00,0.00,0.00,0.00
PPBI,PACIFIC PREMIER BANCORP INC,0.00,0.00,0.00,0.00,0.00,0.00,0.00
BEAM,Beam Therapeutics Inc.,0.00,0.00,0.00,0.00,0.00,0.00,0.00
BTU,PEABODY ENERGY CORP,0.00,0.00,0.00,0.00,0.00,0.00,0.00
GOF,GUGGENHEIM STRATEGIC OPPORTUNITIES FUND,0.00,0.00,0.00,0.00,0.00,0.00,0.00
NGD,New Gold Inc. /FI,0.00,0.00,0.00,0.00,0.00,0.00,0.00
HUT,Hut 8 Corp.,0.00,0.00,0.00,0.00,0.00,0.00,0.00
PTGX,Protagonist Therapeutics Inc,0.00,0.00,0.00,0.00,0.00,0.00,0.00
KYN,Kayne Anderson Energy Infrastructure Fund Inc.,0.00,0.00,0.00,0.00,0.00,0.00,0.00
SBCF,SEACOAST BANKING CORP OF FLORIDA,0.00,0.00,0.00,0.00,0.00,0.00,0.00
CCS,Century Communities Inc.,0.00,0.00,0.00,0.00,0.00,0.00,0.00
ARCB,ARCBEST CORP /DE/,0.00,0.00,0.00,0.00,0.00,0.00,0.00
SAH,SONIC AUTOMOTIVE INC,0.00,0.00,0.00,0.00,0.00,0.00,0.00
VICR,VICOR CORP,0.00,0.00,0.00,0.00,0.00,0.00,0.00
DKL,Delek Logistics Partners LP,0.00,0.00,0.00,0.00,0.00,0.00,0.00
LION,Lionsgate Studios Corp.,0.00,0.00,0.00,0.00,0.00,0.00,0.00
TRMD,TORM plc,0.00,0.00,0.00,0.00,0.00,0.00,0.00
NHNKY,Nihon Kohden Corporation/ADR,0.00,0.00,0.00,0.00,0.00,0.00,0.00
BTE,BAYTEX ENERGY CORP.,0.00,0.00,0.00,0.00,0.00,0.00,0.00
CMBT,CMB.TECH NV,0.00,0.00,0.00,0.00,0.00,0.00,0.00
WB,WEIBO Corp,0.00,0.00,0.00,0.00,0.00,0.00,0.00
HI,Hillenbrand Inc.,0.00,0.00,0.00,0.00,0.00,0.00,0.00
CNMD,CONMED Corp,0.00,0.00,0.00,0.00,0.00,0.00,0.00
RNST,RENASANT CORP,0.00,0.00,0.00,0.00,0.00,0.00,0.00
AGX,ARGAN INC,0.00,0.00,0.00,0.00,0.00,0.00,0.00
SXI,STANDEX INTERNATIONAL CORP/DE/,0.00,0.00,0.00,0.00,0.00,0.00,0.00
GDV,GABELLI DIVIDEND & INCOME TRUST,0.00,0.00,0.00,0.00,0.00,0.00,0.00
KLC,KinderCare Learning Companies Inc.,0.00,0.00,0.00,0.00,0.00,0.00,0.00
WERN,WERNER ENTERPRISES INC,0.00,0.00,0.00,0.00,0.00,0.00,0.00
NBTB,NBT BANCORP INC,0.00,0.00,0.00,0.00,0.00,0.00,0.00
KAR,OPENLANE Inc.,0.00,0.00,0.00,0.00,0.00,0.00,0.00
CXM,Sprinklr Inc.,0.00,0.00,0.00,0.00,0.00,0.00,0.00
LMAT,LEMAITRE VASCULAR INC,0.00,0.00,0.00,0.00,0.00,0.00,0.00
CLM,CORNERSTONE STRATEGIC VALUE FUND INC,0.00,0.00,0.00,0.00,0.00,0.00,0.00
VSTS,Vestis Corp,0.00,0.00,0.00,0.00,0.01,0.00,0.00
LU,Lufax Holding Ltd,0.00,0.00,0.00,0.00,0.00,0.00,0.00
UPWK,UPWORK INC,0.00,0.00,0.00,0.00,0.00,0.00,0.00
YY,JOYY Inc.,0.00,0.00,0.00,0.00,0.00,0.00,0.00
IDYA,IDEAYA Biosciences Inc.,0.00,0.00,0.00,0.00,0.00,0.00,0.00
ALG,ALAMO GROUP INC,0.00,0.00,0.00,0.00,0.00,0.00,0.00
RVLV,Revolve Group Inc.,0.00,0.00,0.00,0.00,0.00,0.00,0.00
BKV,BKV Corp,0.00,0.00,0.00,0.00,0.00,0.00,0.00
CNTA,Centessa Pharmaceuticals plc,0.00,0.00,0.00,0.00,0.00,0.00,0.00
SOC,Sable Offshore Corp.,0.00,0.00,0.00,0.00,0.00,0.00,0.00
PLUS,EPLUS INC,0.00,0.00,0.00,0.00,0.00,0.00,0.00
VTMX,Vesta Real Estate Corporation S.A.B. de C.V.,0.00,0.00,0.00,0.00,0.00,0.00,0.00
WULF,TERAWULF INC.,0.00,0.00,0.00,0.00,0.00,0.00,0.00
SUPN,SUPERNUS PHARMACEUTICALS INC.,0.00,0.00,0.00,0.00,0.00,0.00,0.00
CRTO,Criteo S.A.,0.00,0.00,0.00,0.00,0.00,0.00,0.00
DFH,Dream Finders Homes Inc.,0.00,0.00,0.00,0.00,0.00,0.00,0.00
NEXT,NextDecade Corp.,0.00,0.00,0.00,0.00,0.00,0.00,0.00
TRMK,TRUSTMARK CORP,0.00,0.00,0.00,0.00,0.00,0.00,0.00
TARS,Tarsus Pharmaceuticals Inc.,0.00,0.00,0.00,0.00,0.00,0.00,0.00
EVTC,EVERTEC Inc.,0.00,0.00,0.00,0.00,0.00,0.00,0.00
CENT,CENTRAL GARDEN & PET CO,0.00,0.00,0.00,0.00,0.00,0.00,0.00
WSBC,WESBANCO INC,0.00,0.00,0.00,0.00,0.00,0.00,0.00
DBRG,DigitalBridge Group Inc.,0.00,0.00,0.00,0.00,0.00,0.00,0.00
EFSC,ENTERPRISE FINANCIAL SERVICES CORP,0.00,0.00,0.00,0.00,0.00,0.00,0.00
MESO,MESOBLAST LTD,0.00,0.00,0.00,0.00,0.00,0.00,0.00
LGND,LIGAND PHARMACEUTICALS INC,0.00,0.00,0.00,0.00,0.00,0.00,0.00
PINC,Premier Inc.,0.00,0.00,0.00,0.00,0.01,0.00,0.00
CABO,Cable One Inc.,0.00,0.00,0.00,0.00,0.00,0.00,0.00
INSW,International Seaways Inc.,0.00,0.00,0.00,0.00,0.00,0.00,0.00
PWP,Perella Weinberg Partners,0.00,0.00,0.00,0.00,0.00,0.00,0.00
PHIN,PHINIA INC.,0.00,0.00,0.00,0.00,0.00,0.00,0.00
MIRM,Mirum Pharmaceuticals Inc.,0.00,0.00,0.00,0.00,0.00,0.00,0.00
ENLT,Enlight Renewable Energy Ltd.,0.00,0.00,0.00,0.00,0.00,0.00,0.00
WOR,WORTHINGTON ENTERPRISES INC.,0.00,0.00,0.00,0.00,0.00,0.00,0.00
AVDX,AvidXchange Holdings Inc.,0.00,0.00,0.00,0.00,0.00,0.00,0.00
AFLYY,AIR FRANCE-KLM /FI,0.00,0.00,0.00,0.00,0.00,0.00,0.00
PACS,PACS Group Inc.,0.00,0.00,0.00,0.00,0.00,0.00,0.00
PAGS,PagSeguro Digital Ltd.,0.00,0.00,0.00,0.00,0.00,0.00,0.00
USA,LIBERTY ALL STAR EQUITY FUND,0.00,0.00,0.00,0.00,0.00,0.00,0.00
GBX,GREENBRIER COMPANIES INC,0.00,0.00,0.00,0.00,0.00,0.00,0.00
SYBT,Stock Yards Bancorp Inc.,0.00,0.00,0.00,0.00,0.00,0.00,0.00
LGIH,LGI Homes Inc.,0.00,0.00,0.00,0.00,0.00,0.00,0.00
FL,FOOT LOCKER INC.,0.00,0.00,0.00,0.00,0.00,0.00,0.00
OMCL,OMNICELL INC.,0.00,0.00,0.00,0.00,0.00,0.00,0.00
ZGN,Ermenegildo Zegna N.V.,0.00,0.00,0.00,0.00,0.00,0.00,0.00
AGIO,AGIOS PHARMACEUTICALS INC.,0.00,0.00,0.00,0.00,0.00,0.00,0.00
OSW,ONESPAWORLD HOLDINGS Ltd,0.00,0.00,0.00,0.00,0.00,0.00,0.00
TSLX,Sixth Street Specialty Lending Inc.,0.00,0.00,0.00,0.00,0.00,0.00,0.00
TRIP,TripAdvisor Inc.,0.00,0.00,0.00,0.00,0.01,0.00,0.00
MTRN,MATERION Corp,0.00,0.00,0.00,0.00,0.00,0.00,0.00
TFIN,Triumph Financial Inc.,0.00,0.00,0.00,0.00,0.00,0.00,0.00
CHEF,Chefs' Warehouse Inc.,0.00,0.00,0.00,0.00,0.00,0.00,0.00
NXRT,NexPoint Residential Trust Inc.,0.00,0.00,0.00,0.00,0.00,0.00,0.00
EDN,EDENOR,0.00,0.00,0.00,0.00,0.00,0.00,0.00
SUPV,Grupo Supervielle S.A.,0.00,0.00,0.00,0.00,0.00,0.00,0.00
GERN,GERON CORP,0.00,0.00,0.00,0.00,0.00,0.00,0.00
GOGL,Golden Ocean Group Ltd,0.00,0.00,0.00,0.00,0.00,0.00,0.00
HSAI,Hesai Group,0.00,0.00,0.00,0.00,0.00,0.00,0.00
ORLA,Orla Mining Ltd.,0.00,0.00,0.00,0.00,0.00,0.00,0.00
COCO,Vita Coco Company Inc.,0.00,0.00,0.00,0.00,0.00,0.00,0.00
HG,Hamilton Insurance Group Ltd.,0.00,0.00,0.00,0.00,0.00,0.00,0.00
RAMP,LiveRamp Holdings Inc.,0.00,0.00,0.00,0.00,0.00,0.00,0.00
IOVA,IOVANCE BIOTHERAPEUTICS INC.,0.00,0.00,0.00,0.00,0.00,0.00,0.00
HRMY,Harmony Biosciences Holdings Inc.,0.00,0.00,0.00,0.00,0.00,0.00,0.00
MBC,MasterBrand Inc.,0.00,0.00,0.00,0.00,0.00,0.00,0.00
AGM,FEDERAL AGRICULTURAL MORTGAGE CORP,0.00,0.00,0.00,0.00,0.00,0.00,0.00
NDOI,Endo Inc.,0.00,0.00,0.00,0.00,0.00,0.00,0.00
GTX,Garrett Motion Inc.,0.00,0.00,0.00,0.00,0.00,0.00,0.00
CDLR,Cadeler A/S,0.00,0.00,0.00,0.00,0.00,0.00,0.00
CVI,CVR ENERGY INC,0.00,0.00,0.00,0.00,0.00,0.00,0.00
TALO,TALOS ENERGY INC.,0.00,0.00,0.00,0.00,0.00,0.00,0.00
NEO,NEOGENOMICS INC,0.00,0.00,0.00,0.00,0.00,0.00,0.00
VYX,NCR Voyix Corp,0.00,0.00,0.00,0.00,0.00,0.00,0.00
TXG,10x Genomics Inc.,0.00,0.00,0.00,0.00,0.00,0.00,0.00
VSEC,VSE CORP,0.00,0.00,0.00,0.00,0.00,0.00,0.00
CLMT,Calumet Inc. /DE,0.00,0.00,0.00,0.00,0.00,0.00,0.00
WNS,WNS (HOLDINGS) LTD,0.00,0.00,0.00,0.00,0.00,0.00,0.00
INTR,Inter & Co Inc.,0.00,0.00,0.00,0.00,0.00,0.00,0.00
GENI,Genius Sports Ltd,0.00,0.00,0.00,0.00,0.00,0.00,0.00
EVCM,EverCommerce Inc.,0.00,0.00,0.00,0.00,0.00,0.00,0.00
OXLC,Oxford Lane Capital Corp.,0.00,0.00,0.00,0.00,0.00,0.00,0.00
CRI,CARTERS INC,0.00,0.08,0.00,0.00,0.01,0.00,0.00
SLNO,SOLENO THERAPEUTICS INC,0.00,0.00,0.00,0.00,0.00,0.00,0.00
TRUP,TRUPANION INC.,0.00,0.00,0.00,0.00,0.00,0.00,0.00
FTF,FRANKLIN LTD DURATION INCOME TRUST,0.00,0.00,0.00,0.00,0.00,0.00,0.00
KMT,KENNAMETAL INC,0.00,0.00,0.00,0.00,0.00,0.00,0.00
DAVA,Endava plc,0.00,0.00,0.00,0.00,0.00,0.00,0.00
UFPT,UFP TECHNOLOGIES INC,0.00,0.00,0.00,0.00,0.00,0.00,0.00
BWLP,BW LPG Ltd,0.00,0.00,0.00,0.00,0.00,0.00,0.00
ALGT,Allegiant Travel CO,0.00,0.00,0.00,0.00,0.00,0.00,0.00
PRM,Perimeter Solutions Inc.,0.00,0.00,0.00,0.00,0.00,0.00,0.00
ULCC,Frontier Group Holdings Inc.,0.00,0.00,0.00,0.00,0.00,0.00,0.00
WWW,WOLVERINE WORLD WIDE INC /DE/,0.00,0.00,0.00,0.00,0.00,0.00,0.00
MQ,Marqeta Inc.,0.00,0.00,0.00,0.00,0.00,0.00,0.00
OFG,OFG BANCORP,0.00,0.08,0.00,0.00,0.00,0.00,0.00
IBTA,Ibotta Inc.,0.00,0.00,0.00,0.00,0.00,0.00,0.00
PSEC,PROSPECT CAPITAL CORP,0.00,0.00,0.00,0.00,0.00,0.00,0.00
PEGRY,Pennon Group Plc / ADR,0.00,0.00,0.00,0.00,0.00,0.00,0.00
LGF-A,LIONS GATE ENTERTAINMENT CORP /CN/,0.00,0.00,0.00,0.00,0.00,0.00,0.00
HPK,HighPeak Energy Inc.,0.00,0.00,0.00,0.00,0.00,0.00,0.00
HLMN,Hillman Solutions Corp.,0.00,0.00,0.00,0.00,0.00,0.00,0.00
DRH,DiamondRock Hospitality Co,0.00,0.00,0.00,0.00,0.00,0.00,0.00
AAT,American Assets Trust Inc.,0.00,0.00,0.00,0.00,0.00,0.00,0.00
CNXN,PC CONNECTION INC,0.00,0.00,0.00,0.00,0.00,0.00,0.00
CLOV,CLOVER HEALTH INVESTMENTS CORP. /DE,0.00,0.00,0.00,0.00,0.00,0.00,0.00
FIHL,Fidelis Insurance Holdings Ltd,0.00,0.00,0.00,0.00,0.00,0.00,0.00
IQ,iQIYI Inc.,0.00,0.00,0.00,0.00,0.00,0.00,0.00
MSDL,Morgan Stanley Direct Lending Fund,0.00,0.00,0.00,0.00,0.00,0.00,0.00
RVT,ROYCE SMALL-CAP TRUST INC.,0.00,0.00,0.00,0.00,0.00,0.00,0.00
SBLK,Star Bulk Carriers Corp.,0.00,0.00,0.00,0.00,0.00,0.00,0.00
SIMO,Silicon Motion Technology CORP,0.00,0.00,0.00,0.00,0.00,0.00,0.00
LZB,LA-Z-BOY INC,0.00,0.00,0.00,0.00,0.00,0.00,0.00
AG,FIRST MAJESTIC SILVER CORP,0.00,0.00,0.00,0.00,0.00,0.00,0.00
EVT,Eaton Vance Tax-Advantaged Dividend Income Fund,0.00,0.00,0.00,0.00,0.00,0.00,0.00
IIPR,INNOVATIVE INDUSTRIAL PROPERTIES INC,0.00,0.00,0.00,0.00,0.00,0.00,0.00
NUV,NUVEEN MUNICIPAL VALUE FUND INC,0.00,0.00,0.00,0.00,0.00,0.00,0.00
ROG,ROGERS CORP,0.00,0.00,0.00,0.00,0.00,0.00,0.00
AILIH,Ameren Illinois Co,0.00,0.00,0.00,0.00,0.00,0.00,0.00
CENX,CENTURY ALUMINUM CO,0.00,0.00,0.00,0.00,0.00,0.00,0.00
JAMF,Jamf Holding Corp.,0.00,0.00,0.00,0.00,0.00,0.00,0.00
WMK,WEIS MARKETS INC,0.00,0.00,0.00,0.00,0.00,0.00,0.00
IBRX,ImmunityBio Inc.,0.00,0.00,0.00,0.00,0.00,0.00,0.00
SID,NATIONAL STEEL CO,0.00,0.00,0.00,0.00,0.00,0.00,0.00
SONO,Sonos Inc,0.00,0.00,0.00,0.00,0.00,0.00,0.00
IRON,Disc Medicine Inc.,0.00,0.00,0.00,0.00,0.00,0.00,0.00
MNR,MACH NATURAL RESOURCES LP,0.00,0.00,0.00,0.00,0.00,0.00,0.00
JAG,Job Aire Group Inc.,0.00,0.00,0.00,0.00,0.00,0.00,0.00
SPT,Sprout Social Inc.,0.00,0.00,0.00,0.00,0.00,0.00,0.00
HTH,Hilltop Holdings Inc.,0.00,0.00,0.00,0.00,0.00,0.00,0.00
OBDE,Blue Owl Capital Corp III,0.00,0.00,0.00,0.00,0.00,0.00,0.00
APLD,Applied Digital Corp.,0.00,0.00,0.00,0.00,0.00,0.00,0.00
MBUMY,Mabuchi Motor Co. Ltd./ADR,0.00,0.00,0.00,0.00,0.00,0.00,0.00
DNN,DENISON MINES CORP.,0.00,0.00,0.00,0.00,0.00,0.00,0.00
CASH,PATHWARD FINANCIAL INC.,0.00,0.00,0.00,0.00,0.00,0.00,0.00
FINV,FinVolution Group,0.00,0.00,0.00,0.00,0.00,0.00,0.00
KOS,Kosmos Energy Ltd.,0.00,0.00,0.00,0.00,0.00,0.00,0.00
VITL,Vital Farms Inc.,0.00,0.00,0.00,0.00,0.00,0.00,0.00
DHT,DHT Holdings Inc.,0.00,0.00,0.00,0.00,0.00,0.00,0.00
CIFR,Cipher Mining Inc.,0.00,0.00,0.00,0.00,0.00,0.00,0.00
BLTE,BELITE BIO INC,0.00,0.00,0.00,0.00,0.00,0.00,0.00
BBUC,Brookfield Business Corp,0.00,0.00,0.00,0.00,0.00,0.00,0.00
MXL,MAXLINEAR INC,0.00,0.00,0.00,0.00,0.00,0.00,0.00
GDRX,GoodRx Holdings Inc.,0.00,0.00,0.00,0.00,0.00,0.00,0.00
GTBIF,Green Thumb Industries Inc.,0.00,0.00,0.00,0.00,0.00,0.00,0.00
AMPH,Amphastar Pharmaceuticals Inc.,0.00,0.00,0.00,0.00,0.00,0.00,0.00
FUBO,fuboTV Inc. /FL,0.00,0.00,0.00,0.00,0.00,0.00,0.00
LOMA,Loma Negra Compania Industrial Argentina Sociedad Anonima,0.00,0.00,0.00,0.00,0.00,0.00,0.00
CTRI,Centuri Holdings Inc.,0.00,0.00,0.00,0.00,0.00,0.00,0.00
CERT,Certara Inc.,0.00,0.00,0.00,0.00,0.01,0.00,0.00
CMPR,CIMPRESS plc,0.00,0.00,0.00,0.00,0.00,0.00,0.00
PAX,Patria Investments Ltd,0.00,0.00,0.00,0.00,0.00,0.00,0.00
AKRO,Akero Therapeutics Inc.,0.00,0.00,0.00,0.00,0.00,0.00,0.00
TDOC,Teladoc Health Inc.,0.00,0.00,0.00,0.00,0.00,0.00,0.00
PROK,PROKIDNEY CORP.,0.00,0.00,0.00,0.00,0.00,0.00,0.00
KN,Knowles Corp,0.00,0.00,0.00,0.00,0.00,0.00,0.00
GLPG,GALAPAGOS NV,0.00,0.00,0.00,0.00,0.00,0.00,0.00
THS,TreeHouse Foods Inc.,0.00,0.00,0.00,0.00,0.00,0.00,0.00
NABL,N-able Inc.,0.00,0.00,0.00,0.00,0.00,0.00,0.00
ROCK,GIBRALTAR INDUSTRIES INC.,0.00,0.00,0.00,0.00,0.00,0.00,0.00
GDYN,GRID DYNAMICS HOLDINGS INC.,0.00,0.00,0.00,0.00,0.00,0.00,0.00
IART,INTEGRA LIFESCIENCES HOLDINGS CORP,0.00,0.00,0.00,0.00,0.00,0.00,0.00
WVE,Wave Life Sciences Ltd.,0.00,0.00,0.00,0.00,0.00,0.00,0.00
PRDO,PERDOCEO EDUCATION Corp,0.00,0.00,0.00,0.00,0.00,0.00,0.00
LC,LendingClub Corp,0.00,0.00,0.00,0.00,0.00,0.00,0.00
SEMR,SEMrush Holdings Inc.,0.00,0.00,0.00,0.00,0.00,0.00,0.00
SKWD,Skyward Specialty Insurance Group Inc.,0.00,0.00,0.00,0.00,0.00,0.00,0.00
REVG,REV Group Inc.,0.00,0.00,0.00,0.00,0.00,0.00,0.00
VIR,Vir Biotechnology Inc.,0.00,0.00,0.00,0.00,0.00,0.00,0.00
VRE,Veris Residential Inc.,0.00,0.00,0.00,0.00,0.00,0.00,0.00
FBNC,FIRST BANCORP /NC/,0.00,0.00,0.00,0.00,0.00,0.00,0.00
NEP,NEXTERA ENERGY PARTNERS LP,0.00,0.00,0.00,0.00,0.00,0.00,0.00
MNKD,MANNKIND CORP,0.00,0.00,0.00,0.00,0.00,0.00,0.00
ECAT,BlackRock ESG Capital Allocation Term Trust,0.00,0.00,0.00,0.00,0.00,0.00,0.00
UCTT,Ultra Clean Holdings Inc.,0.00,0.00,0.00,0.00,0.00,0.00,0.00
SAND,SANDSTORM GOLD LTD,0.00,0.00,0.00,0.00,0.00,0.00,0.00
LKFN,LAKELAND FINANCIAL CORP,0.00,0.07,0.00,0.00,0.00,0.00,0.00
CHCO,CITY HOLDING CO,0.00,0.07,0.00,0.00,0.00,0.00,0.00
XMTR,Xometry Inc.,0.00,0.00,0.00,0.00,0.00,0.00,0.00
EXPI,EXP World Holdings Inc.,0.00,0.00,0.00,0.00,0.00,0.00,0.00
DFIN,Donnelley Financial Solutions Inc.,0.00,0.00,0.00,0.00,0.00,0.00,0.00
WBTN,WEBTOON Entertainment Inc.,0.00,0.00,0.00,0.00,0.00,0.00,0.00
PRG,PROG Holdings Inc.,0.00,0.00,0.00,0.00,0.00,0.00,0.00
DAN,DANA INC,0.00,0.00,0.00,0.00,0.00,0.00,0.00
BCAT,BlackRock Capital Allocation Term Trust,0.00,0.00,0.00,0.00,0.00,0.00,0.00
GNL,Global Net Lease Inc.,0.00,0.00,0.00,0.00,0.00,0.00,0.00
PCT,PureCycle Technologies Inc.,0.00,0.00,0.00,0.00,0.00,0.00,0.00
STC,STEWART INFORMATION SERVICES CORP,0.00,0.00,0.00,0.00,0.00,0.00,0.00
MSGE,Madison Square Garden Entertainment Corp.,0.00,0.00,0.00,0.00,0.00,0.00,0.00
LOB,Live Oak Bancshares Inc.,0.00,0.00,0.00,0.00,0.00,0.00,0.00
ETV,Eaton Vance Tax-Managed Buy-Write Opportunities Fund,0.00,0.00,0.00,0.00,0.00,0.00,0.00
BBU,Brookfield Business Partners L.P.,0.00,0.00,0.00,0.00,0.00,0.00,0.00
DVAX,DYNAVAX TECHNOLOGIES CORP,0.00,0.00,0.00,0.00,0.00,0.00,0.00
UNFI,UNITED NATURAL FOODS INC,0.00,0.00,0.00,0.00,0.00,0.00,0.00
KEN,Kenon Holdings Ltd.,0.00,0.00,0.00,0.00,0.00,0.00,0.00
LUNR,Intuitive Machines Inc.,0.00,0.00,0.00,0.00,0.00,0.00,0.00
GAB,GABELLI EQUITY TRUST INC,0.00,0.00,0.00,0.00,0.00,0.00,0.00
SVV,Savers Value Village Inc.,0.00,0.00,0.00,0.00,0.00,0.00,0.00
AMBP,Ardagh Metal Packaging S.A.,0.00,0.00,0.00,0.00,0.00,0.00,0.00
CLDX,Celldex Therapeutics Inc.,0.00,0.00,0.00,0.00,0.00,0.00,0.00
WTTR,Select Water Solutions Inc.,0.00,0.00,0.00,0.00,0.00,0.00,0.00
NAC,Nuveen California Quality Municipal Income Fund,0.00,0.00,0.00,0.00,0.00,0.00,0.00
BHE,BENCHMARK ELECTRONICS INC,0.00,0.00,0.00,0.00,0.00,0.00,0.00
TY,TRI-CONTINENTAL Corp,0.00,0.00,0.00,0.00,0.00,0.00,0.00
ARQT,Arcutis Biotherapeutics Inc.,0.00,0.00,0.00,0.00,0.00,0.00,0.00
FTRE,Fortrea Holdings Inc.,0.00,0.00,0.00,0.00,0.01,0.00,0.00
RQI,COHEN & STEERS QUALITY INCOME REALTY FUND INC,0.00,0.00,0.00,0.00,0.00,0.00,0.00
GO,Grocery Outlet Holding Corp.,0.00,0.00,0.00,0.00,0.01,0.00,0.00
HEES,H&E Equipment Services Inc.,0.00,0.00,0.00,0.00,0.00,0.00,0.00
BIGZ,BlackRock Innovation & Growth Term Trust,0.00,0.00,0.00,0.00,0.00,0.00,0.00
BCRX,BIOCRYST PHARMACEUTICALS INC,0.00,0.00,0.00,0.00,0.00,0.00,0.00
FCF,FIRST COMMONWEALTH FINANCIAL CORP /PA/,0.00,0.07,0.00,0.00,0.00,0.00,0.00
XPRO,EXPRO GROUP HOLDINGS N.V.,0.00,0.00,0.00,0.00,0.00,0.00,0.00
QBTS,D-Wave Quantum Inc.,0.00,0.00,0.00,0.00,0.00,0.00,0.00
DESP,Despegar.com Corp.,0.00,0.00,0.00,0.00,0.00,0.00,0.00
DMLP,DORCHESTER MINERALS L.P.,0.00,0.00,0.00,0.00,0.00,0.00,0.00
GTY,GETTY REALTY CORP /MD/,0.00,0.00,0.00,0.00,0.00,0.00,0.00
IAS,INTEGRAL AD SCIENCE HOLDING CORP.,0.00,0.00,0.00,0.00,0.00,0.00,0.00
BMEZ,BlackRock Health Sciences Term Trust,0.00,0.00,0.00,0.00,0.00,0.00,0.00
UPBD,UPBOUND GROUP INC.,0.00,0.00,0.00,0.00,0.00,0.00,0.00
PGNY,Progyny Inc.,0.00,0.00,0.00,0.00,0.00,0.00,0.00
NWBI,Northwest Bancshares Inc.,0.00,0.06,0.00,0.00,0.00,0.00,0.00
PD,PagerDuty Inc.,0.00,0.00,0.00,0.00,0.00,0.00,0.00
VET,VERMILION ENERGY INC.,0.00,0.00,0.00,0.00,0.00,0.00,0.00
PDO,PIMCO Dynamic Income Opportunities Fund,0.00,0.00,0.00,0.00,0.00,0.00,0.00
MBIN,Merchants Bancorp,0.00,0.00,0.00,0.00,0.00,0.00,0.00
CODI,Compass Diversified Holdings,0.00,0.00,0.00,0.00,0.00,0.00,0.00
VRNT,VERINT SYSTEMS INC,0.00,0.00,0.00,0.00,0.00,0.00,0.00
OI,O-I Glass Inc. /DE/,0.00,0.00,0.00,0.00,0.00,0.00,0.00
XHR,Xenia Hotels & Resorts Inc.,0.00,0.00,0.00,0.00,0.00,0.00,0.00
DSGR,Distribution Solutions Group Inc.,0.00,0.00,0.00,0.00,0.00,0.00,0.00
PEB,Pebblebrook Hotel Trust,0.00,0.00,0.00,0.00,0.00,0.00,0.00
DYN,Dyne Therapeutics Inc.,0.00,0.00,0.00,0.00,0.00,0.00,0.00
ARCO,Arcos Dorados Holdings Inc.,0.00,0.00,0.00,0.00,0.00,0.00,0.00
GLP,GLOBAL PARTNERS LP,0.00,0.00,0.00,0.00,0.00,0.00,0.00
MTTR,Matterport Inc./DE,0.00,0.00,0.00,0.00,0.00,0.00,0.00
AAOI,APPLIED OPTOELECTRONICS INC.,0.00,0.00,0.00,0.00,0.00,0.00,0.00
DNUT,Krispy Kreme Inc.,0.00,0.00,0.00,0.00,0.00,0.00,0.00
TVTX,Travere Therapeutics Inc.,0.00,0.00,0.00,0.00,0.00,0.00,0.00
NBHC,National Bank Holdings Corp,0.00,0.00,0.00,0.00,0.00,0.00,0.00
CLBK,Columbia Financial Inc.,0.00,0.00,0.00,0.00,0.00,0.00,0.00
WKC,WORLD KINECT CORP,0.00,0.00,0.00,0.00,0.00,0.00,0.00
TNK,TEEKAY TANKERS LTD.,0.00,0.00,0.00,0.00,0.00,0.00,0.00
INFN,Infinera Corp,0.00,0.00,0.00,0.00,0.00,0.00,0.00
BSTZ,BlackRock Science & Technology Term Trust,0.00,0.00,0.00,0.00,0.00,0.00,0.00
EVO,Evotec SE,0.00,0.00,0.00,0.00,0.00,0.00,0.00
ATRC,AtriCure Inc.,0.00,0.00,0.00,0.00,0.00,0.00,0.00
PHR,Phreesia Inc.,0.00,0.00,0.00,0.00,0.00,0.00,0.00
NTB,Bank of N.T. Butterfield & Son Ltd,0.00,0.00,0.00,0.00,0.00,0.00,0.00
OPRA,Opera Ltd,0.00,0.00,0.00,0.00,0.00,0.00,0.00
STGW,Stagwell Inc,0.00,0.00,0.00,0.00,0.00,0.00,0.00
MODG,Topgolf Callaway Brands Corp.,0.00,0.00,0.00,0.00,0.00,0.00,0.00
DBD,DIEBOLD NIXDORF Inc,0.00,0.00,0.00,0.00,0.00,0.00,0.00
ARHS,Arhaus Inc.,0.00,0.00,0.00,0.00,0.00,0.00,0.00
NWN,Northwest Natural Holding Co,0.00,0.00,0.00,0.00,0.00,0.00,0.00
EPC,EDGEWELL PERSONAL CARE Co,0.00,0.00,0.00,0.00,0.00,0.00,0.00
ZUO,ZUORA INC,0.00,0.00,0.00,0.00,0.00,0.00,0.00
NN,NEXTNAV INC.,0.00,0.00,0.00,0.00,0.00,0.00,0.00
SVMB,Jingbo Technology Inc.,0.00,0.00,0.00,0.00,0.00,0.00,0.00
HDL,SUPER HI INTERNATIONAL HOLDING LTD.,0.00,0.00,0.00,0.00,0.00,0.00,0.00
LUCK,Lucky Strike Entertainment Corp,0.00,0.00,0.00,0.00,0.00,0.00,0.00
BDJ,BlackRock Enhanced Equity Dividend Trust,0.00,0.00,0.00,0.00,0.00,0.00,0.00
NTCT,NETSCOUT SYSTEMS INC,0.00,0.00,0.00,0.00,0.00,0.00,0.00
NIC,NICOLET BANKSHARES INC,0.00,0.00,0.00,0.00,0.00,0.00,0.00
SSRM,SSR MINING INC.,0.00,0.00,0.00,0.00,0.00,0.00,0.00
KSS,KOHLS Corp,0.00,0.00,0.00,0.00,0.01,0.00,0.00
STEW,SRH Total Return Fund Inc.,0.00,0.00,0.00,0.00,0.00,0.00,0.00
VECO,VEECO INSTRUMENTS INC,0.00,0.00,0.00,0.00,0.00,0.00,0.00
LTC,LTC PROPERTIES INC,0.00,0.00,0.00,0.00,0.00,0.00,0.00
CSTM,CONSTELLIUM SE,0.00,0.00,0.00,0.00,0.00,0.00,0.00
RLJ,RLJ Lodging Trust,0.00,0.00,0.00,0.00,0.00,0.00,0.00
CTS,CTS CORP,0.00,0.00,0.00,0.00,0.00,0.00,0.00
PLYA,Playa Hotels & Resorts N.V.,0.00,0.00,0.00,0.00,0.00,0.00,0.00
GB,Global Blue Group Holding AG,0.00,0.00,0.00,0.00,0.00,0.00,0.00
SJW,SJW GROUP,0.00,0.00,0.00,0.00,0.00,0.00,0.00
TNC,TENNANT CO,0.00,0.00,0.00,0.00,0.00,0.00,0.00
ERO,Ero Copper Corp.,0.00,0.00,0.00,0.00,0.00,0.00,0.00
DAC,Danaos Corp,0.00,0.00,0.00,0.00,0.00,0.00,0.00
BAK,BRASKEM SA,0.00,0.00,0.00,0.00,0.00,0.00,0.00
SILV,SilverCrest Metals Inc.,0.00,0.00,0.00,0.00,0.00,0.00,0.00
INDV,INDIVIOR PLC,0.00,0.00,0.00,0.00,0.00,0.00,0.00
PLAB,PHOTRONICS INC,0.00,0.00,0.00,0.00,0.00,0.00,0.00
IMCR,Immunocore Holdings plc,0.00,0.00,0.00,0.00,0.00,0.00,0.00
SHCO,Soho House & Co Inc.,0.00,0.00,0.00,0.00,0.00,0.00,0.00
NHC,NATIONAL HEALTHCARE CORP,0.00,0.00,0.00,0.00,0.00,0.00,0.00
KARO,Karooooo Ltd.,0.00,0.00,0.00,0.00,0.00,0.00,0.00
CMRE,Costamare Inc.,0.00,0.00,0.00,0.00,0.00,0.00,0.00
SPHR,Sphere Entertainment Co.,0.00,0.00,0.00,0.00,0.00,0.00,0.00
KRP,Kimbell Royalty Partners LP,0.00,0.00,0.00,0.00,0.00,0.00,0.00
HMN,HORACE MANN EDUCATORS CORP /DE/,0.00,0.00,0.00,0.00,0.00,0.00,0.00
EVEX,Eve Holding Inc.,0.00,0.00,0.00,0.00,0.00,0.00,0.00
NVAX,NOVAVAX INC,0.00,0.00,0.00,0.00,0.00,0.00,0.00
MAG,MAG SILVER CORP,0.00,0.00,0.00,0.00,0.00,0.00,0.00
VNET,VNET Group Inc.,0.00,0.00,0.00,0.00,0.00,0.00,0.00
VVX,V2X Inc.,0.00,0.00,0.00,0.00,0.00,0.00,0.00
MLKN,MILLERKNOLL INC.,0.00,0.00,0.00,0.00,0.00,0.00,0.00
HLIT,HARMONIC INC,0.00,0.00,0.00,0.00,0.00,0.00,0.00
HLIO,HELIOS TECHNOLOGIES INC.,0.00,0.00,0.00,0.00,0.00,0.00,0.00
XNCR,Xencor Inc,0.00,0.00,0.00,0.00,0.00,0.00,0.00
FDP,FRESH DEL MONTE PRODUCE INC,0.00,0.00,0.00,0.00,0.00,0.00,0.00
WS,Worthington Steel Inc.,0.00,0.00,0.00,0.00,0.00,0.00,0.00
TICA,ACUREN CORP,0.00,0.00,0.00,0.00,0.00,0.00,0.00
AMC,AMC ENTERTAINMENT HOLDINGS INC.,0.00,0.00,0.00,0.00,0.00,0.00,0.00
SFL,SFL Corp Ltd.,0.00,0.00,0.00,0.00,0.00,0.00,0.00
DXPE,DXP ENTERPRISES INC,0.00,0.00,0.00,0.00,0.00,0.00,0.00
ATSG,Air Transport Services Group Inc.,0.00,0.00,0.00,0.00,0.00,0.00,0.00
ARIS,Aris Water Solutions Inc.,0.00,0.00,0.00,0.00,0.00,0.00,0.00
SEI,Solaris Energy Infrastructure Inc.,0.00,0.00,0.00,0.00,0.00,0.00,0.00
EVH,Evolent Health Inc.,0.00,0.00,0.00,0.00,0.00,0.00,0.00
CSGS,CSG SYSTEMS INTERNATIONAL INC,0.00,0.00,0.00,0.00,0.00,0.00,0.00
ANDE,Andersons Inc.,0.00,0.00,0.00,0.00,0.00,0.00,0.00
GPCR,Structure Therapeutics Inc.,0.00,0.00,0.00,0.00,0.00,0.00,0.00
ADEA,Adeia Inc.,0.00,0.00,0.00,0.00,0.00,0.00,0.00
MCRI,MONARCH CASINO & RESORT INC,0.00,0.00,0.00,0.00,0.00,0.00,0.00
VRDN,Viridian Therapeutics Inc.DE,0.00,0.00,0.00,0.00,0.00,0.00,0.00
KNSA,Kiniksa Pharmaceuticals International plc,0.00,0.00,0.00,0.00,0.00,0.00,0.00
TROX,Tronox Holdings plc,0.00,0.00,0.00,0.00,0.00,0.00,0.00
VRTS,VIRTUS INVESTMENT PARTNERS INC.,0.00,0.06,0.00,0.00,0.00,0.00,0.00
HE,HAWAIIAN ELECTRIC INDUSTRIES INC,0.00,0.00,0.00,0.00,0.00,0.00,0.00
KRNT,Kornit Digital Ltd.,0.00,0.00,0.00,0.00,0.00,0.00,0.00
CUBI,Customers Bancorp Inc.,0.00,0.00,0.00,0.00,0.00,0.00,0.00
GSG,iShares S&P GSCI Commodity-Indexed Trust,0.00,0.00,0.00,0.00,0.00,0.00,0.00
BV,BrightView Holdings Inc.,0.00,0.00,0.00,0.00,0.00,0.00,0.00
BXMX,Nuveen S&P 500 BuyWrite Income Fund,0.00,0.00,0.00,0.00,0.00,0.00,0.00
HYT,BLACKROCK CORPORATE HIGH YIELD FUND INC.,0.00,0.00,0.00,0.00,0.00,0.00,0.00
PX,P10 Inc.,0.00,0.00,0.00,0.00,0.00,0.00,0.00
SPNS,SAPIENS INTERNATIONAL CORP N V,0.00,0.00,0.00,0.00,0.00,0.00,0.00
TGI,TRIUMPH GROUP INC,0.00,0.00,0.00,0.00,0.00,0.00,0.00
MLNK,MeridianLink Inc.,0.00,0.00,0.00,0.00,0.00,0.00,0.00
HELE,HELEN OF TROY LTD,0.00,0.00,0.00,0.00,0.00,0.00,0.00
ADNT,Adient plc,0.00,0.00,0.00,0.00,0.00,0.00,0.00
STEL,Stellar Bancorp Inc.,0.00,0.00,0.00,0.00,0.00,0.00,0.00
SDGR,Schrodinger Inc.,0.00,0.00,0.00,0.00,0.00,0.00,0.00
GSBD,Goldman Sachs BDC Inc.,0.00,0.00,0.00,0.00,0.00,0.00,0.00
FSM,FORTUNA MINING CORP.,0.00,0.00,0.00,0.00,0.00,0.00,0.00
FLNG,Flex LNG Ltd.,0.00,0.00,0.00,0.00,0.00,0.00,0.00
NAVI,NAVIENT CORP,0.00,0.00,0.00,0.00,0.00,0.00,0.00
ETG,Eaton Vance Tax-Advantaged Global Dividend Income Fund,0.00,0.00,0.00,0.00,0.00,0.00,0.00
UMH,UMH PROPERTIES INC.,0.00,0.00,0.00,0.00,0.00,0.00,0.00
ATEC,Alphatec Holdings Inc.,0.00,0.00,0.00,0.00,0.00,0.00,0.00
DSL,DoubleLine Income Solutions Fund,0.00,0.00,0.00,0.00,0.00,0.00,0.00
SSII,SS Innovations International Inc.,0.00,0.00,0.00,0.00,0.00,0.00,0.00
SASR,SANDY SPRING BANCORP INC,0.00,0.00,0.00,0.00,0.00,0.00,0.00
GIII,G III APPAREL GROUP LTD /DE/,0.00,0.00,0.00,0.00,0.00,0.00,0.00
LADR,Ladder Capital Corp,0.00,0.00,0.00,0.00,0.00,0.00,0.00
HOPE,HOPE BANCORP INC,0.00,0.00,0.00,0.00,0.00,0.00,0.00
NGVT,Ingevity Corp,0.00,0.00,0.00,0.00,0.00,0.00,0.00
NMM,Navios Maritime Partners L.P.,0.00,0.00,0.00,0.00,0.00,0.00,0.00
NRP,NATURAL RESOURCE PARTNERS LP,0.00,0.00,0.00,0.00,0.00,0.00,0.00
ATEN,A10 Networks Inc.,0.00,0.00,0.00,0.00,0.00,0.00,0.00
WLFC,WILLIS LEASE FINANCE CORP,0.00,0.00,0.00,0.00,0.00,0.00,0.00
RES,RPC INC,0.00,0.00,0.00,0.00,0.00,0.00,0.00
CARCY,China Resources Cement Holdings Limited/ADR/,0.00,0.00,0.00,0.00,0.00,0.00,0.00
VTLE,Vital Energy Inc.,0.00,0.00,0.00,0.00,0.00,0.00,0.00
CMPO,CompoSecure Inc.,0.00,0.00,0.00,0.00,0.00,0.00,0.00
TASK,TaskUs Inc.,0.00,0.00,0.00,0.00,0.00,0.00,0.00
DNOW,DNOW Inc.,0.00,0.00,0.00,0.00,0.00,0.00,0.00
ASTH,Astrana Health Inc.,0.00,0.00,0.00,0.00,0.00,0.00,0.00
BLBD,Blue Bird Corp,0.00,0.00,0.00,0.00,0.00,0.00,0.00
SCL,STEPAN CO,0.00,0.00,0.00,0.00,0.00,0.00,0.00
FSCO,FS Credit Opportunities Corp.,0.00,0.00,0.00,0.00,0.00,0.00,0.00
BTT,BlackRock Municipal 2030 Target Term Trust,0.00,0.00,0.00,0.00,0.00,0.00,0.00
MYGN,MYRIAD GENETICS INC,0.00,0.00,0.00,0.00,0.00,0.00,0.00
AFYA,Afya Ltd,0.00,0.00,0.00,0.00,0.00,0.00,0.00
STBA,S&T BANCORP INC,0.00,0.06,0.00,0.00,0.00,0.00,0.00
KLG,WK Kellogg Co,0.00,0.00,0.00,0.00,0.00,0.00,0.00
AHCO,AdaptHealth Corp.,0.00,0.00,0.00,0.00,0.00,0.00,0.00
OXM,OXFORD INDUSTRIES INC,0.00,0.05,0.00,0.00,0.00,0.00,0.00
AMRC,Ameresco Inc.,0.00,0.00,0.00,0.00,0.00,0.00,0.00
SRCE,1ST SOURCE CORP,0.00,0.04,0.00,0.00,0.00,0.00,0.00
WT,WisdomTree Inc.,0.00,0.00,0.00,0.00,0.00,0.00,0.00
TCBK,TRICO BANCSHARES /,0.00,0.00,0.00,0.00,0.00,0.00,0.00
UTI,UNIVERSAL TECHNICAL INSTITUTE INC,0.00,0.00,0.00,0.00,0.00,0.00,0.00
TILE,INTERFACE INC,0.00,0.00,0.00,0.00,0.00,0.00,0.00
RXST,RxSight Inc.,0.00,0.00,0.00,0.00,0.00,0.00,0.00
LNN,LINDSAY CORP,0.00,0.00,0.00,0.00,0.00,0.00,0.00
IRS,IRSA INVESTMENTS & REPRESENTATIONS INC,0.00,0.00,0.00,0.00,0.00,0.00,0.00
VBTX,Veritex Holdings Inc.,0.00,0.00,0.00,0.00,0.00,0.00,0.00
HIMX,Himax Technologies Inc.,0.00,0.00,0.00,0.00,0.00,0.00,0.00
HLX,HELIX ENERGY SOLUTIONS GROUP INC,0.00,0.00,0.00,0.00,0.00,0.00,0.00
CMRF,CIM REAL ESTATE FINANCE TRUST INC.,0.00,0.00,0.00,0.00,0.00,0.00,0.00
WINA,WINMARK CORP,0.00,0.00,0.00,0.00,0.00,0.00,0.00
BLX,FOREIGN TRADE BANK OF LATIN AMERICA INC.,0.00,0.00,0.00,0.00,0.00,0.00,0.00
COUR,Coursera Inc.,0.00,0.00,0.00,0.00,0.00,0.00,0.00
ESTA,ESTABLISHMENT LABS HOLDINGS INC.,0.00,0.00,0.00,0.00,0.00,0.00,0.00
MMI,Marcus & Millichap Inc.,0.00,0.00,0.00,0.00,0.00,0.00,0.00
LZ,LEGALZOOM.COM INC.,0.00,0.00,0.00,0.00,0.00,0.00,0.00
SGML,Sigma Lithium Corp,0.00,0.00,0.00,0.00,0.00,0.00,0.00
UNIT,Uniti Group Inc.,0.00,0.00,0.00,0.00,0.00,0.00,0.00
WABC,WESTAMERICA BANCORPORATION,0.00,0.00,0.00,0.00,0.00,0.00,0.00
CWH,Camping World Holdings Inc.,0.00,0.00,0.00,0.00,0.00,0.00,0.00
TTGT,TechTarget Inc.,0.00,0.00,0.00,0.00,0.00,0.00,0.00
AMPL,Amplitude Inc.,0.00,0.00,0.00,0.00,0.00,0.00,0.00
USPH,U S PHYSICAL THERAPY INC /NV,0.00,0.00,0.00,0.00,0.00,0.00,0.00
HROW,HARROW INC.,0.00,0.00,0.00,0.00,0.00,0.00,0.00
WGO,WINNEBAGO INDUSTRIES INC,0.00,0.00,0.00,0.00,0.00,0.00,0.00
CDRE,Cadre Holdings Inc.,0.00,0.00,0.00,0.00,0.00,0.00,0.00
QQQX,Nuveen NASDAQ 100 Dynamic Overwrite Fund,0.00,0.00,0.00,0.00,0.00,0.00,0.00
CBRL,CRACKER BARREL OLD COUNTRY STORE INC,0.00,0.05,0.00,0.00,0.00,0.00,0.00
SYRE,Spyre Therapeutics Inc.,0.00,0.00,0.00,0.00,0.00,0.00,0.00
DCOM,Dime Community Bancshares Inc. /NY/,0.00,0.00,0.00,0.00,0.00,0.00,0.00
RCUS,Arcus Biosciences Inc.,0.00,0.00,0.00,0.00,0.00,0.00,0.00
LEG,LEGGETT & PLATT INC,0.00,0.05,0.00,0.00,0.01,0.00,0.00
QCRH,QCR HOLDINGS INC,0.00,0.00,0.00,0.00,0.00,0.00,0.00
CET,CENTRAL SECURITIES CORP,0.00,0.00,0.00,0.00,0.00,0.00,0.00
CDNA,CareDx Inc.,0.00,0.00,0.00,0.00,0.00,0.00,0.00
BST,BlackRock Science & Technology Trust,0.00,0.00,0.00,0.00,0.00,0.00,0.00
OCUL,OCULAR THERAPEUTIX INC,0.00,0.00,0.00,0.00,0.00,0.00,0.00
DCBO,Docebo Inc.,0.00,0.00,0.00,0.00,0.00,0.00,0.00
SABR,Sabre Corp,0.00,0.00,0.00,0.00,0.00,0.00,0.00
MDXG,MIMEDX GROUP INC.,0.00,0.00,0.00,0.00,0.00,0.00,0.00
ARVN,ARVINAS INC.,0.00,0.00,0.00,0.00,0.00,0.00,0.00
FORTY,FORMULA SYSTEMS (1985) LTD,0.00,0.00,0.00,0.00,0.00,0.00,0.00
PBI,PITNEY BOWES INC /DE/,0.00,0.00,0.00,0.00,0.00,0.00,0.00
LILA,Liberty Latin America Ltd.,0.00,0.00,0.00,0.00,0.00,0.00,0.00
FOR,Forestar Group Inc.,0.00,0.00,0.00,0.00,0.00,0.00,0.00
AIV,APARTMENT INVESTMENT & MANAGEMENT CO,0.00,0.00,0.00,0.00,0.00,0.00,0.00
FSLY,Fastly Inc.,0.00,0.00,0.00,0.00,0.00,0.00,0.00
BFS,SAUL CENTERS INC.,0.00,0.00,0.00,0.00,0.00,0.00,0.00
SILA,Sila Realty Trust Inc.,0.00,0.00,0.00,0.00,0.00,0.00,0.00
DQ,DAQO NEW ENERGY CORP.,0.00,0.00,0.00,0.00,0.00,0.00,0.00
ELME,Elme Communities,0.00,0.00,0.00,0.00,0.00,0.00,0.00
SEZL,Sezzle Inc.,0.00,0.00,0.00,0.00,0.00,0.00,0.00
NRIX,Nurix Therapeutics Inc.,0.00,0.00,0.00,0.00,0.00,0.00,0.00
TR,TOOTSIE ROLL INDUSTRIES INC,0.00,0.00,0.00,0.00,0.00,0.00,0.00
TPC,TUTOR PERINI CORP,0.00,0.00,0.00,0.00,0.00,0.00,0.00
GEL,GENESIS ENERGY LP,0.00,0.00,0.00,0.00,0.00,0.00,0.00
OUTKY,OUTOKUMPU OY /FI,0.00,0.00,0.00,0.00,0.00,0.00,0.00
ACDC,ProFrac Holding Corp.,0.00,0.00,0.00,0.00,0.00,0.00,0.00
SCS,STEELCASE INC,0.00,0.00,0.00,0.00,0.00,0.00,0.00
AAPI,Apple iSports Group Inc.,0.00,0.00,0.00,0.00,0.00,0.00,0.00
AORT,ARTIVION INC.,0.00,0.00,0.00,0.00,0.00,0.00,0.00
RBCAA,REPUBLIC BANCORP INC /KY/,0.00,0.00,0.00,0.00,0.00,0.00,0.00
BUSE,FIRST BUSEY CORP /NV/,0.00,0.00,0.00,0.00,0.00,0.00,0.00
UVV,UNIVERSAL CORP /VA/,0.00,0.00,0.00,0.00,0.00,0.00,0.00
MRTN,MARTEN TRANSPORT LTD,0.00,0.00,0.00,0.00,0.00,0.00,0.00
EOS,Eaton Vance Enhanced Equity Income Fund II,0.00,0.00,0.00,0.00,0.00,0.00,0.00
CGAU,Centerra Gold Inc.,0.00,0.00,0.00,0.00,0.00,0.00,0.00
AGLY,Atlantis Glory Inc.,0.00,0.00,0.00,0.00,0.00,0.00,0.00
NSSC,NAPCO SECURITY TECHNOLOGIES INC,0.00,0.00,0.00,0.00,0.00,0.00,0.00
BLFS,BIOLIFE SOLUTIONS INC,0.00,0.00,0.00,0.00,0.00,0.00,0.00
GRDN,Guardian Pharmacy Services Inc.,0.00,0.00,0.00,0.00,0.00,0.00,0.00
MFIC,MidCap Financial Investment Corp,0.00,0.00,0.00,0.00,0.00,0.00,0.00
OCSL,Oaktree Specialty Lending Corp,0.00,0.00,0.00,0.00,0.00,0.00,0.00
ALEX,Alexander & Baldwin Inc.,0.00,0.00,0.00,0.00,0.00,0.00,0.00
KW,Kennedy-Wilson Holdings Inc.,0.00,0.00,0.00,0.00,0.00,0.00,0.00
NVEE,NV5 Global Inc.,0.00,0.00,0.00,0.00,0.00,0.00,0.00
JKS,JinkoSolar Holding Co. Ltd.,0.00,0.00,0.00,0.00,0.00,0.00,0.00
EVGO,EVgo Inc.,0.00,0.00,0.00,0.00,0.00,0.00,0.00
INMD,InMode Ltd.,0.00,0.00,0.00,0.00,0.00,0.00,0.00
EFXT,Enerflex Ltd.,0.00,0.00,0.00,0.00,0.00,0.00,0.00
NMZ,NUVEEN MUNICIPAL HIGH INCOME OPPORTUNITY FUND,0.00,0.00,0.00,0.00,0.00,0.00,0.00
IMAX,IMAX CORP,0.00,0.00,0.00,0.00,0.00,0.00,0.00
PRAX,Praxis Precision Medicines Inc.,0.00,0.00,0.00,0.00,0.00,0.00,0.00
DK,Delek US Holdings Inc.,0.00,0.00,0.00,0.00,0.00,0.00,0.00
CCB,COASTAL FINANCIAL CORP,0.00,0.00,0.00,0.00,0.00,0.00,0.00
UDMY,Udemy Inc.,0.00,0.00,0.00,0.00,0.00,0.00,0.00
JBGS,JBG SMITH Properties,0.00,0.00,0.00,0.00,0.00,0.00,0.00
CRAI,CRA INTERNATIONAL INC.,0.00,0.00,0.00,0.00,0.00,0.00,0.00
ARDX,ARDELYX INC.,0.00,0.00,0.00,0.00,0.00,0.00,0.00
QNST,QUINSTREET INC,0.00,0.00,0.00,0.00,0.00,0.00,0.00
CRCT,Cricut Inc.,0.00,0.00,0.00,0.00,0.00,0.00,0.00
DEA,Easterly Government Properties Inc.,0.00,0.00,0.00,0.00,0.00,0.00,0.00
BMBL,Bumble Inc.,0.00,0.00,0.00,0.00,0.00,0.00,0.00
THRM,Gentherm Inc,0.00,0.00,0.00,0.00,0.00,0.00,0.00
BY,BYLINE BANCORP INC.,0.00,0.00,0.00,0.00,0.00,0.00,0.00
OLO,Olo Inc.,0.00,0.00,0.00,0.00,0.00,0.00,0.00
COHU,COHU INC,0.00,0.00,0.00,0.00,0.00,0.00,0.00
TBLA,Taboola.com Ltd.,0.00,0.00,0.00,0.00,0.00,0.00,0.00
IMKTA,INGLES MARKETS INC,0.00,0.00,0.00,0.00,0.00,0.00,0.00
SMWB,SIMILARWEB LTD.,0.00,0.00,0.00,0.00,0.00,0.00,0.00
DAWN,Day One Biopharmaceuticals Inc.,0.00,0.00,0.00,0.00,0.00,0.00,0.00
GAM,GENERAL AMERICAN INVESTORS CO INC,0.00,0.00,0.00,0.00,0.00,0.00,0.00
NG,NOVAGOLD RESOURCES INC,0.00,0.00,0.00,0.00,0.00,0.00,0.00
MRVI,MARAVAI LIFESCIENCES HOLDINGS INC.,0.00,0.00,0.00,0.00,0.00,0.00,0.00
KBDC,Kayne Anderson BDC Inc.,0.00,0.00,0.00,0.00,0.00,0.00,0.00
PZZA,PAPA JOHNS INTERNATIONAL INC,0.00,0.00,0.00,0.00,0.00,0.00,0.00
ARI,Apollo Commercial Real Estate Finance Inc.,0.00,0.00,0.00,0.00,0.00,0.00,0.00
NVGS,Navigator Holdings Ltd.,0.00,0.00,0.00,0.00,0.00,0.00,0.00
QUBT,Quantum Computing Inc.,0.00,0.00,0.00,0.00,0.00,0.00,0.00
JFR,NUVEEN FLOATING RATE INCOME FUND,0.00,0.00,0.00,0.00,0.00,0.00,0.00
RCKT,ROCKET PHARMACEUTICALS INC.,0.00,0.00,0.00,0.00,0.00,0.00,0.00
NYAX,Nayax Ltd.,0.00,0.00,0.00,0.00,0.00,0.00,0.00
NFJ,Virtus Dividend Interest & Premium Strategy Fund,0.00,0.00,0.00,0.00,0.00,0.00,0.00
NMFC,New Mountain Finance Corp,0.00,0.00,0.00,0.00,0.00,0.00,0.00
EIG,Employers Holdings Inc.,0.00,0.00,0.00,0.00,0.00,0.00,0.00
SDHC,Smith Douglas Homes Corp.,0.00,0.00,0.00,0.00,0.00,0.00,0.00
CNNE,Cannae Holdings Inc.,0.00,0.00,0.00,0.00,0.00,0.00,0.00
DOLE,Dole plc,0.00,0.00,0.00,0.00,0.00,0.00,0.00
EVRI,Everi Holdings Inc.,0.00,0.00,0.00,0.00,0.00,0.00,0.00
BHLB,BERKSHIRE HILLS BANCORP INC,0.00,0.00,0.00,0.00,0.00,0.00,0.00
HCI,HCI Group Inc.,0.00,0.00,0.00,0.00,0.00,0.00,0.00
LEU,CENTRUS ENERGY CORP,0.00,0.00,0.00,0.00,0.00,0.00,0.00
FOXF,FOX FACTORY HOLDING CORP,0.00,0.00,0.00,0.00,0.00,0.00,0.00
FWRG,First Watch Restaurant Group Inc.,0.00,0.00,0.00,0.00,0.00,0.00,0.00
PDX,PIMCO Dynamic Income Strategy Fund,0.00,0.00,0.00,0.00,0.00,0.00,0.00
MOMO,Hello Group Inc.,0.00,0.00,0.00,0.00,0.00,0.00,0.00
SPH,SUBURBAN PROPANE PARTNERS LP,0.00,0.00,0.00,0.00,0.00,0.00,0.00
EVV,Eaton Vance Ltd Duration Income Fund,0.00,0.00,0.00,0.00,0.00,0.00,0.00
ROOT,Root Inc.,0.00,0.00,0.00,0.00,0.00,0.00,0.00
IDT,IDT CORP,0.00,0.00,0.00,0.00,0.00,0.00,0.00
TWO,TWO HARBORS INVESTMENT CORP.,0.00,0.00,0.00,0.00,0.00,0.00,0.00
SAFT,SAFETY INSURANCE GROUP INC,0.00,0.00,0.00,0.00,0.00,0.00,0.00
CNCK,Coincheck Group N.V.,0.00,0.00,0.00,0.00,0.00,0.00,0.00
HTZ,HERTZ GLOBAL HOLDINGS INC,0.00,0.00,0.00,0.00,0.00,0.00,0.00
FVRR,Fiverr International Ltd.,0.00,0.00,0.00,0.00,0.00,0.00,0.00
PLSE,PULSE BIOSCIENCES INC.,0.00,0.00,0.00,0.00,0.00,0.00,0.00
ANIP,ANI PHARMACEUTICALS INC,0.00,0.00,0.00,0.00,0.00,0.00,0.00
ARLO,Arlo Technologies Inc.,0.00,0.00,0.00,0.00,0.00,0.00,0.00
KOZAY,Koza Altin Isletmeleri A.S./ADR,0.00,0.00,0.00,0.00,0.00,0.00,0.00
XRX,Xerox Holdings Corp,0.00,0.00,0.00,0.00,0.00,0.00,0.00
SBH,Sally Beauty Holdings Inc.,0.00,0.00,0.00,0.00,0.00,0.00,0.00
WEAV,Weave Communications Inc.,0.00,0.00,0.00,0.00,0.00,0.00,0.00
SAFE,Safehold Inc.,0.00,0.00,0.00,0.00,0.00,0.00,0.00
EMBC,Embecta Corp.,0.00,0.00,0.00,0.00,0.00,0.00,0.00
APOG,APOGEE ENTERPRISES INC.,0.00,0.00,0.00,0.00,0.00,0.00,0.00
KALU,KAISER ALUMINUM CORP,0.00,0.00,0.00,0.00,0.00,0.00,0.00
VSAT,VIASAT INC,0.00,0.00,0.00,0.00,0.00,0.00,0.00
SCSC,SCANSOURCE INC.,0.00,0.00,0.00,0.00,0.00,0.00,0.00
AUPH,Aurinia Pharmaceuticals Inc.,0.00,0.00,0.00,0.00,0.00,0.00,0.00
UP,Wheels Up Experience Inc.,0.00,0.00,0.00,0.00,0.00,0.00,0.00
NTST,NETSTREIT Corp.,0.00,0.00,0.00,0.00,0.00,0.00,0.00
UTZ,Utz Brands Inc.,0.00,0.00,0.00,0.00,0.00,0.00,0.00
LPG,DORIAN LPG LTD.,0.00,0.00,0.00,0.00,0.00,0.00,0.00
AMWD,AMERICAN WOODMARK CORP,0.00,0.00,0.00,0.00,0.00,0.00,0.00
ATUS,Altice USA Inc.,0.00,0.00,0.00,0.00,0.00,0.00,0.00
PENG,Penguin Solutions Inc.,0.00,0.00,0.00,0.00,0.00,0.00,0.00
MRC,MRC GLOBAL INC.,0.00,0.00,0.00,0.00,0.00,0.00,0.00
TLRY,Tilray Brands Inc.,0.00,0.00,0.00,0.00,0.00,0.00,0.00
PL,Planet Labs PBC,0.00,0.00,0.00,0.00,0.00,0.00,0.00
COMM,CommScope Holding Company Inc.,0.00,0.00,0.00,0.00,0.00,0.00,0.00
CIM,CHIMERA INVESTMENT CORP,0.00,0.00,0.00,0.00,0.00,0.00,0.00
GABC,GERMAN AMERICAN BANCORP INC.,0.00,0.04,0.00,0.00,0.00,0.00,0.00
SNDX,Syndax Pharmaceuticals Inc,0.00,0.00,0.00,0.00,0.00,0.00,0.00
SA,SEABRIDGE GOLD INC,0.00,0.00,0.00,0.00,0.00,0.00,0.00
STAA,STAAR SURGICAL CO,0.00,0.00,0.00,0.00,0.00,0.00,0.00
DSP,Viant Technology Inc.,0.00,0.00,0.00,0.00,0.00,0.00,0.00
EFC,Ellington Financial Inc.,0.00,0.00,0.00,0.00,0.00,0.00,0.00
PRSU,Pursuit Attractions & Hospitality Inc.,0.00,0.00,0.00,0.00,0.00,0.00,0.00
FPF,First Trust Intermediate Duration Preferred & Income Fund,0.00,0.00,0.00,0.00,0.00,0.00,0.00
VTEX,VTEX,0.00,0.00,0.00,0.00,0.00,0.00,0.00
PGRE,Paramount Group Inc.,0.00,0.00,0.00,0.00,0.00,0.00,0.00
BCSF,Bain Capital Specialty Finance Inc.,0.00,0.00,0.00,0.00,0.00,0.00,0.00
PLAY,Dave & Buster's Entertainment Inc.,0.00,0.00,0.00,0.00,0.00,0.00,0.00
CECO,CECO ENVIRONMENTAL CORP,0.00,0.00,0.00,0.00,0.00,0.00,0.00
BGM,BGM Group Ltd.,0.00,0.00,0.00,0.00,0.00,0.00,0.00
ULH,UNIVERSAL LOGISTICS HOLDINGS INC.,0.00,0.00,0.00,0.00,0.00,0.00,0.00
SEVCF,Sono Group N.V.,0.00,0.00,0.00,0.00,0.00,0.00,0.00
OMI,OWENS & MINOR INC/VA/,0.00,0.00,0.00,0.00,0.00,0.00,0.00
LMB,Limbach Holdings Inc.,0.00,0.00,0.00,0.00,0.00,0.00,0.00
GETY,Getty Images Holdings Inc.,0.00,0.00,0.00,0.00,0.00,0.00,0.00
ICHR,ICHOR HOLDINGS LTD.,0.00,0.00,0.00,0.00,0.00,0.00,0.00
CARS,Cars.com Inc.,0.00,0.00,0.00,0.00,0.00,0.00,0.00
INVA,Innoviva Inc.,0.00,0.00,0.00,0.00,0.00,0.00,0.00
EOSE,Eos Energy Enterprises Inc.,0.00,0.00,0.00,0.00,0.00,0.00,0.00
SPRY,ARS Pharmaceuticals Inc.,0.00,0.00,0.00,0.00,0.00,0.00,0.00
RC,Ready Capital Corp,0.00,0.00,0.00,0.00,0.00,0.00,0.00
TUYA,Tuya Inc.,0.00,0.00,0.00,0.00,0.00,0.00,0.00
TIGR,UP Fintech Holding Ltd,0.00,0.00,0.00,0.00,0.00,0.00,0.00
PTA,Cohen & Steers Tax-Advantaged Preferred Securities & Income Fund,0.00,0.00,0.00,0.00,0.00,0.00,0.00
BBSI,BARRETT BUSINESS SERVICES INC,0.00,0.00,0.00,0.00,0.00,0.00,0.00
DAVE,Dave Inc./DE,0.00,0.00,0.00,0.00,0.00,0.00,0.00
ECPG,ENCORE CAPITAL GROUP INC,0.00,0.00,0.00,0.00,0.00,0.00,0.00
PFBC,Preferred Bank,0.00,0.04,0.00,0.00,0.00,0.00,0.00
SSTK,Shutterstock Inc.,0.00,0.00,0.00,0.00,0.00,0.00,0.00
XPEL,XPEL Inc.,0.00,0.00,0.00,0.00,0.00,0.00,0.00
MD,Pediatrix Medical Group Inc.,0.00,0.00,0.00,0.00,0.00,0.00,0.00
CCEC,Capital Clean Energy Carriers Corp.,0.00,0.00,0.00,0.00,0.00,0.00,0.00
PEBO,PEOPLES BANCORP INC,0.00,0.00,0.00,0.00,0.00,0.00,0.00
PDFS,PDF SOLUTIONS INC,0.00,0.00,0.00,0.00,0.00,0.00,0.00
IGIC,International General Insurance Holdings Ltd.,0.00,0.00,0.00,0.00,0.00,0.00,0.00
AMSC,AMERICAN SUPERCONDUCTOR CORP /DE/,0.00,0.00,0.00,0.00,0.00,0.00,0.00
PSFE,Paysafe Ltd,0.00,0.00,0.00,0.00,0.00,0.00,0.00
PMT,PennyMac Mortgage Investment Trust,0.00,0.00,0.00,0.00,0.00,0.00,0.00
COLL,COLLEGIUM PHARMACEUTICAL INC,0.00,0.00,0.00,0.00,0.00,0.00,0.00
IHS,IHS Holding Ltd,0.00,0.00,0.00,0.00,0.00,0.00,0.00
CTOS,Custom Truck One Source Inc.,0.00,0.00,0.00,0.00,0.00,0.00,0.00
AOSL,ALPHA & OMEGA SEMICONDUCTOR Ltd,0.00,0.00,0.00,0.00,0.00,0.00,0.00
ELVN,Enliven Therapeutics Inc.,0.00,0.00,0.00,0.00,0.00,0.00,0.00
SII,SPROTT INC.,0.00,0.00,0.00,0.00,0.00,0.00,0.00
DGII,DIGI INTERNATIONAL INC,0.00,0.00,0.00,0.00,0.00,0.00,0.00
WOOF,Petco Health & Wellness Company Inc.,0.00,0.00,0.00,0.00,0.00,0.00,0.00
AMTD,AMTD IDEA GROUP,0.00,0.00,0.00,0.00,0.00,0.00,0.00
OPEN,Opendoor Technologies Inc.,0.00,0.00,0.00,0.00,0.00,0.00,0.00
NTLA,Intellia Therapeutics Inc.,0.00,0.00,0.00,0.00,0.00,0.00,0.00
PUMP,ProPetro Holding Corp.,0.00,0.00,0.00,0.00,0.00,0.00,0.00
GOLLQ,Gol Intelligent Airlines Inc.,0.00,0.00,0.00,0.00,0.00,0.00,0.00
CURLF,Curaleaf Holdings Inc.,0.00,0.00,0.00,0.00,0.00,0.00,0.00
INVX,Innovex International Inc.,0.00,0.00,0.00,0.00,0.00,0.00,0.00
LQDA,Liquidia Corp,0.00,0.00,0.00,0.00,0.00,0.00,0.00
CSWC,CAPITAL SOUTHWEST CORP,0.00,0.00,0.00,0.00,0.00,0.00,0.00
UUUU,ENERGY FUELS INC,0.00,0.00,0.00,0.00,0.00,0.00,0.00
SBGI,Sinclair Inc.,0.00,0.00,0.00,0.00,0.00,0.00,0.00
CSR,CENTERSPACE,0.00,0.00,0.00,0.00,0.00,0.00,0.00
MDRX,Veradigm Inc.,0.00,0.00,0.00,0.00,0.00,0.00,0.00
ASPN,ASPEN AEROGELS INC,0.00,0.00,0.00,0.00,0.00,0.00,0.00
NRDS,NERDWALLET INC.,0.00,0.00,0.00,0.00,0.00,0.00,0.00
FBMS,FIRST BANCSHARES INC /MS/,0.00,0.04,0.00,0.00,0.00,0.00,0.00
FSUN,FIRSTSUN CAPITAL BANCORP,0.00,0.00,0.00,0.00,0.00,0.00,0.00
SKE,Skeena Resources Ltd,0.00,0.00,0.00,0.00,0.00,0.00,0.00
KRUS,KURA SUSHI USA INC.,0.00,0.00,0.00,0.00,0.00,0.00,0.00
BOW,Bowhead Specialty Holdings Inc.,0.00,0.00,0.00,0.00,0.00,0.00,0.00
PRO,PROS Holdings Inc.,0.00,0.00,0.00,0.00,0.00,0.00,0.00
KFRC,KFORCE INC,0.00,0.04,0.00,0.00,0.00,0.00,0.00
GATO,Gatos Silver Inc.,0.00,0.00,0.00,0.00,0.00,0.00,0.00
PDM,Piedmont Office Realty Trust Inc.,0.00,0.00,0.00,0.00,0.00,0.00,0.00
INOD,INNODATA INC,0.00,0.00,0.00,0.00,0.00,0.00,0.00
RDW,Redwire Corp,0.00,0.00,0.00,0.00,0.00,0.00,0.00
NX,Quanex Building Products CORP,0.00,0.00,0.00,0.00,0.00,0.00,0.00
KRO,KRONOS WORLDWIDE INC,0.00,0.00,0.00,0.00,0.00,0.00,0.00
AMN,AMN HEALTHCARE SERVICES INC,0.00,0.00,0.00,0.00,0.00,0.00,0.00
OLPX,OLAPLEX HOLDINGS INC.,0.00,0.00,0.00,0.00,0.00,0.00,0.00
OCFC,OCEANFIRST FINANCIAL CORP,0.00,0.00,0.00,0.00,0.00,0.00,0.00
ARR,Armour Residential REIT Inc.,0.00,0.00,0.00,0.00,0.00,0.00,0.00
FIGS,FIGS Inc.,0.00,0.00,0.00,0.00,0.00,0.00,0.00
OPFI,OppFi Inc.,0.00,0.00,0.00,0.00,0.00,0.00,0.00
VMEO,Vimeo Inc.,0.00,0.00,0.00,0.00,0.00,0.00,0.00
LQDT,LIQUIDITY SERVICES INC,0.00,0.00,0.00,0.00,0.00,0.00,0.00
BRKL,BROOKLINE BANCORP INC,0.00,0.00,0.00,0.00,0.00,0.00,0.00
NBXG,Neuberger Berman Next Generation Connectivity Fund Inc.,0.00,0.00,0.00,0.00,0.00,0.00,0.00
CRF,CORNERSTONE TOTAL RETURN FUND INC,0.00,0.00,0.00,0.00,0.00,0.00,0.00
MUC,BLACKROCK MUNIHOLDINGS CALIFORNIA QUALITY FUND INC.,0.00,0.00,0.00,0.00,0.00,0.00,0.00
SHLS,Shoals Technologies Group Inc.,0.00,0.00,0.00,0.00,0.00,0.00,0.00
OBK,Origin Bancorp Inc.,0.00,0.00,0.00,0.00,0.00,0.00,0.00
AGL,agilon health inc.,0.00,0.00,0.00,0.00,0.00,0.00,0.00
OPK,OPKO HEALTH INC.,0.00,0.00,0.00,0.00,0.00,0.00,0.00
EXOD,Exodus Movement Inc.,0.00,0.00,0.00,0.00,0.00,0.00,0.00
AGRO,Adecoagro S.A.,0.00,0.00,0.00,0.00,0.00,0.00,0.00
BBN,BlackRock Taxable Municipal Bond Trust,0.00,0.00,0.00,0.00,0.00,0.00,0.00
JBSS,SANFILIPPO JOHN B & SON INC,0.00,0.00,0.00,0.00,0.00,0.00,0.00
AMAL,Amalgamated Financial Corp.,0.00,0.00,0.00,0.00,0.00,0.00,0.00
BBDC,Barings BDC Inc.,0.00,0.00,0.00,0.00,0.00,0.00,0.00
FBRT,Franklin BSP Realty Trust Inc.,0.00,0.00,0.00,0.00,0.00,0.00,0.00
JBI,Janus International Group Inc.,0.00,0.00,0.00,0.00,0.00,0.00,0.00
BELFA,BEL FUSE INC /NJ,0.00,0.00,0.00,0.00,0.00,0.00,0.00
VTOL,Bristow Group Inc.,0.00,0.00,0.00,0.00,0.00,0.00,0.00
CMCO,COLUMBUS MCKINNON CORP,0.00,0.00,0.00,0.00,0.00,0.00,0.00
BORR,Borr Drilling Ltd,0.00,0.00,0.00,0.00,0.00,0.00,0.00
BKD,Brookdale Senior Living Inc.,0.00,0.00,0.00,0.00,0.00,0.00,0.00
HEPS,D-MARKET Electronic Services & Trading,0.00,0.00,0.00,0.00,0.00,0.00,0.00
ACMR,ACM Research Inc.,0.00,0.00,0.00,0.00,0.00,0.00,0.00
BTZ,BLACKROCK CREDIT ALLOCATION INCOME TRUST,0.00,0.00,0.00,0.00,0.00,0.00,0.00
ARRY,Array Technologies Inc.,0.00,0.00,0.00,0.00,0.00,0.00,0.00
EAI,ENTERGY ARKANSAS LLC,0.00,0.00,0.00,0.00,0.00,0.00,0.00
MFA,MFA FINANCIAL INC.,0.00,0.00,0.00,0.00,0.00,0.00,0.00
DX,DYNEX CAPITAL INC,0.00,0.00,0.00,0.00,0.00,0.00,0.00
AHH,Armada Hoffler Properties Inc.,0.00,0.00,0.00,0.00,0.00,0.00,0.00
TV,GRUPO TELEVISA S.A.B.,0.00,0.00,0.00,0.00,0.00,0.00,0.00
RNP,COHEN & STEERS REIT & PREFERRED & INCOME FUND INC,0.00,0.00,0.00,0.00,0.00,0.00,0.00
ML,MONEYLION INC.,0.00,0.00,0.00,0.00,0.00,0.00,0.00
BLMN,Bloomin' Brands Inc.,0.00,0.00,0.00,0.00,0.00,0.00,0.00
PARR,PAR PACIFIC HOLDINGS INC.,0.00,0.00,0.00,0.00,0.00,0.00,0.00
TPB,Turning Point Brands Inc.,0.00,0.00,0.00,0.00,0.00,0.00,0.00
ECC,Eagle Point Credit Co Inc.,0.00,0.00,0.00,0.00,0.00,0.00,0.00
AVXL,ANAVEX LIFE SCIENCES CORP.,0.00,0.00,0.00,0.00,0.00,0.00,0.00
ALX,ALEXANDERS INC,0.00,0.00,0.00,0.00,0.00,0.00,0.00
RTGN,RetinalGenix Technologies Inc.,0.00,0.00,0.00,0.00,0.00,0.00,0.00
SDA,SunCar Technology Group Inc.,0.00,0.00,0.00,0.00,0.00,0.00,0.00
REAL,TheRealReal Inc.,0.00,0.00,0.00,0.00,0.00,0.00,0.00
ENFN,Enfusion Inc.,0.00,0.00,0.00,0.00,0.00,0.00,0.00
HSTM,HEALTHSTREAM INC,0.00,0.00,0.00,0.00,0.00,0.00,0.00
GOGO,Gogo Inc.,0.00,0.00,0.00,0.00,0.00,0.00,0.00
CVAC,CureVac N.V.,0.00,0.00,0.00,0.00,0.00,0.00,0.00
ADPT,Adaptive Biotechnologies Corp,0.00,0.00,0.00,0.00,0.00,0.00,0.00
PHVS,Pharvaris N.V.,0.00,0.00,0.00,0.00,0.00,0.00,0.00
TRNS,TRANSCAT INC,0.00,0.00,0.00,0.00,0.00,0.00,0.00
PCRX,Pacira BioSciences Inc.,0.00,0.00,0.00,0.00,0.00,0.00,0.00
GOOS,Canada Goose Holdings Inc.,0.00,0.00,0.00,0.00,0.00,0.00,0.00
DCO,DUCOMMUN INC /DE/,0.00,0.00,0.00,0.00,0.00,0.00,0.00
MSC,STUDIO CITY INTERNATIONAL HOLDINGS Ltd,0.00,0.00,0.00,0.00,0.00,0.00,0.00
EEX,Emerald Holding Inc.,0.00,0.00,0.00,0.00,0.00,0.00,0.00
NNE,Nano Nuclear Energy Inc.,0.00,0.00,0.00,0.00,0.00,0.00,0.00
AIUG,AI Unlimited Group Inc.,0.00,0.00,0.00,0.00,0.00,0.00,0.00
DLX,DELUXE CORP,0.00,0.00,0.00,0.00,0.00,0.00,0.00
GRC,GORMAN RUPP CO,0.00,0.00,0.00,0.00,0.00,0.00,0.00
EXK,ENDEAVOUR SILVER CORP,0.00,0.00,0.00,0.00,0.00,0.00,0.00
TH,Target Hospitality Corp.,0.00,0.00,0.00,0.00,0.00,0.00,0.00
SBR,SABINE ROYALTY TRUST,0.00,0.00,0.00,0.00,0.00,0.00,0.00
CRESY,CRESUD INC,0.00,0.00,0.00,0.00,0.00,0.00,0.00
BFC,Bank First Corp,0.00,0.00,0.00,0.00,0.00,0.00,0.00
LVWR,LiveWire Group Inc.,0.00,0.00,0.00,0.00,0.00,0.00,0.00
AMSF,AMERISAFE INC,0.00,0.04,0.00,0.00,0.00,0.00,0.00
LX,LexinFintech Holdings Ltd.,0.00,0.00,0.00,0.00,0.00,0.00,0.00
NUVB,Nuvation Bio Inc.,0.00,0.00,0.00,0.00,0.00,0.00,0.00
THR,Thermon Group Holdings Inc.,0.00,0.00,0.00,0.00,0.00,0.00,0.00
SERV,Serve Robotics Inc. /DE/,0.00,0.00,0.00,0.00,0.00,0.00,0.00
TCNNF,Trulieve Cannabis Corp.,0.00,0.00,0.00,0.00,0.00,0.00,0.00
VLRS,Controladora Vuela Compania de Aviacion S.A.B. de C.V.,0.00,0.00,0.00,0.00,0.00,0.00,0.00
FWRD,FORWARD AIR CORP,0.00,0.00,0.00,0.00,0.00,0.00,0.00
TRS,TRIMAS CORP,0.00,0.00,0.00,0.00,0.00,0.00,0.00
BCYC,BICYCLE THERAPEUTICS PLC,0.00,0.00,0.00,0.00,0.00,0.00,0.00
MATW,MATTHEWS INTERNATIONAL CORP,0.00,0.00,0.00,0.00,0.00,0.00,0.00
IPX,IPERIONX Ltd,0.00,0.00,0.00,0.00,0.00,0.00,0.00
EH,EHang Holdings Ltd,0.00,0.00,0.00,0.00,0.00,0.00,0.00
AWF,ALLIANCEBERNSTEIN GLOBAL HIGH INCOME FUND INC,0.00,0.00,0.00,0.00,0.00,0.00,0.00
DMRC,Digimarc CORP,0.00,0.00,0.00,0.00,0.00,0.00,0.00
ETW,Eaton Vance Tax-Managed Global Buy-Write Opportunities Fund,0.00,0.00,0.00,0.00,0.00,0.00,0.00
SEAT,Vivid Seats Inc.,0.00,0.00,0.00,0.00,0.00,0.00,0.00
CGBD,Carlyle Secured Lending Inc.,0.00,0.00,0.00,0.00,0.00,0.00,0.00
PFLT,PennantPark Floating Rate Capital Ltd.,0.00,0.00,0.00,0.00,0.00,0.00,0.00
RDFN,Redfin Corp,0.00,0.00,0.00,0.00,0.00,0.00,0.00
FIP,FTAI Infrastructure Inc.,0.00,0.00,0.00,0.00,0.00,0.00,0.00
NRK,NUVEEN NEW YORK AMT-FREE QUALITY MUNICIPAL INCOME FUND,0.00,0.00,0.00,0.00,0.00,0.00,0.00
KIND,Nextdoor Holdings Inc.,0.00,0.00,0.00,0.00,0.00,0.00,0.00
SBSI,SOUTHSIDE BANCSHARES INC,0.00,0.00,0.00,0.00,0.00,0.00,0.00
TMP,TOMPKINS FINANCIAL CORP,0.00,0.00,0.00,0.00,0.00,0.00,0.00
ZYME,Zymeworks Inc.,0.00,0.00,0.00,0.00,0.00,0.00,0.00
GIC,GLOBAL INDUSTRIAL Co,0.00,0.00,0.00,0.00,0.00,0.00,0.00
GRNT,Granite Ridge Resources Inc.,0.00,0.00,0.00,0.00,0.00,0.00,0.00
CTBI,COMMUNITY TRUST BANCORP INC /KY/,0.00,0.00,0.00,0.00,0.00,0.00,0.00
RDWR,RADWARE LTD,0.00,0.00,0.00,0.00,0.00,0.00,0.00
HSII,HEIDRICK & STRUGGLES INTERNATIONAL INC,0.00,0.00,0.00,0.00,0.00,0.00,0.00
PDS,PRECISION DRILLING Corp,0.00,0.00,0.00,0.00,0.00,0.00,0.00
PRLB,Proto Labs Inc,0.00,0.00,0.00,0.00,0.00,0.00,0.00
BLND,Blend Labs Inc.,0.00,0.00,0.00,0.00,0.00,0.00,0.00
CBL,CBL & ASSOCIATES PROPERTIES INC,0.00,0.00,0.00,0.00,0.00,0.00,0.00
AAMI,Acadian Asset Management Inc.,0.00,0.00,0.00,0.00,0.00,0.00,0.00
AOD,abrdn Total Dynamic Dividend Fund,0.00,0.00,0.00,0.00,0.00,0.00,0.00
PNTG,Pennant Group Inc.,0.00,0.00,0.00,0.00,0.00,0.00,0.00
OCS,Oculis Holding AG,0.00,0.00,0.00,0.00,0.00,0.00,0.00
NGVC,Natural Grocers by Vitamin Cottage Inc.,0.00,0.00,0.00,0.00,0.00,0.00,0.00
TIXT,TELUS International (Cda) Inc.,0.00,0.00,0.00,0.00,0.00,0.00,0.00
NCDL,Nuveen Churchill Direct Lending Corp.,0.00,0.00,0.00,0.00,0.00,0.00,0.00
FNA,Paragon 28 Inc.,0.00,0.00,0.00,0.00,0.00,0.00,0.00
ACEL,Accel Entertainment Inc.,0.00,0.00,0.00,0.00,0.00,0.00,0.00
CTKB,Cytek Biosciences Inc.,0.00,0.00,0.00,0.00,0.00,0.00,0.00
SLRC,SLR Investment Corp.,0.00,0.00,0.00,0.00,0.00,0.00,0.00
COGT,Cogent Biosciences Inc.,0.00,0.00,0.00,0.00,0.00,0.00,0.00
HY,HYSTER-YALE INC.,0.00,0.00,0.00,0.00,0.00,0.00,0.00
CHY,CALAMOS CONVERTIBLE & HIGH INCOME FUND,0.00,0.00,0.00,0.00,0.00,0.00,0.00
ABCL,AbCellera Biologics Inc.,0.00,0.00,0.00,0.00,0.00,0.00,0.00
MSEX,MIDDLESEX WATER CO,0.00,0.00,0.00,0.00,0.00,0.00,0.00
AVAH,Aveanna Healthcare Holdings Inc.,0.00,0.00,0.00,0.00,0.00,0.00,0.00
ECVT,Ecovyst Inc.,0.00,0.00,0.00,0.00,0.00,0.00,0.00
MUI,BLACKROCK MUNICIPAL INCOME FUND INC.,0.00,0.00,0.00,0.00,0.00,0.00,0.00
BRDG,Bridge Investment Group Holdings Inc.,0.00,0.00,0.00,0.00,0.00,0.00,0.00
CII,BlackRock Enhanced Large Cap Core Fund Inc.,0.00,0.00,0.00,0.00,0.00,0.00,0.00
HQH,abrdn Healthcare Investors,0.00,0.00,0.00,0.00,0.00,0.00,0.00
IE,Ivanhoe Electric Inc.,0.00,0.00,0.00,0.00,0.00,0.00,0.00
CHI,CALAMOS CONVERTIBLE OPPORTUNITIES & INCOME FUND,0.00,0.00,0.00,0.00,0.00,0.00,0.00
AVO,Mission Produce Inc.,0.00,0.00,0.00,0.00,0.00,0.00,0.00
ASTL,Algoma Steel Group Inc.,0.00,0.00,0.00,0.00,0.00,0.00,0.00
STKL,SunOpta Inc.,0.00,0.00,0.00,0.00,0.00,0.00,0.00
FUFU,Bitfufu Inc.,0.00,0.00,0.00,0.00,0.00,0.00,0.00
GYRE,GYRE THERAPEUTICS INC.,0.00,0.00,0.00,0.00,0.00,0.00,0.00
BDN,BRANDYWINE REALTY TRUST,0.00,0.00,0.00,0.00,0.00,0.00,0.00
PPTA,PERPETUA RESOURCES CORP.,0.00,0.00,0.00,0.00,0.00,0.00,0.00
DRD,DRDGOLD LTD,0.00,0.00,0.00,0.00,0.00,0.00,0.00
GDEN,GOLDEN ENTERTAINMENT INC.,0.00,0.00,0.00,0.00,0.00,0.00,0.00
PFC,PREMIER FINANCIAL CORP,0.00,0.04,0.00,0.00,0.00,0.00,0.00
SNCY,Sun Country Airlines Holdings Inc.,0.00,0.00,0.00,0.00,0.00,0.00,0.00
REAX,Real Brokerage Inc,0.00,0.00,0.00,0.00,0.00,0.00,0.00
TSAT,Telesat Corp,0.00,0.00,0.00,0.00,0.00,0.00,0.00
NEXA,Nexa Resources S.A.,0.00,0.00,0.00,0.00,0.00,0.00,0.00
DEC,Diversified Energy Co PLC,0.00,0.00,0.00,0.00,0.00,0.00,0.00
CAPL,CrossAmerica Partners LP,0.00,0.00,0.00,0.00,0.00,0.00,0.00
AVBP,ArriVent BioPharma Inc.,0.00,0.00,0.00,0.00,0.00,0.00,0.00
BHRB,Burke & Herbert Financial Services Corp.,0.00,0.00,0.00,0.00,0.00,0.00,0.00
CLB,Core Laboratories Inc. /DE/,0.00,0.00,0.00,0.00,0.00,0.00,0.00
AMTB,Amerant Bancorp Inc.,0.00,0.00,0.00,0.00,0.00,0.00,0.00
MRNO,Murano Global Investments Plc,0.00,0.00,0.00,0.00,0.00,0.00,0.00
SEDG,SOLAREDGE TECHNOLOGIES INC.,0.00,0.00,0.00,0.00,0.00,0.00,0.00
UTL,UNITIL CORP,0.00,0.00,0.00,0.00,0.00,0.00,0.00
REPL,Replimune Group Inc.,0.00,0.00,0.00,0.00,0.00,0.00,0.00
HCSG,HEALTHCARE SERVICES GROUP INC,0.00,0.00,0.00,0.00,0.00,0.00,0.00
TRIN,Trinity Capital Inc.,0.00,0.00,0.00,0.00,0.00,0.00,0.00
HTLD,HEARTLAND EXPRESS INC,0.00,0.00,0.00,0.00,0.00,0.00,0.00
SXC,SunCoke Energy Inc.,0.00,0.00,0.00,0.00,0.00,0.00,0.00
YEXT,Yext Inc.,0.00,0.00,0.00,0.00,0.00,0.00,0.00
MTAL,MAC Copper Ltd,0.00,0.00,0.00,0.00,0.00,0.00,0.00
BASE,Couchbase Inc.,0.00,0.00,0.00,0.00,0.00,0.00,0.00
MQY,BLACKROCK MUNIYIELD QUALITY FUND INC.,0.00,0.00,0.00,0.00,0.00,0.00,0.00
OEC,Orion S.A.,0.00,0.00,0.00,0.00,0.00,0.00,0.00
SKYH,Sky Harbour Group Corp,0.00,0.00,0.00,0.00,0.00,0.00,0.00
CSTL,CASTLE BIOSCIENCES INC,0.00,0.00,0.00,0.00,0.00,0.00,0.00
EOI,Eaton Vance Enhanced Equity Income Fund,0.00,0.00,0.00,0.00,0.00,0.00,0.00
EYE,National Vision Holdings Inc.,0.00,0.00,0.00,0.00,0.00,0.00,0.00
PRTH,Priority Technology Holdings Inc.,0.00,0.00,0.00,0.00,0.00,0.00,0.00
SCVL,SHOE CARNIVAL INC,0.00,0.00,0.00,0.00,0.00,0.00,0.00
CNOB,ConnectOne Bancorp Inc.,0.00,0.00,0.00,0.00,0.00,0.00,0.00
SANA,Sana Biotechnology Inc.,0.00,0.00,0.00,0.00,0.00,0.00,0.00
FMBH,FIRST MID BANCSHARES INC.,0.00,0.00,0.00,0.00,0.00,0.00,0.00
SPLP,STEEL PARTNERS HOLDINGS L.P.,0.00,0.00,0.00,0.00,0.00,0.00,0.00
ERII,Energy Recovery Inc.,0.00,0.00,0.00,0.00,0.00,0.00,0.00
BBAI,BigBear.ai Holdings Inc.,0.00,0.00,0.00,0.00,0.00,0.00,0.00
UXIN,Uxin Ltd,0.00,0.00,0.00,0.00,0.00,0.00,0.00
RWT,REDWOOD TRUST INC,0.00,0.00,0.00,0.00,0.00,0.00,0.00
WLKP,Westlake Chemical Partners LP,0.00,0.00,0.00,0.00,0.00,0.00,0.00
NESR,National Energy Services Reunited Corp.,0.00,0.00,0.00,0.00,0.00,0.00,0.00
PAHC,PHIBRO ANIMAL HEALTH CORP,0.00,0.00,0.00,0.00,0.00,0.00,0.00
AIO,Virtus Artificial Intelligence & Technology Opportunities Fund,0.00,0.00,0.00,0.00,0.00,0.00,0.00
ETWO,E2open Parent Holdings Inc.,0.00,0.00,0.00,0.00,0.00,0.00,0.00
PSIX,POWER SOLUTIONS INTERNATIONAL INC.,0.00,0.00,0.00,0.00,0.00,0.00,0.00
BXC,BlueLinx Holdings Inc.,0.00,0.00,0.00,0.00,0.00,0.00,0.00
ADTN,ADTRAN Holdings Inc.,0.00,0.00,0.00,0.00,0.00,0.00,0.00
BZH,BEAZER HOMES USA INC,0.00,0.00,0.00,0.00,0.00,0.00,0.00
CSIQ,Canadian Solar Inc.,0.00,0.00,0.00,0.00,0.00,0.00,0.00
UVSP,UNIVEST FINANCIAL Corp,0.00,0.00,0.00,0.00,0.00,0.00,0.00
HCKT,HACKETT GROUP INC.,0.00,0.00,0.00,0.00,0.00,0.00,0.00
RCAT,Red Cat Holdings Inc.,0.00,0.00,0.00,0.00,0.00,0.00,0.00
SEPN,Septerna Inc.,0.00,0.00,0.00,0.00,0.00,0.00,0.00
BFLY,Butterfly Network Inc.,0.00,0.00,0.00,0.00,0.00,0.00,0.00
DAO,Youdao Inc.,0.00,0.00,0.00,0.00,0.00,0.00,0.00
CDMO,Avid Bioservices Inc.,0.00,0.00,0.00,0.00,0.00,0.00,0.00
CINT,CI&T Inc,0.00,0.00,0.00,0.00,0.00,0.00,0.00
THQ,abrdn Healthcare Opportunities Fund,0.00,0.00,0.00,0.00,0.00,0.00,0.00
UAN,CVR PARTNERS LP,0.00,0.00,0.00,0.00,0.00,0.00,0.00
BCAX,Bicara Therapeutics Inc.,0.00,0.00,0.00,0.00,0.00,0.00,0.00
CRSR,Corsair Gaming Inc.,0.00,0.00,0.00,0.00,0.00,0.00,0.00
ATLC,Atlanticus Holdings Corp,0.00,0.00,0.00,0.00,0.00,0.00,0.00
AXGN,Axogen Inc.,0.00,0.00,0.00,0.00,0.00,0.00,0.00
GCT,GigaCloud Technology Inc,0.00,0.00,0.00,0.00,0.00,0.00,0.00
HFWA,HERITAGE FINANCIAL CORP /WA/,0.00,0.03,0.00,0.00,0.00,0.00,0.00
BJRI,BJs RESTAURANTS INC,0.00,0.00,0.00,0.00,0.00,0.00,0.00
IIIV,i3 Verticals Inc.,0.00,0.00,0.00,0.00,0.00,0.00,0.00
INDI,indie Semiconductor Inc.,0.00,0.00,0.00,0.00,0.00,0.00,0.00
ECO,Okeanis Eco Tankers Corp.,0.00,0.00,0.00,0.00,0.00,0.00,0.00
HTD,JOHN HANCOCK TAX-ADVANTAGED DIVIDEND INCOME FUND,0.00,0.00,0.00,0.00,0.00,0.00,0.00
IMTX,Immatics N.V.,0.00,0.00,0.00,0.00,0.00,0.00,0.00
PCN,PIMCO CORPORATE & INCOME STRATEGY FUND,0.00,0.00,0.00,0.00,0.00,0.00,0.00
GHLD,Guild Holdings Co,0.00,0.00,0.00,0.00,0.00,0.00,0.00
VTS,Vitesse Energy Inc.,0.00,0.00,0.00,0.00,0.00,0.00,0.00
SITC,SITE Centers Corp.,0.00,0.00,0.00,0.00,0.00,0.00,0.00
NOAH,Noah Holdings Ltd,0.00,0.00,0.00,0.00,0.00,0.00,0.00
ADV,Advantage Solutions Inc.,0.00,0.00,0.00,0.00,0.00,0.00,0.00
FNKO,Funko Inc.,0.00,0.00,0.00,0.00,0.00,0.00,0.00
GSL,Global Ship Lease Inc.,0.00,0.00,0.00,0.00,0.00,0.00,0.00
OSBC,OLD SECOND BANCORP INC,0.00,0.00,0.00,0.00,0.00,0.00,0.00
ADSE,Ads-Tec Energy Public Ltd Co,0.00,0.00,0.00,0.00,0.00,0.00,0.00
PRAA,PRA GROUP INC,0.00,0.00,0.00,0.00,0.00,0.00,0.00
PHK,PIMCO HIGH INCOME FUND,0.00,0.00,0.00,0.00,0.00,0.00,0.00
JQC,Nuveen Credit Strategies Income Fund,0.00,0.00,0.00,0.00,0.00,0.00,0.00
ECX,ECARX Holdings Inc.,0.00,0.00,0.00,0.00,0.00,0.00,0.00
ANGI,Angi Inc.,0.00,0.00,0.00,0.00,0.00,0.00,0.00
RSKD,RISKIFIED LTD.,0.00,0.00,0.00,0.00,0.00,0.00,0.00
DLY,DoubleLine Yield Opportunities Fund,0.00,0.00,0.00,0.00,0.00,0.00,0.00
MGPI,MGP INGREDIENTS INC,0.00,0.00,0.00,0.00,0.00,0.00,0.00
AIOT,Powerfleet Inc.,0.00,0.00,0.00,0.00,0.00,0.00,0.00
PLYM,Plymouth Industrial REIT Inc.,0.00,0.00,0.00,0.00,0.00,0.00,0.00
TYRA,Tyra Biosciences Inc.,0.00,0.00,0.00,0.00,0.00,0.00,0.00
FFC,Flaherty & Crumrine PREFERRED & INCOME SECURITIES FUND INC,0.00,0.00,0.00,0.00,0.00,0.00,0.00
DAKT,DAKTRONICS INC /SD/,0.00,0.00,0.00,0.00,0.00,0.00,0.00
CRON,Cronos Group Inc.,0.00,0.00,0.00,0.00,0.00,0.00,0.00
MIESY,Mitsui E&S Holdings Co. Ltd./ADR,0.00,0.00,0.00,0.00,0.00,0.00,0.00
AVDL,AVADEL PHARMACEUTICALS PLC,0.00,0.00,0.00,0.00,0.00,0.00,0.00
NTGR,NETGEAR INC.,0.00,0.00,0.00,0.00,0.00,0.00,0.00
MCBS,MetroCity Bankshares Inc.,0.00,0.00,0.00,0.00,0.00,0.00,0.00
HOV,HOVNANIAN ENTERPRISES INC,0.00,0.00,0.00,0.00,0.00,0.00,0.00
CEVA,CEVA INC,0.00,0.00,0.00,0.00,0.00,0.00,0.00
UPB,Upstream Bio Inc.,0.00,0.00,0.00,0.00,0.00,0.00,0.00
BITF,Bitfarms Ltd,0.00,0.00,0.00,0.00,0.00,0.00,0.00
ETNB,89bio Inc.,0.00,0.00,0.00,0.00,0.00,0.00,0.00
WDI,Western Asset Diversified Income Fund (WDI),0.00,0.00,0.00,0.00,0.00,0.00,0.00
SCWX,SecureWorks Corp,0.00,0.00,0.00,0.00,0.00,0.00,0.00
REX,REX AMERICAN RESOURCES Corp,0.00,0.00,0.00,0.00,0.00,0.00,0.00
GLDD,Great Lakes Dredge & Dock CORP,0.00,0.00,0.00,0.00,0.00,0.00,0.00
GCI,Gannett Co. Inc.,0.00,0.00,0.00,0.00,0.00,0.00,0.00
SWIM,Latham Group Inc.,0.00,0.00,0.00,0.00,0.00,0.00,0.00
NPWR,NET Power Inc.,0.00,0.00,0.00,0.00,0.00,0.00,0.00
MEG,Montrose Environmental Group Inc.,0.00,0.00,0.00,0.00,0.00,0.00,0.00
ARKO,ARKO Corp.,0.00,0.00,0.00,0.00,0.00,0.00,0.00
MLAB,MESA LABORATORIES INC /CO/,0.00,0.00,0.00,0.00,0.00,0.00,0.00
GSM,Ferroglobe PLC,0.00,0.00,0.00,0.00,0.00,0.00,0.00
CBLL,Ceribell Inc.,0.00,0.00,0.00,0.00,0.00,0.00,0.00
PLRX,PLIANT THERAPEUTICS INC.,0.00,0.00,0.00,0.00,0.00,0.00,0.00
TCPC,BlackRock TCP Capital Corp.,0.00,0.00,0.00,0.00,0.00,0.00,0.00
DBA,INVESCO DB AGRICULTURE FUND,0.00,0.00,0.00,0.00,0.00,0.00,0.00
BALY,Bally's Corp,0.00,0.00,0.00,0.00,0.00,0.00,0.00
FMCB,FARMERS & MERCHANTS BANCORP,0.00,0.00,0.00,0.00,0.00,0.00,0.00
RA,Brookfield Real Assets Income Fund Inc.,0.00,0.00,0.00,0.00,0.00,0.00,0.00
MYI,BLACKROCK MUNIYIELD QUALITY FUND III INC.,0.00,0.00,0.00,0.00,0.00,0.00,0.00
NXP,NUVEEN SELECT TAX FREE INCOME PORTFOLIO,0.00,0.00,0.00,0.00,0.00,0.00,0.00
PRA,PROASSURANCE CORP,0.00,0.00,0.00,0.00,0.00,0.00,0.00
MLR,MILLER INDUSTRIES INC /TN/,0.00,0.00,0.00,0.00,0.00,0.00,0.00
CFFN,Capitol Federal Financial Inc.,0.00,0.00,0.00,0.00,0.00,0.00,0.00
RLAY,Relay Therapeutics Inc.,0.00,0.00,0.00,0.00,0.00,0.00,0.00
ASTE,ASTEC INDUSTRIES INC,0.00,0.00,0.00,0.00,0.00,0.00,0.00
BCX,BlackRock Resources & Commodities Strategy Trust,0.00,0.00,0.00,0.00,0.00,0.00,0.00
CAL,CALERES INC,0.00,0.00,0.00,0.00,0.00,0.00,0.00
IRMD,IRADIMED CORP,0.00,0.00,0.00,0.00,0.00,0.00,0.00
DJCO,DAILY JOURNAL CORP,0.00,0.00,0.00,0.00,0.00,0.00,0.00
BRSP,BrightSpire Capital Inc.,0.00,0.00,0.00,0.00,0.00,0.00,0.00
INN,Summit Hotel Properties Inc.,0.00,0.00,0.00,0.00,0.00,0.00,0.00
REPX,Riley Exploration Permian Inc.,0.00,0.00,0.00,0.00,0.00,0.00,0.00
MVST,Microvast Holdings Inc.,0.00,0.00,0.00,0.00,0.00,0.00,0.00
CPF,CENTRAL PACIFIC FINANCIAL CORP,0.00,0.03,0.00,0.00,0.00,0.00,0.00
NBBK,NB Bancorp Inc.,0.00,0.00,0.00,0.00,0.00,0.00,0.00
FDUS,FIDUS INVESTMENT Corp,0.00,0.00,0.00,0.00,0.00,0.00,0.00
XPOF,Xponential Fitness Inc.,0.00,0.00,0.00,0.00,0.00,0.00,0.00
AVNS,AVANOS MEDICAL INC.,0.00,0.00,0.00,0.00,0.00,0.00,0.00
DNTH,Dianthus Therapeutics Inc. /DE/,0.00,0.00,0.00,0.00,0.00,0.00,0.00
TXO,TXO Partners L.P.,0.00,0.00,0.00,0.00,0.00,0.00,0.00
ASIX,AdvanSix Inc.,0.00,0.00,0.00,0.00,0.00,0.00,0.00
WNC,WABASH NATIONAL Corp,0.00,0.00,0.00,0.00,0.00,0.00,0.00
NGL,NGL Energy Partners LP,0.00,0.00,0.00,0.00,0.00,0.00,0.00
ETD,ETHAN ALLEN INTERIORS INC,0.00,0.02,0.00,0.00,0.00,0.00,0.00
CCO,Clear Channel Outdoor Holdings Inc.,0.00,0.00,0.00,0.00,0.00,0.00,0.00
JACK,JACK IN THE BOX INC,0.00,0.00,0.00,0.00,0.00,0.00,0.00
PRTA,PROTHENA CORP PUBLIC LTD CO,0.00,0.00,0.00,0.00,0.00,0.00,0.00
AC,Associated Capital Group Inc.,0.00,0.00,0.00,0.00,0.00,0.00,0.00
FCBC,FIRST COMMUNITY BANKSHARES INC /VA/,0.00,0.00,0.00,0.00,0.00,0.00,0.00
GES,GUESS INC,0.00,0.02,0.00,0.00,0.00,0.00,0.00
CFB,CROSSFIRST BANKSHARES INC.,0.00,0.00,0.00,0.00,0.00,0.00,0.00
DDL,Dingdong (Cayman) Ltd,0.00,0.00,0.00,0.00,0.00,0.00,0.00
EGBN,EAGLE BANCORP INC,0.00,0.00,0.00,0.00,0.00,0.00,0.00
ERAS,Erasca Inc.,0.00,0.00,0.00,0.00,0.00,0.00,0.00
CAC,CAMDEN NATIONAL CORP,0.00,0.00,0.00,0.00,0.00,0.00,0.00
GOOD,GLADSTONE COMMERCIAL CORP,0.00,0.00,0.00,0.00,0.00,0.00,0.00
CRML,Critical Metals Corp.,0.00,0.00,0.00,0.00,0.00,0.00,0.00
TIPT,TIPTREE INC.,0.00,0.00,0.00,0.00,0.00,0.00,0.00
OSPN,OneSpan Inc.,0.00,0.00,0.00,0.00,0.00,0.00,0.00
CLNE,Clean Energy Fuels Corp.,0.00,0.00,0.00,0.00,0.00,0.00,0.00
CVLG,COVENANT LOGISTICS GROUP INC.,0.00,0.00,0.00,0.00,0.00,0.00,0.00
RBBN,Ribbon Communications Inc.,0.00,0.00,0.00,0.00,0.00,0.00,0.00
PAXS,PIMCO Access Income Fund,0.00,0.00,0.00,0.00,0.00,0.00,0.00
MAX,MediaAlpha Inc.,0.00,0.00,0.00,0.00,0.00,0.00,0.00
EQBK,EQUITY BANCSHARES INC,0.00,0.00,0.00,0.00,0.00,0.00,0.00
CCAP,Crescent Capital BDC Inc.,0.00,0.00,0.00,0.00,0.00,0.00,0.00
BFST,Business First Bancshares Inc.,0.00,0.00,0.00,0.00,0.00,0.00,0.00
LAC,LITHIUM AMERICAS CORP.,0.00,0.00,0.00,0.00,0.00,0.00,0.00
AACT,Ares Acquisition Corp II,0.00,0.00,0.00,0.00,0.00,0.00,0.00
QURE,uniQure N.V.,0.00,0.00,0.00,0.00,0.00,0.00,0.00
SCGX,SAXON CAPITAL GROUP INC,0.00,0.00,0.00,0.00,0.00,0.00,0.00
KREF,KKR Real Estate Finance Trust Inc.,0.00,0.00,0.00,0.00,0.00,0.00,0.00
IBCP,INDEPENDENT BANK CORP /MI/,0.00,0.00,0.00,0.00,0.00,0.00,0.00
SLQT,SelectQuote Inc.,0.00,0.00,0.00,0.00,0.00,0.00,0.00
TGB,TASEKO MINES LTD,0.00,0.00,0.00,0.00,0.00,0.00,0.00
WSR,Whitestone REIT,0.00,0.00,0.00,0.00,0.00,0.00,0.00
NPK,NATIONAL PRESTO INDUSTRIES INC,0.00,0.00,0.00,0.00,0.00,0.00,0.00
PUBM,PubMatic Inc.,0.00,0.00,0.00,0.00,0.00,0.00,0.00
CRMD,CorMedix Inc.,0.00,0.00,0.00,0.00,0.00,0.00,0.00
IGR,CBRE GLOBAL REAL ESTATE INCOME FUND,0.00,0.00,0.00,0.00,0.00,0.00,0.00
TRTX,TPG RE Finance Trust Inc.,0.00,0.00,0.00,0.00,0.00,0.00,0.00
RPAY,Repay Holdings Corp,0.00,0.00,0.00,0.00,0.00,0.00,0.00
NVRI,ENVIRI Corp,0.00,0.00,0.00,0.00,0.00,0.00,0.00
MBWM,MERCANTILE BANK CORP,0.00,0.00,0.00,0.00,0.00,0.00,0.00
MBUU,MALIBU BOATS INC.,0.00,0.00,0.00,0.00,0.00,0.00,0.00
BH-A,Biglari Holdings Inc.,0.00,0.00,0.00,0.00,0.00,0.00,0.00
BTO,JOHN HANCOCK FINANCIAL OPPORTUNITIES FUND,0.00,0.00,0.00,0.00,0.00,0.00,0.00
SVM,SILVERCORP METALS INC,0.00,0.00,0.00,0.00,0.00,0.00,0.00
IMOS,CHIPMOS TECHNOLOGIES INC,0.00,0.00,0.00,0.00,0.00,0.00,0.00
GSBC,GREAT SOUTHERN BANCORP INC.,0.00,0.00,0.00,0.00,0.00,0.00,0.00
ODP,ODP Corp,0.00,0.00,0.00,0.00,0.00,0.00,0.00
MNRO,MONRO INC.,0.00,0.00,0.00,0.00,0.00,0.00,0.00
ZIP,ZIPRECRUITER INC.,0.00,0.00,0.00,0.00,0.00,0.00,0.00
NIE,Virtus Equity & Convertible Income Fund,0.00,0.00,0.00,0.00,0.00,0.00,0.00
PFN,PIMCO Income Strategy Fund II,0.00,0.00,0.00,0.00,0.00,0.00,0.00
PHAR,Pharming Group N.V.,0.00,0.00,0.00,0.00,0.00,0.00,0.00
HLF,HERBALIFE LTD.,0.00,0.00,0.00,0.00,0.00,0.00,0.00
TK,TEEKAY CORP LTD,0.00,0.00,0.00,0.00,0.00,0.00,0.00
GDLC,Grayscale Digital Large Cap Fund LLC,0.00,0.00,0.00,0.00,0.00,0.00,0.00
CRNC,Cerence Inc.,0.00,0.00,0.00,0.00,0.00,0.00,0.00
HBT,HBT Financial Inc.,0.00,0.00,0.00,0.00,0.00,0.00,0.00
WOLF,WOLFSPEED INC.,0.00,0.00,0.00,0.00,0.00,0.00,0.00
ORRF,ORRSTOWN FINANCIAL SERVICES INC,0.00,0.00,0.00,0.00,0.00,0.00,0.00
AXL,AMERICAN AXLE & MANUFACTURING HOLDINGS INC,0.00,0.00,0.00,0.00,0.00,0.00,0.00
IRWD,IRONWOOD PHARMACEUTICALS INC,0.00,0.00,0.00,0.00,0.00,0.00,0.00
HKHC,Horizon Kinetics Holding Corp,0.00,0.00,0.00,0.00,0.00,0.00,0.00
SHEN,SHENANDOAH TELECOMMUNICATIONS CO/VA/,0.00,0.00,0.00,0.00,0.00,0.00,0.00
ORC,Orchid Island Capital Inc.,0.00,0.00,0.00,0.00,0.00,0.00,0.00
HBNC,HORIZON BANCORP INC /IN/,0.00,0.00,0.00,0.00,0.00,0.00,0.00
AMRK,A-Mark Precious Metals Inc.,0.00,0.00,0.00,0.00,0.00,0.00,0.00
NEXN,Nexxen International Ltd.,0.00,0.00,0.00,0.00,0.00,0.00,0.00
JELD,JELD-WEN Holding Inc.,0.00,0.00,0.00,0.00,0.00,0.00,0.00
IMNM,Immunome Inc.,0.00,0.00,0.00,0.00,0.00,0.00,0.00
ESQ,Esquire Financial Holdings Inc.,0.00,0.00,0.00,0.00,0.00,0.00,0.00
MAGN,Magnera Corp,0.00,0.00,0.00,0.00,0.00,0.00,0.00
UFCS,UNITED FIRE GROUP INC,0.00,0.00,0.00,0.00,0.00,0.00,0.00
OPY,OPPENHEIMER HOLDINGS INC,0.00,0.00,0.00,0.00,0.00,0.00,0.00
HUYA,HUYA Inc.,0.00,0.00,0.00,0.00,0.00,0.00,0.00
VMO,Invesco Municipal Opportunity Trust,0.00,0.00,0.00,0.00,0.00,0.00,0.00
ABL,Abacus Life Inc.,0.00,0.00,0.00,0.00,0.00,0.00,0.00
OFIX,Orthofix Medical Inc.,0.00,0.00,0.00,0.00,0.00,0.00,0.00
NIPG,NIP Group Inc.,0.00,0.00,0.00,0.00,0.00,0.00,0.00
SSYS,STRATASYS LTD.,0.00,0.00,0.00,0.00,0.00,0.00,0.00
CCD,Calamos Dynamic Convertible & Income Fund,0.00,0.00,0.00,0.00,0.00,0.00,0.00
CGEM,Cullinan Therapeutics Inc.,0.00,0.00,0.00,0.00,0.00,0.00,0.00
LENZ,LENZ Therapeutics Inc.,0.00,0.00,0.00,0.00,0.00,0.00,0.00
HAFC,HANMI FINANCIAL CORP,0.00,0.00,0.00,0.00,0.00,0.00,0.00
USNA,USANA HEALTH SCIENCES INC,0.00,0.00,0.00,0.00,0.00,0.00,0.00
SVA,SINOVAC BIOTECH LTD,0.00,0.00,0.00,0.00,0.00,0.00,0.00
SMP,STANDARD MOTOR PRODUCTS INC.,0.00,0.00,0.00,0.00,0.00,0.00,0.00
ARMN,Aris Mining Corp,0.00,0.00,0.00,0.00,0.00,0.00,0.00
PGY,Pagaya Technologies Ltd.,0.00,0.00,0.00,0.00,0.00,0.00,0.00
EZPW,EZCORP INC,0.00,0.00,0.00,0.00,0.00,0.00,0.00
EVER,EverQuote Inc.,0.00,0.00,0.00,0.00,0.00,0.00,0.00
LIND,LINDBLAD EXPEDITIONS HOLDINGS INC.,0.00,0.00,0.00,0.00,0.00,0.00,0.00
AMPS,Altus Power Inc.,0.00,0.00,0.00,0.00,0.00,0.00,0.00
BOE,BlackRock Enhanced Global Dividend Trust,0.00,0.00,0.00,0.00,0.00,0.00,0.00
MEGI,NYLI CBRE Global Infrastructure Megatrends Term Fund,0.00,0.00,0.00,0.00,0.00,0.00,0.00
HBIA,HILLS BANCORPORATION,0.00,0.00,0.00,0.00,0.00,0.00,0.00
GLAD,GLADSTONE CAPITAL CORP,0.00,0.00,0.00,0.00,0.00,0.00,0.00
MYTE,MYT Netherlands Parent B.V.,0.00,0.00,0.00,0.00,0.00,0.00,0.00
WRLD,WORLD ACCEPTANCE CORP,0.00,0.00,0.00,0.00,0.00,0.00,0.00
EOLS,Evolus Inc.,0.00,0.00,0.00,0.00,0.00,0.00,0.00
CGNT,Cognyte Software Ltd.,0.00,0.00,0.00,0.00,0.00,0.00,0.00
ITRN,Ituran Location & Control Ltd.,0.00,0.00,0.00,0.00,0.00,0.00,0.00
AUTL,Autolus Therapeutics plc,0.00,0.00,0.00,0.00,0.00,0.00,0.00
MCB,Metropolitan Bank Holding Corp.,0.00,0.00,0.00,0.00,0.00,0.00,0.00
MCS,MARCUS CORP,0.00,0.00,0.00,0.00,0.00,0.00,0.00
EVOH,EvoAir Holdings Inc.,0.00,0.00,0.00,0.00,0.00,0.00,0.00
NPKI,NPK International Inc.,0.00,0.00,0.00,0.00,0.00,0.00,0.00
YALA,Yalla Group Ltd,0.00,0.00,0.00,0.00,0.00,0.00,0.00
EU,enCore Energy Corp.,0.00,0.00,0.00,0.00,0.00,0.00,0.00
ABUS,Arbutus Biopharma Corp,0.00,0.00,0.00,0.00,0.00,0.00,0.00
CRGX,CARGO Therapeutics Inc.,0.00,0.00,0.00,0.00,0.00,0.00,0.00
RUPRF,RUPERT RESOURCES LTD,0.00,0.00,0.00,0.00,0.00,0.00,0.00
ETJ,Eaton Vance Risk-Managed Diversified Equity Income Fund,0.00,0.00,0.00,0.00,0.00,0.00,0.00
EVTL,Vertical Aerospace Ltd.,0.00,0.00,0.00,0.00,0.00,0.00,0.00
PDT,JOHN HANCOCK PREMIUM DIVIDEND FUND,0.00,0.00,0.00,0.00,0.00,0.00,0.00
IMXI,International Money Express Inc.,0.00,0.00,0.00,0.00,0.00,0.00,0.00
PTLO,Portillo's Inc.,0.00,0.00,0.00,0.00,0.00,0.00,0.00
VEL,Velocity Financial Inc.,0.00,0.00,0.00,0.00,0.00,0.00,0.00
STRW,Strawberry Fields REIT Inc.,0.00,0.00,0.00,0.00,0.00,0.00,0.00
FAX,ABRDN ASIA-PACIFIC INCOME FUND INC.,0.00,0.00,0.00,0.00,0.00,0.00,0.00
GNK,GENCO SHIPPING & TRADING LTD,0.00,0.00,0.00,0.00,0.00,0.00,0.00
HNOI,HNO International Inc.,0.00,0.00,0.00,0.00,0.00,0.00,0.00
LPRO,Open Lending Corp,0.00,0.00,0.00,0.00,0.00,0.00,0.00
GGN,GAMCO Global Gold Natural Resources & Income Trust,0.00,0.00,0.00,0.00,0.00,0.00,0.00
NVTS,Navitas Semiconductor Corp,0.00,0.00,0.00,0.00,0.00,0.00,0.00
MHD,BLACKROCK MUNIHOLDINGS FUND INC.,0.00,0.00,0.00,0.00,0.00,0.00,0.00
CNDT,CONDUENT Inc,0.00,0.00,0.00,0.00,0.00,0.00,0.00
FSBC,FIVE STAR BANCORP,0.00,0.00,0.00,0.00,0.00,0.00,0.00
PACB,PACIFIC BIOSCIENCES OF CALIFORNIA INC.,0.00,0.00,0.00,0.00,0.00,0.00,0.00
THRY,Thryv Holdings Inc.,0.00,0.00,0.00,0.00,0.00,0.00,0.00
GPRE,Green Plains Inc.,0.00,0.00,0.00,0.00,0.00,0.00,0.00
BVS,Bioventus Inc.,0.00,0.00,0.00,0.00,0.00,0.00,0.00
BYRN,Byrna Technologies Inc.,0.00,0.00,0.00,0.00,0.00,0.00,0.00
CTLP,CANTALOUPE INC.,0.00,0.00,0.00,0.00,0.00,0.00,0.00
VHI,VALHI INC /DE/,0.00,0.00,0.00,0.00,0.00,0.00,0.00
NDMO,Nuveen Dynamic Municipal Opportunities Fund,0.00,0.00,0.00,0.00,0.00,0.00,0.00
IFN,INDIA FUND INC.,0.00,0.00,0.00,0.00,0.00,0.00,0.00
HZO,MARINEMAX INC,0.00,0.00,0.00,0.00,0.00,0.00,0.00
DXYZ,Destiny Tech100 Inc.,0.00,0.00,0.00,0.00,0.00,0.00,0.00
EMO,ClearBridge Energy Midstream Opportunity Fund Inc.,0.00,0.00,0.00,0.00,0.00,0.00,0.00
CURV,Torrid Holdings Inc.,0.00,0.00,0.00,0.00,0.00,0.00,0.00
NKX,NUVEEN CALIFORNIA AMT-FREE QUALITY MUNICIPAL INCOME FUND,0.00,0.00,0.00,0.00,0.00,0.00,0.00
VINP,Vinci Partners Investments Ltd.,0.00,0.00,0.00,0.00,0.00,0.00,0.00
VVR,Invesco Senior Income Trust,0.00,0.00,0.00,0.00,0.00,0.00,0.00
NIKA,NIKA PHARMACEUTICALS INC,0.00,0.00,0.00,0.00,0.00,0.00,0.00
NAT,NORDIC AMERICAN TANKERS Ltd,0.00,0.00,0.00,0.00,0.00,0.00,0.00
PLPC,PREFORMED LINE PRODUCTS CO,0.00,0.00,0.00,0.00,0.00,0.00,0.00
ODC,Oil-Dri Corp of America,0.00,0.00,0.00,0.00,0.00,0.00,0.00
RXT,Rackspace Technology Inc.,0.00,0.00,0.00,0.00,0.00,0.00,0.00
KIDS,ORTHOPEDIATRICS CORP,0.00,0.00,0.00,0.00,0.00,0.00,0.00
KOP,Koppers Holdings Inc.,0.00,0.00,0.00,0.00,0.00,0.00,0.00
LAB,STANDARD BIOTOOLS INC.,0.00,0.00,0.00,0.00,0.00,0.00,0.00
KUBR,Kuber Resources Corp,0.00,0.00,0.00,0.00,0.00,0.00,0.00
HIPO,Hippo Holdings Inc.,0.00,0.00,0.00,0.00,0.00,0.00,0.00
EUBG,ENTREPRENEUR UNIVERSE BRIGHT GROUP,0.00,0.00,0.00,0.00,0.00,0.00,0.00
SMBC,SOUTHERN MISSOURI BANCORP INC.,0.00,0.00,0.00,0.00,0.00,0.00,0.00
GRAL,GRAIL Inc.,0.00,0.00,0.00,0.00,0.00,0.00,0.00
TECX,Tectonic Therapeutic Inc.,0.00,0.00,0.00,0.00,0.00,0.00,0.00
HNST,Honest Company Inc.,0.00,0.00,0.00,0.00,0.00,0.00,0.00
NBR,NABORS INDUSTRIES LTD,0.00,0.00,0.00,0.00,0.00,0.00,0.00
SPTN,SpartanNash Co,0.00,0.00,0.00,0.00,0.00,0.00,0.00
SFIX,Stitch Fix Inc.,0.00,0.00,0.00,0.00,0.00,0.00,0.00
KROS,Keros Therapeutics Inc.,0.00,0.00,0.00,0.00,0.00,0.00,0.00
HUMA,Humacyte Inc.,0.00,0.00,0.00,0.00,0.00,0.00,0.00
CSV,CARRIAGE SERVICES INC,0.00,0.00,0.00,0.00,0.00,0.00,0.00
MUJ,BLACKROCK MUNIHOLDINGS NEW JERSEY QUALITY FUND INC.,0.00,0.00,0.00,0.00,0.00,0.00,0.00
EIM,Eaton Vance Municipal Bond Fund,0.00,0.00,0.00,0.00,0.00,0.00,0.00
LDP,Cohen & Steers Ltd Duration Preferred & Income Fund Inc.,0.00,0.00,0.00,0.00,0.00,0.00,0.00
CAPR,CAPRICOR THERAPEUTICS INC.,0.00,0.00,0.00,0.00,0.00,0.00,0.00
CCRN,CROSS COUNTRY HEALTHCARE INC,0.00,0.00,0.00,0.00,0.00,0.00,0.00
MNTK,Montauk Renewables Inc.,0.00,0.00,0.00,0.00,0.00,0.00,0.00
NMCO,Nuveen Municipal Credit Opportunities Fund,0.00,0.00,0.00,0.00,0.00,0.00,0.00
OUST,Ouster Inc.,0.00,0.00,0.00,0.00,0.00,0.00,0.00
CION,CION Investment Corp,0.00,0.00,0.00,0.00,0.00,0.00,0.00
ZKH,ZKH Group Ltd,0.00,0.00,0.00,0.00,0.00,0.00,0.00
RGR,STURM RUGER & CO INC,0.00,0.00,0.00,0.00,0.00,0.00,0.00
RERE,ATRenew Inc.,0.00,0.00,0.00,0.00,0.00,0.00,0.00
TRST,TRUSTCO BANK CORP N Y,0.00,0.00,0.00,0.00,0.00,0.00,0.00
ACIC,AMERICAN COASTAL INSURANCE Corp,0.00,0.00,0.00,0.00,0.00,0.00,0.00
VZLA,Vizsla Silver Corp.,0.00,0.00,0.00,0.00,0.00,0.00,0.00
ZJK,ZJK Industrial Co. Ltd.,0.00,0.00,0.00,0.00,0.00,0.00,0.00
SIBN,SI-BONE Inc.,0.00,0.00,0.00,0.00,0.00,0.00,0.00
KULR,KULR Technology Group Inc.,0.00,0.00,0.00,0.00,0.00,0.00,0.00
SKYT,SkyWater Technology Inc,0.00,0.00,0.00,0.00,0.00,0.00,0.00
DNA,Ginkgo Bioworks Holdings Inc.,0.00,0.00,0.00,0.00,0.00,0.00,0.00
WEST,Westrock Coffee Co,0.00,0.00,0.00,0.00,0.00,0.00,0.00
ALTI,AlTi Global Inc.,0.00,0.00,0.00,0.00,0.00,0.00,0.00
CTO,CTO Realty Growth Inc.,0.00,0.00,0.00,0.00,0.00,0.00,0.00
NCMI,National CineMedia Inc.,0.00,0.00,0.00,0.00,0.00,0.00,0.00
RYI,Ryerson Holding Corp,0.00,0.00,0.00,0.00,0.00,0.00,0.00
MTUS,Metallus Inc.,0.00,0.00,0.00,0.00,0.00,0.00,0.00
ORIC,Oric Pharmaceuticals Inc.,0.00,0.00,0.00,0.00,0.00,0.00,0.00
CCBG,CAPITAL CITY BANK GROUP INC,0.00,0.00,0.00,0.00,0.00,0.00,0.00
MOFG,MidWestOne Financial Group Inc.,0.00,0.00,0.00,0.00,0.00,0.00,0.00
PEO,ADAMS NATURAL RESOURCES FUND INC.,0.00,0.00,0.00,0.00,0.00,0.00,0.00
BIT,BlackRock Multi-Sector Income Trust,0.00,0.00,0.00,0.00,0.00,0.00,0.00
BBW,BUILD-A-BEAR WORKSHOP INC,0.00,0.00,0.00,0.00,0.00,0.00,0.00
GPRK,GeoPark Ltd,0.00,0.00,0.00,0.00,0.00,0.00,0.00
TEN,TSAKOS ENERGY NAVIGATION LTD,0.00,0.00,0.00,0.00,0.00,0.00,0.00
WASH,WASHINGTON TRUST BANCORP INC,0.00,0.00,0.00,0.00,0.00,0.00,0.00
SLP,Simulations Plus Inc.,0.00,0.00,0.00,0.00,0.00,0.00,0.00
CLMB,Climb Global Solutions Inc.,0.00,0.00,0.00,0.00,0.00,0.00,0.00
OPAL,OPAL Fuels Inc.,0.00,0.00,0.00,0.00,0.00,0.00,0.00
EMD,WESTERN ASSET EMERGING MARKETS DEBT FUND INC.,0.00,0.00,0.00,0.00,0.00,0.00,0.00
MGIC,MAGIC SOFTWARE ENTERPRISES LTD,0.00,0.00,0.00,0.00,0.00,0.00,0.00
RZLV,REZOLVE AI Ltd,0.00,0.00,0.00,0.00,0.00,0.00,0.00
ATRO,ASTRONICS CORP,0.00,0.00,0.00,0.00,0.00,0.00,0.00
FLGT,Fulgent Genetics Inc.,0.00,0.00,0.00,0.00,0.00,0.00,0.00
QDMI,QDM International Inc.,0.00,0.00,0.00,0.00,0.00,0.00,0.00
ASC,Ardmore Shipping Corp,0.00,0.00,0.00,0.00,0.00,0.00,0.00
FPI,Farmland Partners Inc.,0.00,0.00,0.00,0.00,0.00,0.00,0.00
KRT,Karat Packaging Inc.,0.00,0.00,0.00,0.00,0.00,0.00,0.00
KURA,Kura Oncology Inc.,0.00,0.00,0.00,0.00,0.00,0.00,0.00
IIM,Invesco Value Municipal Income Trust,0.00,0.00,0.00,0.00,0.00,0.00,0.00
CAN,Canaan Inc.,0.00,0.00,0.00,0.00,0.00,0.00,0.00
GFR,Greenfire Resources Ltd.,0.00,0.00,0.00,0.00,0.00,0.00,0.00
ACCD,Accolade Inc.,0.00,0.00,0.00,0.00,0.00,0.00,0.00
EYPT,EyePoint Pharmaceuticals Inc.,0.00,0.00,0.00,0.00,0.00,0.00,0.00
INV,Innventure Inc.,0.00,0.00,0.00,0.00,0.00,0.00,0.00
MMU,WESTERN ASSET MANAGED MUNICIPALS FUND INC.,0.00,0.00,0.00,0.00,0.00,0.00,0.00
VREX,Varex Imaging Corp,0.00,0.00,0.00,0.00,0.00,0.00,0.00
LAES,SEALSQ Corp,0.00,0.00,0.00,0.00,0.00,0.00,0.00
HTBI,HomeTrust Bancshares Inc.,0.00,0.00,0.00,0.00,0.00,0.00,0.00
NOA,North American Construction Group Ltd.,0.00,0.00,0.00,0.00,0.00,0.00,0.00
BHK,BLACKROCK CORE BOND TRUST,0.00,0.00,0.00,0.00,0.00,0.00,0.00
SRDX,SURMODICS INC,0.00,0.00,0.00,0.00,0.00,0.00,0.00
FLX,BingEx Ltd,0.00,0.00,0.00,0.00,0.00,0.00,0.00
ORKA,Oruka Therapeutics Inc.,0.00,0.00,0.00,0.00,0.00,0.00,0.00
TRDA,Entrada Therapeutics Inc.,0.00,0.00,0.00,0.00,0.00,0.00,0.00
FRPH,FRP HOLDINGS INC.,0.00,0.00,0.00,0.00,0.00,0.00,0.00
NOTR,Nowtransit Inc,0.00,0.00,0.00,0.00,0.00,0.00,0.00
GEVO,Gevo Inc.,0.00,0.00,0.00,0.00,0.00,0.00,0.00
LYTS,LSI INDUSTRIES INC,0.00,0.00,0.00,0.00,0.00,0.00,0.00
LEGH,Legacy Housing Corp,0.00,0.00,0.00,0.00,0.00,0.00,0.00
PBT,PERMIAN BASIN ROYALTY TRUST,0.00,0.00,0.00,0.00,0.00,0.00,0.00
BGB,Blackstone Strategic Credit 2027 Term Fund,0.00,0.00,0.00,0.00,0.00,0.00,0.00
FPH,Five Point Holdings LLC,0.00,0.00,0.00,0.00,0.00,0.00,0.00
DOGZ,Dogness (International) Corp,0.00,0.00,0.00,0.00,0.00,0.00,0.00
DIAX,Nuveen Dow 30sm Dynamic Overwrite Fund,0.00,0.00,0.00,0.00,0.00,0.00,0.00
PLOW,DOUGLAS DYNAMICS INC,0.00,0.00,0.00,0.00,0.00,0.00,0.00
RAPP,Rapport Therapeutics Inc.,0.00,0.00,0.00,0.00,0.00,0.00,0.00
OPT,Opthea Ltd,0.00,0.00,0.00,0.00,0.00,0.00,0.00
VGM,Invesco Trust for Investment Grade Municipals,0.00,0.00,0.00,0.00,0.00,0.00,0.00
FCCN,SPECTRAL CAPITAL Corp,0.00,0.00,0.00,0.00,0.00,0.00,0.00
LDI,loanDepot Inc.,0.00,0.00,0.00,0.00,0.00,0.00,0.00
PML,PIMCO MUNICIPAL INCOME FUND II,0.00,0.00,0.00,0.00,0.00,0.00,0.00
EBS,Emergent BioSolutions Inc.,0.00,0.00,0.00,0.00,0.00,0.00,0.00
UVE,UNIVERSAL INSURANCE HOLDINGS INC.,0.00,0.00,0.00,0.00,0.00,0.00,0.00
LZM,Lifezone Metals Ltd,0.00,0.00,0.00,0.00,0.00,0.00,0.00
LASR,NLIGHT INC.,0.00,0.00,0.00,0.00,0.00,0.00,0.00
OLP,ONE LIBERTY PROPERTIES INC,0.00,0.00,0.00,0.00,0.00,0.00,0.00
HTBK,HERITAGE COMMERCE CORP,0.00,0.00,0.00,0.00,0.00,0.00,0.00
MREO,Mereo BioPharma Group plc,0.00,0.00,0.00,0.00,0.00,0.00,0.00
ELTP,ELITE PHARMACEUTICALS INC /NV/,0.00,0.00,0.00,0.00,0.00,0.00,0.00
VKQ,Invesco Municipal Trust,0.00,0.00,0.00,0.00,0.00,0.00,0.00
CMTG,Claros Mortgage Trust Inc.,0.00,0.00,0.00,0.00,0.00,0.00,0.00
SBC,SBC Medical Group Holdings Inc,0.00,0.00,0.00,0.00,0.00,0.00,0.00
STK,Columbia Seligman Premium Technology Growth Fund Inc.,0.00,0.00,0.00,0.00,0.00,0.00,0.00
ATEX,Anterix Inc.,0.00,0.00,0.00,0.00,0.00,0.00,0.00
VCV,Invesco California Value Municipal Income Trust,0.00,0.00,0.00,0.00,0.00,0.00,0.00
CASS,CASS INFORMATION SYSTEMS INC,0.00,0.00,0.00,0.00,0.00,0.00,0.00
CHCT,Community Healthcare Trust Inc,0.00,0.00,0.00,0.00,0.00,0.00,0.00
SPFI,SOUTH PLAINS FINANCIAL INC.,0.00,0.00,0.00,0.00,0.00,0.00,0.00
FTHY,FIRST TRUST HIGH YIELD OPPORTUNITIES 2027 TERM FUND,0.00,0.00,0.00,0.00,0.00,0.00,0.00
SCHL,SCHOLASTIC CORP,0.00,0.00,0.00,0.00,0.00,0.00,0.00
LXU,LSB INDUSTRIES INC.,0.00,0.00,0.00,0.00,0.00,0.00,0.00
GHY,PGIM Global High Yield Fund Inc.,0.00,0.00,0.00,0.00,0.00,0.00,0.00
BME,BlackRock Health Sciences Trust,0.00,0.00,0.00,0.00,0.00,0.00,0.00
BLDP,Ballard Power Systems Inc.,0.00,0.00,0.00,0.00,0.00,0.00,0.00
AUNA,AUNA S.A.,0.00,0.00,0.00,0.00,0.00,0.00,0.00
EBF,ENNIS INC.,0.00,0.00,0.00,0.00,0.00,0.00,0.00
OMER,OMEROS CORP,0.00,0.00,0.00,0.00,0.00,0.00,0.00
BUI,BlackRock Utilities Infrastructure & Power Opportunities Trust,0.00,0.00,0.00,0.00,0.00,0.00,0.00
AHG,Akso Health Group,0.00,0.00,0.00,0.00,0.00,0.00,0.00
MPB,MID PENN BANCORP INC,0.00,0.00,0.00,0.00,0.00,0.00,0.00
DDI,DoubleDown Interactive Co. Ltd.,0.00,0.00,0.00,0.00,0.00,0.00,0.00
TBLD,Thornburg Income Builder Opportunities Trust,0.00,0.00,0.00,0.00,0.00,0.00,0.00
MATV,Mativ Holdings Inc.,0.00,0.00,0.00,0.00,0.00,0.00,0.00
CRD-A,CRAWFORD & CO,0.00,0.00,0.00,0.00,0.00,0.00,0.00
PACK,Ranpak Holdings Corp.,0.00,0.00,0.00,0.00,0.00,0.00,0.00
AVK,ADVENT CONVERTIBLE & INCOME FUND,0.00,0.00,0.00,0.00,0.00,0.00,0.00
BGY,BlackRock Enhanced International Dividend Trust,0.00,0.00,0.00,0.00,0.00,0.00,0.00
GOTU,Gaotu Techedu Inc.,0.00,0.00,0.00,0.00,0.00,0.00,0.00
NNDM,Nano Dimension Ltd.,0.00,0.00,0.00,0.00,0.00,0.00,0.00
AMBC,AMBAC FINANCIAL GROUP INC,0.00,0.00,0.00,0.00,0.00,0.00,0.00
NYMT,NEW YORK MORTGAGE TRUST INC.,0.00,0.00,0.00,0.00,0.00,0.00,0.00
SLSR,Solaris Resources Inc.,0.00,0.00,0.00,0.00,0.00,0.00,0.00
PGC,PEAPACK GLADSTONE FINANCIAL CORP,0.00,0.00,0.00,0.00,0.00,0.00,0.00
IQI,Invesco Quality Municipal Income Trust,0.00,0.00,0.00,0.00,0.00,0.00,0.00
RSVR,Reservoir Media Inc.,0.00,0.00,0.00,0.00,0.00,0.00,0.00
GMRE,Global Medical REIT Inc.,0.00,0.00,0.00,0.00,0.00,0.00,0.00
TTI,TETRA TECHNOLOGIES INC,0.00,0.00,0.00,0.00,0.00,0.00,0.00
BGS,B&G Foods Inc.,0.00,0.00,0.00,0.00,0.00,0.00,0.00
ANNX,Annexon Inc.,0.00,0.00,0.00,0.00,0.00,0.00,0.00
BTBT,Bit Digital Inc,0.00,0.00,0.00,0.00,0.00,0.00,0.00
THFF,FIRST FINANCIAL CORP /IN/,0.00,0.00,0.00,0.00,0.00,0.00,0.00
XERS,Xeris Biopharma Holdings Inc.,0.00,0.00,0.00,0.00,0.00,0.00,0.00
DSU,BLACKROCK DEBT STRATEGIES FUND INC.,0.00,0.00,0.00,0.00,0.00,0.00,0.00
BLW,BLACKROCK Ltd DURATION INCOME TRUST,0.00,0.00,0.00,0.00,0.00,0.00,0.00
CMP,COMPASS MINERALS INTERNATIONAL INC,0.00,0.00,0.00,0.00,0.00,0.00,0.00
HKD,AMTD Digital Inc.,0.00,0.00,0.00,0.00,0.00,0.00,0.00
TRML,Tourmaline Bio Inc.,0.00,0.00,0.00,0.00,0.00,0.00,0.00
NML,Neuberger Berman Energy Infrastructure & Income Fund Inc.,0.00,0.00,0.00,0.00,0.00,0.00,0.00
HNRG,HALLADOR ENERGY CO,0.00,0.00,0.00,0.00,0.00,0.00,0.00
WIW,WESTERN ASSET INFLATION-LINKED OPPORTUNITIES & INCOME FUND,0.00,0.00,0.00,0.00,0.00,0.00,0.00
ASGI,abrdn Global Infrastructure Income Fund,0.00,0.00,0.00,0.00,0.00,0.00,0.00
DHC,DIVERSIFIED HEALTHCARE TRUST,0.00,0.00,0.00,0.00,0.00,0.00,0.00
SENEA,Seneca Foods Corp,0.00,0.00,0.00,0.00,0.00,0.00,0.00
WLDN,Willdan Group Inc.,0.00,0.00,0.00,0.00,0.00,0.00,0.00
FISI,FINANCIAL INSTITUTIONS INC,0.00,0.00,0.00,0.00,0.00,0.00,0.00
INNV,InnovAge Holding Corp.,0.00,0.00,0.00,0.00,0.00,0.00,0.00
PSBD,Palmer Square Capital BDC Inc.,0.00,0.00,0.00,0.00,0.00,0.00,0.00
MNMD,Mind Medicine (MindMed) Inc.,0.00,0.00,0.00,0.00,0.00,0.00,0.00
BLE,BLACKROCK MUNICIPAL INCOME TRUST II,0.00,0.00,0.00,0.00,0.00,0.00,0.00
KODK,EASTMAN KODAK CO,0.00,0.00,0.00,0.00,0.00,0.00,0.00
RYAM,RAYONIER ADVANCED MATERIALS INC.,0.00,0.00,0.00,0.00,0.00,0.00,0.00
QD,Qudian Inc.,0.00,0.00,0.00,0.00,0.00,0.00,0.00
GUG,Guggenheim Active Allocation Fund,0.00,0.00,0.00,0.00,0.00,0.00,0.00
NXJ,NUVEEN NEW JERSEY QUALITY MUNICIPAL INCOME FUND,0.00,0.00,0.00,0.00,0.00,0.00,0.00
SMBK,SMARTFINANCIAL INC.,0.00,0.00,0.00,0.00,0.00,0.00,0.00
CHPT,ChargePoint Holdings Inc.,0.00,0.00,0.00,0.00,0.00,0.00,0.00
HONE,HarborOne Bancorp Inc.,0.00,0.00,0.00,0.00,0.00,0.00,0.00
TALK,Talkspace Inc.,0.00,0.00,0.00,0.00,0.00,0.00,0.00
ALT,Altimmune Inc.,0.00,0.00,0.00,0.00,0.00,0.00,0.00
ANGO,ANGIODYNAMICS INC,0.00,0.00,0.00,0.00,0.00,0.00,0.00
RMT,ROYCE MICRO-CAP TRUST INC.,0.00,0.00,0.00,0.00,0.00,0.00,0.00
SNDL,SNDL Inc.,0.00,0.00,0.00,0.00,0.00,0.00,0.00
CLFD,Clearfield Inc.,0.00,0.00,0.00,0.00,0.00,0.00,0.00
EVLV,Evolv Technologies Holdings Inc.,0.00,0.00,0.00,0.00,0.00,0.00,0.00
ARCT,Arcturus Therapeutics Holdings Inc.,0.00,0.00,0.00,0.00,0.00,0.00,0.00
GRPN,Groupon Inc.,0.00,0.00,0.00,0.00,0.00,0.00,0.00
SHBI,SHORE BANCSHARES INC,0.00,0.00,0.00,0.00,0.00,0.00,0.00
GBLI,Global Indemnity Group LLC,0.00,0.00,0.00,0.00,0.00,0.00,0.00
AEHR,AEHR TEST SYSTEMS,0.00,0.00,0.00,0.00,0.00,0.00,0.00
DH,Definitive Healthcare Corp.,0.00,0.00,0.00,0.00,0.00,0.00,0.00
CANG,Cango Inc.,0.00,0.00,0.00,0.00,0.00,0.00,0.00
UHT,UNIVERSAL HEALTH REALTY INCOME TRUST,0.00,0.00,0.00,0.00,0.00,0.00,0.00
GAMB,Gambling.com Group Ltd,0.00,0.00,0.00,0.00,0.00,0.00,0.00
CCNE,CNB FINANCIAL CORP/PA,0.00,0.00,0.00,0.00,0.00,0.00,0.00
AGS,PlayAGS Inc.,0.00,0.00,0.00,0.00,0.00,0.00,0.00
TREE,LendingTree Inc.,0.00,0.00,0.00,0.00,0.00,0.00,0.00
RICK,RCI HOSPITALITY HOLDINGS INC.,0.00,0.00,0.00,0.00,0.00,0.00,0.00
FMNB,FARMERS NATIONAL BANC CORP /OH/,0.00,0.00,0.00,0.00,0.00,0.00,0.00
MSBI,Midland States Bancorp Inc.,0.00,0.00,0.00,0.00,0.00,0.00,0.00
DGICA,DONEGAL GROUP INC,0.00,0.00,0.00,0.00,0.00,0.00,0.00
GDOT,GREEN DOT CORP,0.00,0.00,0.00,0.00,0.00,0.00,0.00
FFIC,FLUSHING FINANCIAL CORP,0.00,0.00,0.00,0.00,0.00,0.00,0.00
BCAL,California BanCorp \ CA,0.00,0.00,0.00,0.00,0.00,0.00,0.00
MYD,BLACKROCK MUNIYIELD FUND INC.,0.00,0.00,0.00,0.00,0.00,0.00,0.00
SVRA,Savara Inc,0.00,0.00,0.00,0.00,0.00,0.00,0.00
CYRB,Cyber App Solutions Corp.,0.00,0.00,0.00,0.00,0.00,0.00,0.00
KELYA,KELLY SERVICES INC,0.00,0.00,0.00,0.00,0.00,0.00,0.00
FARO,FARO TECHNOLOGIES INC,0.00,0.00,0.00,0.00,0.00,0.00,0.00
CLW,Clearwater Paper Corp,0.00,0.00,0.00,0.00,0.00,0.00,0.00
BIGC,BigCommerce Holdings Inc.,0.00,0.00,0.00,0.00,0.00,0.00,0.00
PHAT,Phathom Pharmaceuticals Inc.,0.00,0.00,0.00,0.00,0.00,0.00,0.00
SMLR,Semler Scientific Inc.,0.00,0.00,0.00,0.00,0.00,0.00,0.00
GLRE,GREENLIGHT CAPITAL RE LTD.,0.00,0.00,0.00,0.00,0.00,0.00,0.00
MGTX,MeiraGTx Holdings plc,0.00,0.00,0.00,0.00,0.00,0.00,0.00
STOK,Stoke Therapeutics Inc.,0.00,0.00,0.00,0.00,0.00,0.00,0.00
METC,Ramaco Resources Inc.,0.00,0.00,0.00,0.00,0.00,0.00,0.00
LVRO,Lavoro Ltd,0.00,0.00,0.00,0.00,0.00,0.00,0.00
TYG,TORTOISE ENERGY INFRASTRUCTURE CORP,0.00,0.00,0.00,0.00,0.00,0.00,0.00
HPS,JOHN HANCOCK PREFERRED INCOME FUND III,0.00,0.00,0.00,0.00,0.00,0.00,0.00
NNOX,Nano-X Imaging Ltd.,0.00,0.00,0.00,0.00,0.00,0.00,0.00
IVR,Invesco Mortgage Capital Inc.,0.00,0.00,0.00,0.00,0.00,0.00,0.00
RDVT,Red Violet Inc.,0.00,0.00,0.00,0.00,0.00,0.00,0.00
FRA,BLACKROCK FLOATING RATE INCOME STRATEGIES FUND INC.,0.00,0.00,0.00,0.00,0.00,0.00,0.00
SES,SES AI Corp,0.00,0.00,0.00,0.00,0.00,0.00,0.00
ALRS,ALERUS FINANCIAL CORP,0.00,0.00,0.00,0.00,0.00,0.00,0.00
MLYS,Mineralys Therapeutics Inc.,0.00,0.00,0.00,0.00,0.00,0.00,0.00
ACCO,ACCO BRANDS Corp,0.00,0.00,0.00,0.00,0.00,0.00,0.00
GAIN,GLADSTONE INVESTMENT CORPORATION\DE,0.00,0.00,0.00,0.00,0.00,0.00,0.00
CPAC,CEMENTOS PACASMAYO SAA,0.00,0.00,0.00,0.00,0.00,0.00,0.00
EGY,VAALCO ENERGY INC /DE/,0.00,0.00,0.00,0.00,0.00,0.00,0.00
PFIS,PEOPLES FINANCIAL SERVICES CORP.,0.00,0.00,0.00,0.00,0.00,0.00,0.00
IIIN,INSTEEL INDUSTRIES INC,0.00,0.00,0.00,0.00,0.00,0.00,0.00
FFWM,First Foundation Inc.,0.00,0.00,0.00,0.00,0.00,0.00,0.00
PNNT,PENNANTPARK INVESTMENT CORP,0.00,0.00,0.00,0.00,0.00,0.00,0.00
JMIA,Jumia Technologies AG,0.00,0.00,0.00,0.00,0.00,0.00,0.00
LAAC,Lithium Americas (Argentina) Corp.,0.00,0.00,0.00,0.00,0.00,0.00,0.00
VERV,Verve Therapeutics Inc.,0.00,0.00,0.00,0.00,0.00,0.00,0.00
MITK,MITEK SYSTEMS INC,0.00,0.00,0.00,0.00,0.00,0.00,0.00
VLGEA,VILLAGE SUPER MARKET INC,0.00,0.00,0.00,0.00,0.00,0.00,0.00
EBTC,ENTERPRISE BANCORP INC /MA/,0.00,0.00,0.00,0.00,0.00,0.00,0.00
ISD,PGIM High Yield Bond Fund Inc.,0.00,0.00,0.00,0.00,0.00,0.00,0.00
PSNL,Personalis Inc.,0.00,0.00,0.00,0.00,0.00,0.00,0.00
GCO,GENESCO INC,0.00,0.00,0.00,0.00,0.00,0.00,0.00
XFLT,XAI Octagon Floating Rate & Alternative Income Trust,0.00,0.00,0.00,0.00,0.00,0.00,0.00
MXCT,MAXCYTE INC.,0.00,0.00,0.00,0.00,0.00,0.00,0.00
NFBK,Northfield Bancorp Inc.,0.00,0.00,0.00,0.00,0.00,0.00,0.00
CGBS,Crown LNG Holdings Ltd,0.00,0.00,0.00,0.00,0.00,0.00,0.00
VALU,VALUE LINE INC,0.00,0.00,0.00,0.00,0.00,0.00,0.00
CLCO,Cool Co Ltd.,0.00,0.00,0.00,0.00,0.00,0.00,0.00
PRCH,Porch Group Inc.,0.00,0.00,0.00,0.00,0.00,0.00,0.00
SD,SANDRIDGE ENERGY INC,0.00,0.00,0.00,0.00,0.00,0.00,0.00
LINC,LINCOLN EDUCATIONAL SERVICES CORP,0.00,0.00,0.00,0.00,0.00,0.00,0.00
CTV,Innovid Corp.,0.00,0.00,0.00,0.00,0.00,0.00,0.00
TMCI,TREACE MEDICAL CONCEPTS INC.,0.00,0.00,0.00,0.00,0.00,0.00,0.00
CCSI,Consensus Cloud Solutions Inc.,0.00,0.00,0.00,0.00,0.00,0.00,0.00
AIRJ,AirJoule Technologies Corp.,0.00,0.00,0.00,0.00,0.00,0.00,0.00
ESPR,Esperion Therapeutics Inc.,0.00,0.00,0.00,0.00,0.00,0.00,0.00
ANSC,Agriculture & Natural Solutions Acquisition Corp,0.00,0.00,0.00,0.00,0.00,0.00,0.00
FLWS,1 800 FLOWERS COM INC,0.00,0.00,0.00,0.00,0.00,0.00,0.00
NPFD,Nuveen Variable Rate Preferred & Income Fund,0.00,0.00,0.00,0.00,0.00,0.00,0.00
HAIN,HAIN CELESTIAL GROUP INC,0.00,0.00,0.00,0.00,0.00,0.00,0.00
NBB,Nuveen Taxable Municipal Income Fund,0.00,0.00,0.00,0.00,0.00,0.00,0.00
OBE,OBSIDIAN ENERGY LTD.,0.00,0.00,0.00,0.00,0.00,0.00,0.00
GHM,GRAHAM CORP,0.00,0.00,0.00,0.00,0.00,0.00,0.00
MBX,MBX Biosciences Inc.,0.00,0.00,0.00,0.00,0.00,0.00,0.00
AIP,Arteris Inc.,0.00,0.00,0.00,0.00,0.00,0.00,0.00
SCGY,SCIENTIFIC ENERGY INC,0.00,0.00,0.00,0.00,0.00,0.00,0.00
NWPX,NORTHWEST PIPE CO,0.00,0.00,0.00,0.00,0.00,0.00,0.00
KE,Kimball Electronics Inc.,0.00,0.00,0.00,0.00,0.00,0.00,0.00
EQV,EQV Ventures Acquisition Corp.,0.00,0.00,0.00,0.00,0.00,0.00,0.00
AAM,AA Mission Acquisition Corp.,0.00,0.00,0.00,0.00,0.00,0.00,0.00
GLASF,Glass House Brands Inc.,0.00,0.00,0.00,0.00,0.00,0.00,0.00
GCBC,GREENE COUNTY BANCORP INC,0.00,0.00,0.00,0.00,0.00,0.00,0.00
HPI,JOHN HANCOCK PREFERRED INCOME FUND,0.00,0.00,0.00,0.00,0.00,0.00,0.00
MUX,McEwen Mining Inc.,0.00,0.00,0.00,0.00,0.00,0.00,0.00
CBNK,Capital Bancorp Inc,0.00,0.00,0.00,0.00,0.00,0.00,0.00
MVF,BLACKROCK MUNIVEST FUND INC.,0.00,0.00,0.00,0.00,0.00,0.00,0.00
DDD,3D SYSTEMS CORP,0.00,0.00,0.00,0.00,0.00,0.00,0.00
CLDT,Chatham Lodging Trust,0.00,0.00,0.00,0.00,0.00,0.00,0.00
BHB,BAR HARBOR BANKSHARES,0.00,0.00,0.00,0.00,0.00,0.00,0.00
BAND,Bandwidth Inc.,0.00,0.00,0.00,0.00,0.00,0.00,0.00
VBNK,VersaBank,0.00,0.00,0.00,0.00,0.00,0.00,0.00
GHRS,GH Research PLC,0.00,0.00,0.00,0.00,0.00,0.00,0.00
ALLO,Allogene Therapeutics Inc.,0.00,0.00,0.00,0.00,0.00,0.00,0.00
YORW,YORK WATER CO,0.00,0.00,0.00,0.00,0.00,0.00,0.00
SIGA,SIGA TECHNOLOGIES INC,0.00,0.00,0.00,0.00,0.00,0.00,0.00
ETB,Eaton Vance Tax-Managed Buy-Write Income Fund,0.00,0.00,0.00,0.00,0.00,0.00,0.00
KMDA,KAMADA LTD,0.00,0.00,0.00,0.00,0.00,0.00,0.00
FUSE,CSLM Holdings Inc.,0.00,0.00,0.00,0.00,0.00,0.00,0.00
UIS,UNISYS CORP,0.00,0.00,0.00,0.00,0.00,0.00,0.00
SWBI,SMITH & WESSON BRANDS INC.,0.00,0.00,0.00,0.00,0.00,0.00,0.00
WDH,Waterdrop Inc.,0.00,0.00,0.00,0.00,0.00,0.00,0.00
URGN,UroGen Pharma Ltd.,0.00,0.00,0.00,0.00,0.00,0.00,0.00
BFK,BLACKROCK MUNICIPAL INCOME TRUST,0.00,0.00,0.00,0.00,0.00,0.00,0.00
DBO,Invesco DB Oil Fund,0.00,0.00,0.00,0.00,0.00,0.00,0.00
THW,abrdn World Healthcare Fund,0.00,0.00,0.00,0.00,0.00,0.00,0.00
RNAC,Cartesian Therapeutics Inc.,0.00,0.00,0.00,0.00,0.00,0.00,0.00
KOD,Kodiak Sciences Inc.,0.00,0.00,0.00,0.00,0.00,0.00,0.00
TBPH,Theravance Biopharma Inc.,0.00,0.00,0.00,0.00,0.00,0.00,0.00
ZVRA,ZEVRA THERAPEUTICS INC.,0.00,0.00,0.00,0.00,0.00,0.00,0.00
NLOP,Net Lease Office Properties,0.00,0.00,0.00,0.00,0.00,0.00,0.00
CELC,Celcuity Inc.,0.00,0.00,0.00,0.00,0.00,0.00,0.00
CHW,Calamos Global Dynamic Income Fund,0.00,0.00,0.00,0.00,0.00,0.00,0.00
KRNY,Kearny Financial Corp.,0.00,0.00,0.00,0.00,0.00,0.00,0.00
MTLS,MATERIALISE NV,0.00,0.00,0.00,0.00,0.00,0.00,0.00
AROW,ARROW FINANCIAL CORP,0.00,0.00,0.00,0.00,0.00,0.00,0.00
DPG,Duff & Phelps Utility & Infrastructure Fund Inc.,0.00,0.00,0.00,0.00,0.00,0.00,0.00
TKNO,Alpha Teknova Inc.,0.00,0.00,0.00,0.00,0.00,0.00,0.00
ATXS,Astria Therapeutics Inc.,0.00,0.00,0.00,0.00,0.00,0.00,0.00
SVC,Service Properties Trust,0.00,0.00,0.00,0.00,0.00,0.00,0.00
ANAB,ANAPTYSBIO INC,0.00,0.00,0.00,0.00,0.00,0.00,0.00
NOVA,Sunnova Energy International Inc.,0.00,0.00,0.00,0.00,0.00,0.00,0.00
BOC,BOSTON OMAHA Corp,0.00,0.00,0.00,0.00,0.00,0.00,0.00
TWFG,TWFG Inc.,0.00,0.00,0.00,0.00,0.00,0.00,0.00
URG,UR-ENERGY INC,0.00,0.00,0.00,0.00,0.00,0.00,0.00
GRVY,GRAVITY Co. Ltd.,0.00,0.00,0.00,0.00,0.00,0.00,0.00
TERN,Terns Pharmaceuticals Inc.,0.00,0.00,0.00,0.00,0.00,0.00,0.00
MERC,MERCER INTERNATIONAL INC.,0.00,0.00,0.00,0.00,0.00,0.00,0.00
HCAT,Health Catalyst Inc.,0.00,0.00,0.00,0.00,0.00,0.00,0.00
MOV,MOVADO GROUP INC,0.00,0.00,0.00,0.00,0.00,0.00,0.00
TWI,TITAN INTERNATIONAL INC,0.00,0.00,0.00,0.00,0.00,0.00,0.00
QSI,Quantum-Si Inc,0.00,0.00,0.00,0.00,0.00,0.00,0.00
VRNOF,Verano Holdings Corp.,0.00,0.00,0.00,0.00,0.00,0.00,0.00
TCBX,Third Coast Bancshares Inc.,0.00,0.00,0.00,0.00,0.00,0.00,0.00
ABVX,Abivax S.A.,0.00,0.00,0.00,0.00,0.00,0.00,0.00
CYRX,Cryoport Inc.,0.00,0.00,0.00,0.00,0.00,0.00,0.00
FC,FRANKLIN COVEY CO,0.00,0.00,0.00,0.00,0.00,0.00,0.00
IGD,Voya GLOBAL EQUITY DIVIDEND & PREMIUM OPPORTUNITY FUND,0.00,0.00,0.00,0.00,0.00,0.00,0.00
BWMN,Bowman Consulting Group Ltd.,0.00,0.00,0.00,0.00,0.00,0.00,0.00
SPMC,Sound Point Meridian Capital Inc.,0.00,0.00,0.00,0.00,0.00,0.00,0.00
XPER,Xperi Inc.,0.00,0.00,0.00,0.00,0.00,0.00,0.00
ASA,ASA Gold & Precious Metals Ltd,0.00,0.00,0.00,0.00,0.00,0.00,0.00
OABI,OmniAb Inc.,0.00,0.00,0.00,0.00,0.00,0.00,0.00
MUA,BLACKROCK MUNIASSETS FUND INC.,0.00,0.00,0.00,0.00,0.00,0.00,0.00
NQP,NUVEEN PENNSYLVANIA QUALITY MUNICIPAL INCOME FUND,0.00,0.00,0.00,0.00,0.00,0.00,0.00
LMNR,Limoneira CO,0.00,0.00,0.00,0.00,0.00,0.00,0.00
PRTC,PureTech Health plc,0.00,0.00,0.00,0.00,0.00,0.00,0.00
USAP,UNIVERSAL STAINLESS & ALLOY PRODUCTS INC,0.00,0.00,0.00,0.00,0.00,0.00,0.00
DCGO,DocGo Inc.,0.00,0.00,0.00,0.00,0.00,0.00,0.00
EAF,GRAFTECH INTERNATIONAL LTD,0.00,0.00,0.00,0.00,0.00,0.00,0.00
JILL,J.Jill Inc.,0.00,0.00,0.00,0.00,0.00,0.00,0.00
CVGW,CALAVO GROWERS INC,0.00,0.00,0.00,0.00,0.00,0.00,0.00
BACQ,Bleichroeder Acquisition Corp. I,0.00,0.00,0.00,0.00,0.00,0.00,0.00
TCMD,TACTILE SYSTEMS TECHNOLOGY INC,0.00,0.00,0.00,0.00,0.00,0.00,0.00
LESL,Leslie's Inc.,0.00,0.00,0.00,0.00,0.00,0.00,0.00
AMPX,Amprius Technologies Inc.,0.00,0.00,0.00,0.00,0.00,0.00,0.00
CYH,COMMUNITY HEALTH SYSTEMS INC,0.00,0.00,0.00,0.00,0.00,0.00,0.00
CRNT,CERAGON NETWORKS LTD,0.00,0.00,0.00,0.00,0.00,0.00,0.00
FLYX,FLYEXCLUSIVE INC.,0.00,0.00,0.00,0.00,0.00,0.00,0.00
EAD,ALLSPRING INCOME OPPORTUNITIES FUND,0.00,0.00,0.00,0.00,0.00,0.00,0.00
ETO,Eaton Vance Tax-Advantaged Global Dividend Opportunities Fund,0.00,0.00,0.00,0.00,0.00,0.00,0.00
NETD,Nabors Energy Transition Corp. II,0.00,0.00,0.00,0.00,0.00,0.00,0.00
GUT,GABELLI UTILITY TRUST,0.00,0.00,0.00,0.00,0.00,0.00,0.00
LSAK,LESAKA TECHNOLOGIES INC,0.00,0.00,0.00,0.00,0.00,0.00,0.00
ACTG,ACACIA RESEARCH CORP,0.00,0.00,0.00,0.00,0.00,0.00,0.00
DFP,Flaherty & Crumrine Dynamic Preferred & Income Fund Inc,0.00,0.00,0.00,0.00,0.00,0.00,0.00
MCI,BARINGS CORPORATE INVESTORS,0.00,0.00,0.00,0.00,0.00,0.00,0.00
TRC,TEJON RANCH CO,0.00,0.00,0.00,0.00,0.00,0.00,0.00
LOVE,Lovesac Co,0.00,0.00,0.00,0.00,0.00,0.00,0.00
YRD,Yiren Digital Ltd.,0.00,0.00,0.00,0.00,0.00,0.00,0.00
PERI,Perion Network Ltd.,0.00,0.00,0.00,0.00,0.00,0.00,0.00
CLPT,ClearPoint Neuro Inc.,0.00,0.00,0.00,0.00,0.00,0.00,0.00
FFA,FIRST TRUST ENHANCED EQUITY INCOME FUND,0.00,0.00,0.00,0.00,0.00,0.00,0.00
RWAY,Runway Growth Finance Corp.,0.00,0.00,0.00,0.00,0.00,0.00,0.00
DIN,Dine Brands Global Inc.,0.00,0.00,0.00,0.00,0.00,0.00,0.00
ITIC,INVESTORS TITLE CO,0.00,0.00,0.00,0.00,0.00,0.00,0.00
CDXC,ChromaDex Corp.,0.00,0.00,0.00,0.00,0.00,0.00,0.00
GNE,Genie Energy Ltd.,0.00,0.00,0.00,0.00,0.00,0.00,0.00
AENT,ALLIANCE ENTERTAINMENT HOLDING CORP,0.00,0.00,0.00,0.00,0.00,0.00,0.00
CWCO,Consolidated Water Co. Ltd.,0.00,0.00,0.00,0.00,0.00,0.00,0.00
BWMX,BETTERWARE DE MEXICO S.A.P.I. DE C.V,0.00,0.00,0.00,0.00,0.00,0.00,0.00
CDZI,CADIZ INC,0.00,0.00,0.00,0.00,0.00,0.00,0.00
SMC,Summit Midstream Corp,0.00,0.00,0.00,0.00,0.00,0.00,0.00
LE,LANDS' END INC.,0.00,0.00,0.00,0.00,0.00,0.00,0.00
SNDA,SONIDA SENIOR LIVING INC.,0.00,0.00,0.00,0.00,0.00,0.00,0.00
SDHY,PGIM Short Duration High Yield Opportunities Fund,0.00,0.00,0.00,0.00,0.00,0.00,0.00
IPXX,Inflection Point Acquisition Corp. II,0.00,0.00,0.00,0.00,0.00,0.00,0.00
UNTY,UNITY BANCORP INC /NJ/,0.00,0.00,0.00,0.00,0.00,0.00,0.00
NMAI,Nuveen Multi-Asset Income Fund,0.00,0.00,0.00,0.00,0.00,0.00,0.00
INRE,Inland Real Estate Income Trust Inc.,0.00,0.00,0.00,0.00,0.00,0.00,0.00
EVN,EATON VANCE MUNICIPAL INCOME TRUST,0.00,0.00,0.00,0.00,0.00,0.00,0.00
BIOX,Bioceres Crop Solutions Corp.,0.00,0.00,0.00,0.00,0.00,0.00,0.00
NRC,NATIONAL RESEARCH CORP,0.00,0.00,0.00,0.00,0.00,0.00,0.00
BSVN,Bank7 Corp.,0.00,0.00,0.00,0.00,0.00,0.00,0.00
DHIL,DIAMOND HILL INVESTMENT GROUP INC,0.00,0.00,0.00,0.00,0.00,0.00,0.00
MYE,MYERS INDUSTRIES INC,0.00,0.00,0.00,0.00,0.00,0.00,0.00
BSRR,SIERRA BANCORP,0.00,0.00,0.00,0.00,0.00,0.00,0.00
BBCP,Concrete Pumping Holdings Inc.,0.00,0.00,0.00,0.00,0.00,0.00,0.00
ALNT,ALLIENT INC,0.00,0.00,0.00,0.00,0.00,0.00,0.00
HIVE,HIVE Digital Technologies Ltd.,0.00,0.00,0.00,0.00,0.00,0.00,0.00
SOHU,Sohu.com Ltd,0.00,0.00,0.00,0.00,0.00,0.00,0.00
MEI,METHODE ELECTRONICS INC,0.00,0.00,0.00,0.00,0.00,0.00,0.00
OFLX,Omega Flex Inc.,0.00,0.00,0.00,0.00,0.00,0.00,0.00
SGU,STAR GROUP L.P.,0.00,0.00,0.00,0.00,0.00,0.00,0.00
AMCX,AMC Networks Inc.,0.00,0.00,0.00,0.00,0.00,0.00,0.00
NRIM,NORTHRIM BANCORP INC,0.00,0.00,0.00,0.00,0.00,0.00,0.00
OTLY,Oatly Group AB,0.00,0.00,0.00,0.00,0.00,0.00,0.00
EHAB,Enhabit Inc.,0.00,0.00,0.00,0.00,0.00,0.00,0.00
ILLR,Triller Group Inc.,0.00,0.00,0.00,0.00,0.00,0.00,0.00
NFGC,New Found Gold Corp.,0.00,0.00,0.00,0.00,0.00,0.00,0.00
DCTH,DELCATH SYSTEMS INC.,0.00,0.00,0.00,0.00,0.00,0.00,0.00
HYLN,Hyliion Holdings Corp.,0.00,0.00,0.00,0.00,0.00,0.00,0.00
MYN,BLACKROCK MUNIYIELD NEW YORK QUALITY FUND INC.,0.00,0.00,0.00,0.00,0.00,0.00,0.00
GBAB,Guggenheim Taxable Municipal Bond & Investment Grade Debt Trust,0.00,0.00,0.00,0.00,0.00,0.00,0.00
KALV,KalVista Pharmaceuticals Inc.,0.00,0.00,0.00,0.00,0.00,0.00,0.00
VKI,Invesco Advantage Municipal Income Trust II,0.00,0.00,0.00,0.00,0.00,0.00,0.00
AKBA,Akebia Therapeutics Inc.,0.00,0.00,0.00,0.00,0.00,0.00,0.00
HIX,WESTERN ASSET HIGH INCOME FUND II INC.,0.00,0.00,0.00,0.00,0.00,0.00,0.00
PRME,Prime Medicine Inc.,0.00,0.00,0.00,0.00,0.00,0.00,0.00
CCIX,Churchill Capital Corp IX/Cayman,0.00,0.00,0.00,0.00,0.00,0.00,0.00
NVEC,NVE CORP /NEW/,0.00,0.00,0.00,0.00,0.00,0.00,0.00
ORGO,Organogenesis Holdings Inc.,0.00,0.00,0.00,0.00,0.00,0.00,0.00
WOW,WideOpenWest Inc.,0.00,0.00,0.00,0.00,0.00,0.00,0.00
POET,POET TECHNOLOGIES INC.,0.00,0.00,0.00,0.00,0.00,0.00,0.00
EFR,Eaton Vance Senior Floating-Rate Trust,0.00,0.00,0.00,0.00,0.00,0.00,0.00
TRAK,ReposiTrak Inc.,0.00,0.00,0.00,0.00,0.00,0.00,0.00
ALMS,ALUMIS INC.,0.00,0.00,0.00,0.00,0.00,0.00,0.00
HPP,Hudson Pacific Properties Inc.,0.00,0.00,0.00,0.00,0.00,0.00,0.00
CYD,CHINA YUCHAI INTERNATIONAL LTD,0.00,0.00,0.00,0.00,0.00,0.00,0.00
SENS,Senseonics Holdings Inc.,0.00,0.00,0.00,0.00,0.00,0.00,0.00
PKST,Peakstone Realty Trust,0.00,0.00,0.00,0.00,0.00,0.00,0.00
AURA,Aura Biosciences Inc.,0.00,0.00,0.00,0.00,0.00,0.00,0.00
LEO,BNY MELLON STRATEGIC MUNICIPALS INC.,0.00,0.00,0.00,0.00,0.00,0.00,0.00
SB,SAFE BULKERS INC.,0.00,0.00,0.00,0.00,0.00,0.00,0.00
LGTY,LOGILITY SUPPLY CHAIN SOLUTIONS INC,0.00,0.00,0.00,0.00,0.00,0.00,0.00
MLP,MAUI LAND & PINEAPPLE CO INC,0.00,0.00,0.00,0.00,0.00,0.00,0.00
LAND,GLADSTONE LAND Corp,0.00,0.00,0.00,0.00,0.00,0.00,0.00
VENU,Venu Holding Corp,0.00,0.00,0.00,0.00,0.00,0.00,0.00
VALN,Valneva SE,0.00,0.00,0.00,0.00,0.00,0.00,0.00
CARE,Carter Bankshares Inc.,0.00,0.00,0.00,0.00,0.00,0.00,0.00
HQL,abrdn Life Sciences Investors,0.00,0.00,0.00,0.00,0.00,0.00,0.00
RGNX,REGENXBIO Inc.,0.00,0.00,0.00,0.00,0.00,0.00,0.00
ZIMV,ZimVie Inc.,0.00,0.00,0.00,0.00,0.00,0.00,0.00
HIO,WESTERN ASSET HIGH INCOME OPPORTUNITY FUND INC.,0.00,0.00,0.00,0.00,0.00,0.00,0.00
ARBE,Arbe Robotics Ltd.,0.00,0.00,0.00,0.00,0.00,0.00,0.00
GNTY,GUARANTY BANCSHARES INC /TX/,0.00,0.00,0.00,0.00,0.00,0.00,0.00
CADL,Candel Therapeutics Inc.,0.00,0.00,0.00,0.00,0.00,0.00,0.00
ENGN,enGene Holdings Inc.,0.00,0.00,0.00,0.00,0.00,0.00,0.00
PSTL,Postal Realty Trust Inc.,0.00,0.00,0.00,0.00,0.00,0.00,0.00
CRMT,AMERICAS CARMART INC,0.00,0.00,0.00,0.00,0.00,0.00,0.00
KTF,DWS MUNICIPAL INCOME TRUST,0.00,0.00,0.00,0.00,0.00,0.00,0.00
JFIN,Jiayin Group Inc.,0.00,0.00,0.00,0.00,0.00,0.00,0.00
SCM,Stellus Capital Investment Corp,0.00,0.00,0.00,0.00,0.00,0.00,0.00
OLMA,Olema Pharmaceuticals Inc.,0.00,0.00,0.00,0.00,0.00,0.00,0.00
VCIC,Vine Hill Capital Investment Corp.,0.00,0.00,0.00,0.00,0.00,0.00,0.00
TMC,TMC the metals Co Inc.,0.00,0.00,0.00,0.00,0.00,0.00,0.00
GTN,GRAY TELEVISION INC,0.00,0.00,0.00,0.00,0.00,0.00,0.00
KIO,KKR Income Opportunities Fund,0.00,0.00,0.00,0.00,0.00,0.00,0.00
OOMA,OOMA INC,0.00,0.00,0.00,0.00,0.00,0.00,0.00
THRD,Third Harmonic Bio Inc.,0.00,0.00,0.00,0.00,0.00,0.00,0.00
BRY,Berry Corp (bry),0.00,0.00,0.00,0.00,0.00,0.00,0.00
ALF,Centurion Acquisition Corp.,0.00,0.00,0.00,0.00,0.00,0.00,0.00
NL,NL INDUSTRIES INC,0.00,0.00,0.00,0.00,0.00,0.00,0.00
GPAT,GP-Act III Acquisition Corp.,0.00,0.00,0.00,0.00,0.00,0.00,0.00
HRZN,Horizon Technology Finance Corp,0.00,0.00,0.00,0.00,0.00,0.00,0.00
LND,BrasilAgro - Brazilian Agricultural Real Estate Co,0.00,0.00,0.00,0.00,0.00,0.00,0.00
MBAV,M3-Brigade Acquisition V Corp.,0.00,0.00,0.00,0.00,0.00,0.00,0.00
BARK,Bark Inc.,0.00,0.00,0.00,0.00,0.00,0.00,0.00
CGC,Canopy Growth Corp,0.00,0.00,0.00,0.00,0.00,0.00,0.00
GILT,GILAT SATELLITE NETWORKS LTD,0.00,0.00,0.00,0.00,0.00,0.00,0.00
CDXS,CODEXIS INC.,0.00,0.00,0.00,0.00,0.00,0.00,0.00
HFRO,HIGHLAND OPPORTUNITIES & INCOME FUND,0.00,0.00,0.00,0.00,0.00,0.00,0.00
ZUMZ,Zumiez Inc,0.00,0.00,0.00,0.00,0.00,0.00,0.00
TSHA,Taysha Gene Therapies Inc.,0.00,0.00,0.00,0.00,0.00,0.00,0.00
QTRX,Quanterix Corp,0.00,0.00,0.00,0.00,0.00,0.00,0.00
NPCE,NeuroPace Inc,0.00,0.00,0.00,0.00,0.00,0.00,0.00
BMRC,Bank of Marin Bancorp,0.00,0.00,0.00,0.00,0.00,0.00,0.00
PNRG,PRIMEENERGY RESOURCES CORP,0.00,0.00,0.00,0.00,0.00,0.00,0.00
WALD,Waldencast plc,0.00,0.00,0.00,0.00,0.00,0.00,0.00
API,Agora Inc.,0.00,0.00,0.00,0.00,0.00,0.00,0.00
CNL,Collective Mining Ltd.,0.00,0.00,0.00,0.00,0.00,0.00,0.00
SHYF,SHYFT GROUP INC.,0.00,0.00,0.00,0.00,0.00,0.00,0.00
HPF,JOHN HANCOCK PREFERRED INCOME FUND II,0.00,0.00,0.00,0.00,0.00,0.00,0.00
NMRA,Neumora Therapeutics Inc.,0.00,0.00,0.00,0.00,0.00,0.00,0.00
FBIZ,FIRST BUSINESS FINANCIAL SERVICES INC.,0.00,0.00,0.00,0.00,0.00,0.00,0.00
HVT,HAVERTY FURNITURE COMPANIES INC,0.00,0.00,0.00,0.00,0.00,0.00,0.00
RNGR,Ranger Energy Services Inc.,0.00,0.00,0.00,0.00,0.00,0.00,0.00
PAMT,PAMT CORP,0.00,0.00,0.00,0.00,0.00,0.00,0.00
NWBO,NORTHWEST BIOTHERAPEUTICS INC,0.00,0.00,0.00,0.00,0.00,0.00,0.00
MSB,MESABI TRUST,0.00,0.00,0.00,0.00,0.00,0.00,0.00
SOR,SOURCE CAPITAL INC /DE/,0.00,0.00,0.00,0.00,0.00,0.00,0.00
NYXH,Nyxoah SA,0.00,0.00,0.00,0.00,0.00,0.00,0.00
PANL,Pangaea Logistics Solutions Ltd.,0.00,0.00,0.00,0.00,0.00,0.00,0.00
XYF,X Financial,0.00,0.00,0.00,0.00,0.00,0.00,0.00
FOF,Cohen & Steers Closed-End Opportunity Fund Inc.,0.00,0.00,0.00,0.00,0.00,0.00,0.00
AIRS,Airsculpt Technologies Inc.,0.00,0.00,0.00,0.00,0.00,0.00,0.00
MFH,Mercurity Fintech Holding Inc.,0.00,0.00,0.00,0.00,0.00,0.00,0.00
NAN,NUVEEN NEW YORK QUALITY MUNICIPAL INCOME FUND,0.00,0.00,0.00,0.00,0.00,0.00,0.00
GLUE,Monte Rosa Therapeutics Inc.,0.00,0.00,0.00,0.00,0.00,0.00,0.00
EWCZ,European Wax Center Inc.,0.00,0.00,0.00,0.00,0.00,0.00,0.00
PFL,PIMCO INCOME STRATEGY FUND,0.00,0.00,0.00,0.00,0.00,0.00,0.00
SAR,SARATOGA INVESTMENT CORP.,0.00,0.00,0.00,0.00,0.00,0.00,0.00
BGR,BlackRock Energy & Resources Trust,0.00,0.00,0.00,0.00,0.00,0.00,0.00
NLCP,NewLake Capital Partners Inc.,0.00,0.00,0.00,0.00,0.00,0.00,0.00
APEI,AMERICAN PUBLIC EDUCATION INC,0.00,0.00,0.00,0.00,0.00,0.00,0.00
ARDC,Ares Dynamic Credit Allocation Fund Inc.,0.00,0.00,0.00,0.00,0.00,0.00,0.00
TBCH,Turtle Beach Corp,0.00,0.00,0.00,0.00,0.00,0.00,0.00
PGEN,PRECIGEN INC.,0.00,0.00,0.00,0.00,0.00,0.00,0.00
RVNC,Revance Therapeutics Inc.,0.00,0.00,0.00,0.00,0.00,0.00,0.00
ETON,Eton Pharmaceuticals Inc.,0.00,0.00,0.00,0.00,0.00,0.00,0.00
CVRX,CVRx Inc.,0.00,0.00,0.00,0.00,0.00,0.00,0.00
BWB,Bridgewater Bancshares Inc,0.00,0.00,0.00,0.00,0.00,0.00,0.00
EFT,Eaton Vance Floating-Rate Income Trust,0.00,0.00,0.00,0.00,0.00,0.00,0.00
FMAO,FARMERS & MERCHANTS BANCORP INC,0.00,0.00,0.00,0.00,0.00,0.00,0.00
TRVI,Trevi Therapeutics Inc.,0.00,0.00,0.00,0.00,0.00,0.00,0.00
CRVS,Corvus Pharmaceuticals Inc.,0.00,0.00,0.00,0.00,0.00,0.00,0.00
HLLY,Holley Inc.,0.00,0.00,0.00,0.00,0.00,0.00,0.00
JOUT,JOHNSON OUTDOORS INC,0.00,0.00,0.00,0.00,0.00,0.00,0.00
SEG,Seaport Entertainment Group Inc.,0.00,0.00,0.00,0.00,0.00,0.00,0.00
CTNM,Contineum Therapeutics Inc.,0.00,0.00,0.00,0.00,0.00,0.00,0.00
ASG,LIBERTY ALL STAR GROWTH FUND INC.,0.00,0.00,0.00,0.00,0.00,0.00,0.00
ZEUS,OLYMPIC STEEL INC,0.00,0.00,0.00,0.00,0.00,0.00,0.00
PPT,PUTNAM PREMIER INCOME TRUST,0.00,0.00,0.00,0.00,0.00,0.00,0.00
HBCP,HOME BANCORP INC.,0.00,0.00,0.00,0.00,0.00,0.00,0.00
EGHT,8X8 INC /DE/,0.00,0.00,0.00,0.00,0.00,0.00,0.00
BFZ,BLACKROCK CALIFORNIA MUNICIPAL INCOME TRUST,0.00,0.00,0.00,0.00,0.00,0.00,0.00
ASLE,AerSale Corp,0.00,0.00,0.00,0.00,0.00,0.00,0.00
VLN,Valens Semiconductor Ltd.,0.00,0.00,0.00,0.00,0.00,0.00,0.00
WTBA,WEST BANCORPORATION INC,0.00,0.00,0.00,0.00,0.00,0.00,0.00
NREF,NexPoint Real Estate Finance Inc.,0.00,0.00,0.00,0.00,0.00,0.00,0.00
SAGE,Sage Therapeutics Inc.,0.00,0.00,0.00,0.00,0.00,0.00,0.00
ZBIO,Zenas BioPharma Inc.,0.00,0.00,0.00,0.00,0.00,0.00,0.00
SNBR,Sleep Number Corp,0.00,0.00,0.00,0.00,0.00,0.00,0.00
ABSI,Absci Corp,0.00,0.00,0.00,0.00,0.00,0.00,0.00
RRBI,RED RIVER BANCSHARES INC,0.00,0.00,0.00,0.00,0.00,0.00,0.00
LWAY,Lifeway Foods Inc.,0.00,0.00,0.00,0.00,0.00,0.00,0.00
GIG,GigCapital7 Corp.,0.00,0.00,0.00,0.00,0.00,0.00,0.00
CWBC,Community West Bancshares,0.00,0.00,0.00,0.00,0.00,0.00,0.00
HRTG,Heritage Insurance Holdings Inc.,0.00,0.00,0.00,0.00,0.00,0.00,0.00
RBB,RBB Bancorp,0.00,0.00,0.00,0.00,0.00,0.00,0.00
RFMZ,RiverNorth Flexible Municipal Income Fund II Inc.,0.00,0.00,0.00,0.00,0.00,0.00,0.00
DOYU,DouYu International Holdings Ltd,0.00,0.00,0.00,0.00,0.00,0.00,0.00
FREY,FREYR Battery Inc. /DE/,0.00,0.00,0.00,0.00,0.00,0.00,0.00
GOCO,GoHealth Inc.,0.00,0.00,0.00,0.00,0.00,0.00,0.00
JRI,Nuveen Real Asset Income & Growth Fund,0.00,0.00,0.00,0.00,0.00,0.00,0.00
PMTS,CPI Card Group Inc.,0.00,0.00,0.00,0.00,0.00,0.00,0.00
CVEO,Civeo Corp,0.00,0.00,0.00,0.00,0.00,0.00,0.00
NGS,NATURAL GAS SERVICES GROUP INC,0.00,0.00,0.00,0.00,0.00,0.00,0.00
PKOH,PARK OHIO HOLDINGS CORP,0.00,0.00,0.00,0.00,0.00,0.00,0.00
MTRX,MATRIX SERVICE CO,0.00,0.00,0.00,0.00,0.00,0.00,0.00
USCB,USCB FINANCIAL HOLDINGS INC.,0.00,0.00,0.00,0.00,0.00,0.00,0.00
LNZA,LanzaTech Global Inc.,0.00,0.00,0.00,0.00,0.00,0.00,0.00
MIY,BLACKROCK MUNIYIELD MICHIGAN QUALITY FUND INC.,0.00,0.00,0.00,0.00,0.00,0.00,0.00
WEYS,WEYCO GROUP INC,0.00,0.00,0.00,0.00,0.00,0.00,0.00
LOCO,El Pollo Loco Holdings Inc.,0.00,0.00,0.00,0.00,0.00,0.00,0.00
FINS,Angel Oak Financial Strategies Income Term Trust,0.00,0.00,0.00,0.00,0.00,0.00,0.00
NTPIF,NAM TAI PROPERTY INC.,0.00,0.00,0.00,0.00,0.00,0.00,0.00
QUAD,Quad/Graphics Inc.,0.00,0.00,0.00,0.00,0.00,0.00,0.00
BRW,Saba Capital Income & Opportunities Fund,0.00,0.00,0.00,0.00,0.00,0.00,0.00
KRRO,Korro Bio Inc.,0.00,0.00,0.00,0.00,0.00,0.00,0.00
ATOM,Atomera Inc,0.00,0.00,0.00,0.00,0.00,0.00,0.00
OIS,OIL STATES INTERNATIONAL INC,0.00,0.00,0.00,0.00,0.00,0.00,0.00
LPA,Logistic Properties of the Americas,0.00,0.00,0.00,0.00,0.00,0.00,0.00
LXFR,LUXFER HOLDINGS PLC,0.00,0.00,0.00,0.00,0.00,0.00,0.00
GAU,Galiano Gold Inc.,0.00,0.00,0.00,0.00,0.00,0.00,0.00
RMR,RMR GROUP INC.,0.00,0.00,0.00,0.00,0.00,0.00,0.00
HOUS,Anywhere Real Estate Inc.,0.00,0.00,0.00,0.00,0.00,0.00,0.00
DADA,Dada Nexus Ltd,0.00,0.00,0.00,0.00,0.00,0.00,0.00
AWP,abrdn Global Premier Properties Fund,0.00,0.00,0.00,0.00,0.00,0.00,0.00
NAK,NORTHERN DYNASTY MINERALS LTD,0.00,0.00,0.00,0.00,0.00,0.00,0.00
CRLBF,Cresco Labs Inc.,0.00,0.00,0.00,0.00,0.00,0.00,0.00
AMBI,Ambipar Emergency Response,0.00,0.00,0.00,0.00,0.00,0.00,0.00
RM,Regional Management Corp.,0.00,0.00,0.00,0.00,0.00,0.00,0.00
EB,Eventbrite Inc.,0.00,0.00,0.00,0.00,0.00,0.00,0.00
GDEV,GDEV Inc.,0.00,0.00,0.00,0.00,0.00,0.00,0.00
IRBT,IROBOT CORP,0.00,0.00,0.00,0.00,0.00,0.00,0.00
TBRG,TruBridge Inc.,0.00,0.00,0.00,0.00,0.00,0.00,0.00
VACH,Voyager Acquisition Corp./Cayman Islands,0.00,0.00,0.00,0.00,0.00,0.00,0.00
BLZE,Backblaze Inc.,0.00,0.00,0.00,0.00,0.00,0.00,0.00
HYAC,Haymaker Acquisition Corp. 4,0.00,0.00,0.00,0.00,0.00,0.00,0.00
BRT,BRT Apartments Corp.,0.00,0.00,0.00,0.00,0.00,0.00,0.00
NEWT,NewtekOne Inc.,0.00,0.00,0.00,0.00,0.00,0.00,0.00
SPIR,Spire Global Inc.,0.00,0.00,0.00,0.00,0.00,0.00,0.00
ASPI,ASP Isotopes Inc.,0.00,0.00,0.00,0.00,0.00,0.00,0.00
BDMD,Baird Medical Investment Holdings Ltd,0.00,0.00,0.00,0.00,0.00,0.00,0.00
CCIR,Cohen Circle Acquisition Corp. I,0.00,0.00,0.00,0.00,0.00,0.00,0.00
BGH,BARINGS GLOBAL SHORT DURATION HIGH YIELD FUND,0.00,0.00,0.00,0.00,0.00,0.00,0.00
SPOK,Spok Holdings Inc,0.00,0.00,0.00,0.00,0.00,0.00,0.00
SSBK,Southern States Bancshares Inc.,0.00,0.00,0.00,0.00,0.00,0.00,0.00
MHN,BLACKROCK MUNIHOLDINGS NEW YORK QUALITY FUND INC.,0.00,0.00,0.00,0.00,0.00,0.00,0.00
TITN,Titan Machinery Inc.,0.00,0.00,0.00,0.00,0.00,0.00,0.00
SLI,STANDARD LITHIUM LTD.,0.00,0.00,0.00,0.00,0.00,0.00,0.00
ACNB,ACNB CORP,0.00,0.00,0.00,0.00,0.00,0.00,0.00
NATH,NATHANS FAMOUS INC.,0.00,0.00,0.00,0.00,0.00,0.00,0.00
TNGX,Tango Therapeutics Inc.,0.00,0.00,0.00,0.00,0.00,0.00,0.00
XHG,XChange TEC.INC,0.00,0.00,0.00,0.00,0.00,0.00,0.00
YMAB,Y-mAbs Therapeutics Inc.,0.00,0.00,0.00,0.00,0.00,0.00,0.00
KLTR,KALTURA INC,0.00,0.00,0.00,0.00,0.00,0.00,0.00
UROY,Uranium Royalty Corp.,0.00,0.00,0.00,0.00,0.00,0.00,0.00
SLDP,Solid Power Inc.,0.00,0.00,0.00,0.00,0.00,0.00,0.00
YSG,Yatsen Holding Ltd,0.00,0.00,0.00,0.00,0.00,0.00,0.00
NUS,NU SKIN ENTERPRISES INC.,0.00,0.00,0.00,0.00,0.00,0.00,0.00
SPXX,Nuveen S&P 500 Dynamic Overwrite Fund,0.00,0.00,0.00,0.00,0.00,0.00,0.00
CUB,Lionheart Holdings,0.00,0.00,0.00,0.00,0.00,0.00,0.00
SMRT,SmartRent Inc.,0.00,0.00,0.00,0.00,0.00,0.00,0.00
NCV,Virtus Convertible & Income Fund,0.00,0.00,0.00,0.00,0.00,0.00,0.00
RDUS,RADIUS RECYCLING INC.,0.00,0.00,0.00,0.00,0.00,0.00,0.00
BEAG,Bold Eagle Acquisition Corp.,0.00,0.00,0.00,0.00,0.00,0.00,0.00
SIMA,SIM Acquisition Corp. I,0.00,0.00,0.00,0.00,0.00,0.00,0.00
ACP,abrdn Income Credit Strategies Fund,0.00,0.00,0.00,0.00,0.00,0.00,0.00
AFB,ALLIANCEBERNSTEIN NATIONAL MUNICIPAL INCOME FUND,0.00,0.00,0.00,0.00,0.00,0.00,0.00
OB,Outbrain Inc.,0.00,0.00,0.00,0.00,0.00,0.00,0.00
MBI,MBIA INC,0.00,0.00,0.00,0.00,0.00,0.00,0.00
VMD,VIEMED HEALTHCARE INC.,0.00,0.00,0.00,0.00,0.00,0.00,0.00
ARTNA,ARTESIAN RESOURCES CORP,0.00,0.00,0.00,0.00,0.00,0.00,0.00
MIN,MFS INTERMEDIATE INCOME TRUST,0.00,0.00,0.00,0.00,0.00,0.00,0.00
NMG,Nouveau Monde Graphite Inc.,0.00,0.00,0.00,0.00,0.00,0.00,0.00
TPVG,TriplePoint Venture Growth BDC Corp.,0.00,0.00,0.00,0.00,0.00,0.00,0.00
CPZ,Calamos Long/Short Equity & Dynamic Income Trust,0.00,0.00,0.00,0.00,0.00,0.00,0.00
GRO,Brazil Potash Corp.,0.00,0.00,0.00,0.00,0.00,0.00,0.00
RFI,COHEN & STEERS TOTAL RETURN REALTY FUND INC,0.00,0.00,0.00,0.00,0.00,0.00,0.00
JAKK,JAKKS PACIFIC INC,0.00,0.00,0.00,0.00,0.00,0.00,0.00
MEC,Mayville Engineering Company Inc.,0.00,0.00,0.00,0.00,0.00,0.00,0.00
RMAX,RE/MAX Holdings Inc.,0.00,0.00,0.00,0.00,0.00,0.00,0.00
EIC,Eagle Point Income Co Inc.,0.00,0.00,0.00,0.00,0.00,0.00,0.00
MPX,MARINE PRODUCTS CORP,0.00,0.00,0.00,0.00,0.00,0.00,0.00
PDLB,Ponce Financial Group Inc.,0.00,0.00,0.00,0.00,0.00,0.00,0.00
NODK,NI Holdings Inc.,0.00,0.00,0.00,0.00,0.00,0.00,0.00
RLGT,RADIANT LOGISTICS INC,0.00,0.00,0.00,0.00,0.00,0.00,0.00
BNED,Barnes & Noble Education Inc.,0.00,0.00,0.00,0.00,0.00,0.00,0.00
NBH,NEUBERGER BERMAN MUNICIPAL FUND INC.,0.00,0.00,0.00,0.00,0.00,0.00,0.00
FSBW,FS Bancorp Inc.,0.00,0.00,0.00,0.00,0.00,0.00,0.00
NPCT,Nuveen Core Plus Impact Fund,0.00,0.00,0.00,0.00,0.00,0.00,0.00
BKSY,BlackSky Technology Inc.,0.00,0.00,0.00,0.00,0.00,0.00,0.00
IOCJY,IOCHPE-MAXION SA /FI,0.00,0.00,0.00,0.00,0.00,0.00,0.00
BTMD,biote Corp.,0.00,0.00,0.00,0.00,0.00,0.00,0.00
BLDE,Blade Air Mobility Inc.,0.00,0.00,0.00,0.00,0.00,0.00,0.00
ATYR,aTYR PHARMA INC,0.00,0.00,0.00,0.00,0.00,0.00,0.00
ASUR,ASURE SOFTWARE INC,0.00,0.00,0.00,0.00,0.00,0.00,0.00
JGH,Nuveen Global High Income Fund,0.00,0.00,0.00,0.00,0.00,0.00,0.00
MCFT,MasterCraft Boat Holdings Inc.,0.00,0.00,0.00,0.00,0.00,0.00,0.00
TBN,Tamboran Resources Corp,0.00,0.00,0.00,0.00,0.00,0.00,0.00
COOK,Traeger Inc.,0.00,0.00,0.00,0.00,0.00,0.00,0.00
ACRE,Ares Commercial Real Estate Corp,0.00,0.00,0.00,0.00,0.00,0.00,0.00
CERS,CERUS CORP,0.00,0.00,0.00,0.00,0.00,0.00,0.00
IPI,Intrepid Potash Inc.,0.00,0.00,0.00,0.00,0.00,0.00,0.00
TTSH,TILE SHOP HOLDINGS INC.,0.00,0.00,0.00,0.00,0.00,0.00,0.00
INVZ,Innoviz Technologies Ltd.,0.00,0.00,0.00,0.00,0.00,0.00,0.00
CIVB,CIVISTA BANCSHARES INC.,0.00,0.00,0.00,0.00,0.00,0.00,0.00
REFI,Chicago Atlantic Real Estate Finance Inc.,0.00,0.00,0.00,0.00,0.00,0.00,0.00
ZH,Zhihu Inc.,0.00,0.00,0.00,0.00,0.00,0.00,0.00
MTW,MANITOWOC CO INC,0.00,0.00,0.00,0.00,0.00,0.00,0.00
IMMP,IMMUTEP Ltd,0.00,0.00,0.00,0.00,0.00,0.00,0.00
ALDF,Aldel Financial II Inc.,0.00,0.00,0.00,0.00,0.00,0.00,0.00
LAW,CS Disco Inc.,0.00,0.00,0.00,0.00,0.00,0.00,0.00
REI,RING ENERGY INC.,0.00,0.00,0.00,0.00,0.00,0.00,0.00
CMRX,CHIMERIX INC,0.00,0.00,0.00,0.00,0.00,0.00,0.00
PMO,PUTNAM MUNICIPAL OPPORTUNITIES TRUST,0.00,0.00,0.00,0.00,0.00,0.00,0.00
VYGR,Voyager Therapeutics Inc.,0.00,0.00,0.00,0.00,0.00,0.00,0.00
POLE,Andretti Acquisition Corp. II,0.00,0.00,0.00,0.00,0.00,0.00,0.00
NRGV,Energy Vault Holdings Inc.,0.00,0.00,0.00,0.00,0.00,0.00,0.00
VPG,Vishay Precision Group Inc.,0.00,0.00,0.00,0.00,0.00,0.00,0.00
NECB,NorthEast Community Bancorp Inc./MD/,0.00,0.00,0.00,0.00,0.00,0.00,0.00
COFS,CHOICEONE FINANCIAL SERVICES INC,0.00,0.00,0.00,0.00,0.00,0.00,0.00
NGNE,Neurogene Inc.,0.00,0.00,0.00,0.00,0.00,0.00,0.00
CIX,COMPX INTERNATIONAL INC,0.00,0.00,0.00,0.00,0.00,0.00,0.00
ALLT,Allot Ltd.,0.00,0.00,0.00,0.00,0.00,0.00,0.00
OBT,Orange County Bancorp Inc. /DE/,0.00,0.00,0.00,0.00,0.00,0.00,0.00
ALDX,Aldeyra Therapeutics Inc.,0.00,0.00,0.00,0.00,0.00,0.00,0.00
XOMA,XOMA Royalty Corp,0.00,0.00,0.00,0.00,0.00,0.00,0.00
RMM,RiverNorth Managed Duration Municipal Income Fund Inc.,0.00,0.00,0.00,0.00,0.00,0.00,0.00
ABIT,Athena Bitcoin Global,0.00,0.00,0.00,0.00,0.00,0.00,0.00
NEN,NEW ENGLAND REALTY ASSOCIATES LIMITED PARTNERSHIP,0.00,0.00,0.00,0.00,0.00,0.00,0.00
DENN,DENNY'S Corp,0.00,0.00,0.00,0.00,0.00,0.00,0.00
GRAF,Graf Global Corp.,0.00,0.00,0.00,0.00,0.00,0.00,0.00
RCS,PIMCO STRATEGIC INCOME FUND INC.,0.00,0.00,0.00,0.00,0.00,0.00,0.00
SLN,Silence Therapeutics plc,0.00,0.00,0.00,0.00,0.00,0.00,0.00
GSRT,GSR III Acquisition Corp.,0.00,0.00,0.00,0.00,0.00,0.00,0.00
LPAA,Launch One Acquisition Corp.,0.00,0.00,0.00,0.00,0.00,0.00,0.00
EXFY,Expensify Inc.,0.00,0.00,0.00,0.00,0.00,0.00,0.00
HOND,HCM II Acquisition Corp.,0.00,0.00,0.00,0.00,0.00,0.00,0.00
TRUE,TrueCar Inc.,0.00,0.00,0.00,0.00,0.00,0.00,0.00
PCOK,Pacific Oak Strategic Opportunity REIT Inc.,0.00,0.00,0.00,0.00,0.00,0.00,0.00
LPBB,Launch Two Acquisition Corp.,0.00,0.00,0.00,0.00,0.00,0.00,0.00
ATGL,Alpha Technology Group Ltd,0.00,0.00,0.00,0.00,0.00,0.00,0.00
JWSMF,Jaws Mustang Acquisition Corp,0.00,0.00,0.00,0.00,0.00,0.00,0.00
DSM,BNY MELLON STRATEGIC MUNICIPAL BOND FUND INC.,0.00,0.00,0.00,0.00,0.00,0.00,0.00
BGT,BLACKROCK FLOATING RATE INCOME TRUST,0.00,0.00,0.00,0.00,0.00,0.00,0.00
GTE,GRAN TIERRA ENERGY INC.,0.00,0.00,0.00,0.00,0.00,0.00,0.00
RIGL,RIGEL PHARMACEUTICALS INC,0.00,0.00,0.00,0.00,0.00,0.00,0.00
SCD,LMP CAPITAL & INCOME FUND INC.,0.00,0.00,0.00,0.00,0.00,0.00,0.00
EHTH,eHealth Inc.,0.00,0.00,0.00,0.00,0.00,0.00,0.00
JUNS,JUPITER NEUROSCIENCES INC.,0.00,0.00,0.00,0.00,0.00,0.00,0.00
OIA,Invesco Municipal Income Opportunities Trust,0.00,0.00,0.00,0.00,0.00,0.00,0.00
SATL,Satellogic Inc.,0.00,0.00,0.00,0.00,0.00,0.00,0.00
UNTC,UNIT CORP,0.00,0.00,0.00,0.00,0.00,0.00,0.00
EDD,Morgan Stanley Emerging Markets Domestic Debt Fund Inc.,0.00,0.00,0.00,0.00,0.00,0.00,0.00
SMTI,Sanara MedTech Inc.,0.00,0.00,0.00,0.00,0.00,0.00,0.00
USAS,Americas Gold & Silver Corp,0.00,0.00,0.00,0.00,0.00,0.00,0.00
DBL,DoubleLine Opportunistic Credit Fund,0.00,0.00,0.00,0.00,0.00,0.00,0.00
ITOS,iTeos Therapeutics Inc.,0.00,0.00,0.00,0.00,0.00,0.00,0.00
IBEX,IBEX Ltd,0.00,0.00,0.00,0.00,0.00,0.00,0.00
ABXXF,Abaxx Technologies Inc.,0.00,0.00,0.00,0.00,0.00,0.00,0.00
CDRO,Codere Online Luxembourg S.A.,0.00,0.00,0.00,0.00,0.00,0.00,0.00
LSEA,Landsea Homes Corp,0.00,0.00,0.00,0.00,0.00,0.00,0.00
ARQQ,Arqit Quantum Inc.,0.00,0.00,0.00,0.00,0.00,0.00,0.00
PBFS,Pioneer Bancorp Inc./MD,0.00,0.00,0.00,0.00,0.00,0.00,0.00
ZVIA,Zevia PBC,0.00,0.00,0.00,0.00,0.00,0.00,0.00
HIT,Health In Tech Inc.,0.00,0.00,0.00,0.00,0.00,0.00,0.00
BYM,BLACKROCK MUNICIPAL INCOME QUALITY TRUST,0.00,0.00,0.00,0.00,0.00,0.00,0.00
SNFCA,SECURITY NATIONAL FINANCIAL CORP,0.00,0.00,0.00,0.00,0.00,0.00,0.00
NCA,NUVEEN CALIFORNIA MUNICIPAL VALUE FUND,0.00,0.00,0.00,0.00,0.00,0.00,0.00
FNLC,First Bancorp Inc /ME/,0.00,0.00,0.00,0.00,0.00,0.00,0.00
AUDC,AUDIOCODES LTD,0.00,0.00,0.00,0.00,0.00,0.00,0.00
CZNC,CITIZENS & NORTHERN CORP,0.00,0.00,0.00,0.00,0.00,0.00,0.00
MVIS,MICROVISION INC.,0.00,0.00,0.00,0.00,0.00,0.00,0.00
SDSYA,SOUTH DAKOTA SOYBEAN PROCESSORS LLC,0.00,0.00,0.00,0.00,0.00,0.00,0.00
BYON,BEYOND INC.,0.00,0.00,0.00,0.00,0.00,0.00,0.00
PCYO,PURE CYCLE CORP,0.00,0.00,0.00,0.00,0.00,0.00,0.00
JPI,Nuveen Preferred Securities & Income Opportunities Fund,0.00,0.00,0.00,0.00,0.00,0.00,0.00
RZLT,Rezolute Inc.,0.00,0.00,0.00,0.00,0.00,0.00,0.00
ZEO,Zeo Energy Corp.,0.00,0.00,0.00,0.00,0.00,0.00,0.00
AVIR,Atea Pharmaceuticals Inc.,0.00,0.00,0.00,0.00,0.00,0.00,0.00
DRUG,BRIGHT MINDS BIOSCIENCES INC.,0.00,0.00,0.00,0.00,0.00,0.00,0.00
AQST,Aquestive Therapeutics Inc.,0.00,0.00,0.00,0.00,0.00,0.00,0.00
INBK,First Internet Bancorp,0.00,0.00,0.00,0.00,0.00,0.00,0.00
MG,Mistras Group Inc.,0.00,0.00,0.00,0.00,0.00,0.00,0.00
EBFI,Eco Bright Future Inc.,0.00,0.00,0.00,0.00,0.00,0.00,0.00
MMD,NYLI MacKay DefinedTerm Muni Opportunities Fund,0.00,0.00,0.00,0.00,0.00,0.00,0.00
TATT,TAT TECHNOLOGIES LTD,0.00,0.00,0.00,0.00,0.00,0.00,0.00
RGP,RESOURCES CONNECTION INC.,0.00,0.00,0.00,0.00,0.00,0.00,0.00
MNDR,Mobile-health Network Solutions,0.00,0.00,0.00,0.00,0.00,0.00,0.00
PERF,Perfect Corp.,0.00,0.00,0.00,0.00,0.00,0.00,0.00
FOA,Finance of America Companies Inc.,0.00,0.00,0.00,0.00,0.00,0.00,0.00
SFST,SOUTHERN FIRST BANCSHARES INC,0.00,0.00,0.00,0.00,0.00,0.00,0.00
LXRX,LEXICON PHARMACEUTICALS INC.,0.00,0.00,0.00,0.00,0.00,0.00,0.00
ZTR,Virtus Total Return Fund Inc.,0.00,0.00,0.00,0.00,0.00,0.00,0.00
IHRT,iHeartMedia Inc.,0.00,0.00,0.00,0.00,0.00,0.00,0.00
LFVN,Lifevantage Corp,0.00,0.00,0.00,0.00,0.00,0.00,0.00
BCML,BayCom Corp,0.00,0.00,0.00,0.00,0.00,0.00,0.00
PKE,PARK AEROSPACE CORP,0.00,0.00,0.00,0.00,0.00,0.00,0.00
FSTR,FOSTER L B CO,0.00,0.00,0.00,0.00,0.00,0.00,0.00
DBI,Designer Brands Inc.,0.00,0.00,0.00,0.00,0.00,0.00,0.00
SSCC,Spirits Capital Corp,0.00,0.00,0.00,0.00,0.00,0.00,0.00
PBPB,POTBELLY CORP,0.00,0.00,0.00,0.00,0.00,0.00,0.00
RR,RICHTECH ROBOTICS INC.,0.00,0.00,0.00,0.00,0.00,0.00,0.00
OSUR,ORASURE TECHNOLOGIES INC,0.00,0.00,0.00,0.00,0.00,0.00,0.00
GWRS,Global Water Resources Inc.,0.00,0.00,0.00,0.00,0.00,0.00,0.00
HYI,Western Asset High Yield Defined Opportunity Fund Inc.,0.00,0.00,0.00,0.00,0.00,0.00,0.00
FORR,FORRESTER RESEARCH INC.,0.00,0.00,0.00,0.00,0.00,0.00,0.00
BRBS,BLUE RIDGE BANKSHARES INC.,0.00,0.00,0.00,0.00,0.00,0.00,0.00
NAMI,Jinxin Technology Holding Co,0.00,0.00,0.00,0.00,0.00,0.00,0.00
PMM,PUTNAM MANAGED MUNICIPAL INCOME TRUST,0.00,0.00,0.00,0.00,0.00,0.00,0.00
VNDA,Vanda Pharmaceuticals Inc.,0.00,0.00,0.00,0.00,0.00,0.00,0.00
DOMO,DOMO INC.,0.00,0.00,0.00,0.00,0.00,0.00,0.00
IMMR,IMMERSION CORP,0.00,0.00,0.00,0.00,0.00,0.00,0.00
FCT,FIRST TRUST SENIOR FLOATING RATE INCOME FUND II,0.00,0.00,0.00,0.00,0.00,0.00,0.00
ACIU,AC Immune SA,0.00,0.00,0.00,0.00,0.00,0.00,0.00
AFRI,Forafric Global PLC,0.00,0.00,0.00,0.00,0.00,0.00,0.00
LEGT,Legato Merger Corp. III,0.00,0.00,0.00,0.00,0.00,0.00,0.00
SLAMF,Slam Corp.,0.00,0.00,0.00,0.00,0.00,0.00,0.00
PAL,Proficient Auto Logistics Inc,0.00,0.00,0.00,0.00,0.00,0.00,0.00
GHI,Greystone Housing Impact Investors LP,0.00,0.00,0.00,0.00,0.00,0.00,0.00
CZFS,CITIZENS FINANCIAL SERVICES INC,0.00,0.00,0.00,0.00,0.00,0.00,0.00
MCR,MFS CHARTER INCOME TRUST,0.00,0.00,0.00,0.00,0.00,0.00,0.00
PCB,PCB BANCORP,0.00,0.00,0.00,0.00,0.00,0.00,0.00
ARQ,Arq Inc.,0.00,0.00,0.00,0.00,0.00,0.00,0.00
TWN,TAIWAN FUND INC,0.00,0.00,0.00,0.00,0.00,0.00,0.00
LUNG,Pulmonx Corp,0.00,0.00,0.00,0.00,0.00,0.00,0.00
NVX,NOVONIX Ltd,0.00,0.00,0.00,0.00,0.00,0.00,0.00
DSGN,Design Therapeutics Inc.,0.00,0.00,0.00,0.00,0.00,0.00,0.00
ORN,Orion Group Holdings Inc,0.00,0.00,0.00,0.00,0.00,0.00,0.00
AEF,ABRDN EMERGING MARKETS EQUITY INCOME FUND INC.,0.00,0.00,0.00,0.00,0.00,0.00,0.00
NATR,NATURES SUNSHINE PRODUCTS INC,0.00,0.00,0.00,0.00,0.00,0.00,0.00
ONTF,ON24 INC.,0.00,0.00,0.00,0.00,0.00,0.00,0.00
LNKB,LINKBANCORP Inc.,0.00,0.00,0.00,0.00,0.00,0.00,0.00
FTK,FLOTEK INDUSTRIES INC/CN/,0.00,0.00,0.00,0.00,0.00,0.00,0.00
FRST,Primis Financial Corp.,0.00,0.00,0.00,0.00,0.00,0.00,0.00
EM,Smart Share Global Ltd,0.00,0.00,0.00,0.00,0.00,0.00,0.00
HDSN,HUDSON TECHNOLOGIES INC /NY,0.00,0.00,0.00,0.00,0.00,0.00,0.00
JMSB,John Marshall Bancorp Inc.,0.00,0.00,0.00,0.00,0.00,0.00,0.00
GFLT,GenFlat Holdings Inc.,0.00,0.00,0.00,0.00,0.00,0.00,0.00
EOT,Eaton Vance National Municipal Opportunities Trust,0.00,0.00,0.00,0.00,0.00,0.00,0.00
CBAN,COLONY BANKCORP INC,0.00,0.00,0.00,0.00,0.00,0.00,0.00
ACRS,Aclaris Therapeutics Inc.,0.00,0.00,0.00,0.00,0.00,0.00,0.00
PRQR,ProQR Therapeutics N.V.,0.00,0.00,0.00,0.00,0.00,0.00,0.00
HAWEL,HAWAIIAN ELECTRIC CO INC,0.00,0.00,0.00,0.00,0.00,0.00,0.00
SBXD,SilverBox Corp IV,0.00,0.00,0.00,0.00,0.00,0.00,0.00
CDTX,Cidara Therapeutics Inc.,0.00,0.00,0.00,0.00,0.00,0.00,0.00
LIEN,Chicago Atlantic BDC Inc.,0.00,0.00,0.00,0.00,0.00,0.00,0.00
MMT,MFS MULTIMARKET INCOME TRUST,0.00,0.00,0.00,0.00,0.00,0.00,0.00
HTCO,Caravelle International Group,0.00,0.00,0.00,0.00,0.00,0.00,0.00
ERC,ALLSPRING MULTI-SECTOR INCOME FUND,0.00,0.00,0.00,0.00,0.00,0.00,0.00
TG,TREDEGAR CORP,0.00,0.00,0.00,0.00,0.00,0.00,0.00
PINE,Alpine Income Property Trust Inc.,0.00,0.00,0.00,0.00,0.00,0.00,0.00
GMGI,Golden Matrix Group Inc.,0.00,0.00,0.00,0.00,0.00,0.00,0.00
RIV,RIVERNORTH OPPORTUNITIES FUND INC.,0.00,0.00,0.00,0.00,0.00,0.00,0.00
SABA,Saba Capital Income & Opportunities Fund II,0.00,0.00,0.00,0.00,0.00,0.00,0.00
ATLN,ATLANTIC INTERNATIONAL CORP.,0.00,0.00,0.00,0.00,0.00,0.00,0.00
WTI,W&T OFFSHORE INC,0.00,0.00,0.00,0.00,0.00,0.00,0.00
ATAI,ATAI Life Sciences N.V.,0.00,0.00,0.00,0.00,0.00,0.00,0.00
ISPR,Ispire Technology Inc.,0.00,0.00,0.00,0.00,0.00,0.00,0.00
CMPS,COMPASS Pathways plc,0.00,0.00,0.00,0.00,0.00,0.00,0.00
CCCC,C4 Therapeutics Inc.,0.00,0.00,0.00,0.00,0.00,0.00,0.00
HLXB,Helix Acquisition Corp. II,0.00,0.00,0.00,0.00,0.00,0.00,0.00
FVR,FrontView REIT Inc.,0.00,0.00,0.00,0.00,0.00,0.00,0.00
FDMT,4D Molecular Therapeutics Inc.,0.00,0.00,0.00,0.00,0.00,0.00,0.00
JCE,Nuveen Core Equity Alpha Fund,0.00,0.00,0.00,0.00,0.00,0.00,0.00
VLDX,Velo3D Inc.,0.00,0.00,0.00,0.00,0.00,0.00,0.00
ELMD,Electromed Inc.,0.00,0.00,0.00,0.00,0.00,0.00,0.00
BNTC,Benitec Biopharma Inc.,0.00,0.00,0.00,0.00,0.00,0.00,0.00
LAZR,Luminar Technologies Inc./DE,0.00,0.00,0.00,0.00,0.00,0.00,0.00
HITI,High Tide Inc.,0.00,0.00,0.00,0.00,0.00,0.00,0.00
VUZI,Vuzix Corp,0.00,0.00,0.00,0.00,0.00,0.00,0.00
ESGH,ESG Inc.,0.00,0.00,0.00,0.00,0.00,0.00,0.00
AMPY,Amplify Energy Corp.,0.00,0.00,0.00,0.00,0.00,0.00,0.00
ZYXI,ZYNEX INC,0.00,0.00,0.00,0.00,0.00,0.00,0.00
NHIC,NewHold Investment Corp. III,0.00,0.00,0.00,0.00,0.00,0.00,0.00
FLXS,FLEXSTEEL INDUSTRIES INC,0.00,0.00,0.00,0.00,0.00,0.00,0.00
PLBC,PLUMAS BANCORP,0.00,0.00,0.00,0.00,0.00,0.00,0.00
FACT,FACT II Acquisition Corp.,0.00,0.00,0.00,0.00,0.00,0.00,0.00
ESEA,EUROSEAS LTD.,0.00,0.00,0.00,0.00,0.00,0.00,0.00
SGC,SUPERIOR GROUP OF COMPANIES INC.,0.00,0.00,0.00,0.00,0.00,0.00,0.00
FLIC,FIRST OF LONG ISLAND CORP,0.00,0.00,0.00,0.00,0.00,0.00,0.00
VSTM,Verastem Inc.,0.00,0.00,0.00,0.00,0.00,0.00,0.00
TSSI,TSS Inc.,0.00,0.00,0.00,0.00,0.00,0.00,0.00
MTA,Metalla Royalty & Streaming Ltd.,0.00,0.00,0.00,0.00,0.00,0.00,0.00
BSEM,BIOSTEM TECHNOLOGIES,0.00,0.00,0.00,0.00,0.00,0.00,0.00
BNY,BLACKROCK NEW YORK MUNICIPAL INCOME TRUST,0.00,0.00,0.00,0.00,0.00,0.00,0.00
OACC,Oaktree Acquisition Corp. III Life Sciences,0.00,0.00,0.00,0.00,0.00,0.00,0.00
ICG,Intchains Group Ltd,0.00,0.00,0.00,0.00,0.00,0.00,0.00
MAMA,Mama's Creations Inc.,0.00,0.00,0.00,0.00,0.00,0.00,0.00
NWTN,NWTN Inc.,0.00,0.00,0.00,0.00,0.00,0.00,0.00
GHG,GreenTree Hospitality Group Ltd.,0.00,0.00,0.00,0.00,0.00,0.00,0.00
SANG,Sangoma Technologies Corp,0.00,0.00,0.00,0.00,0.00,0.00,0.00
CMPX,Compass Therapeutics Inc.,0.00,0.00,0.00,0.00,0.00,0.00,0.00
NUW,Nuveen AMT-Free Municipal Value Fund,0.00,0.00,0.00,0.00,0.00,0.00,0.00
ONEW,OneWater Marine Inc.,0.00,0.00,0.00,0.00,0.00,0.00,0.00
AGD,abrdn Global Dynamic Dividend Fund,0.00,0.00,0.00,0.00,0.00,0.00,0.00
IIF,MORGAN STANLEY INDIA INVESTMENT FUND INC.,0.00,0.00,0.00,0.00,0.00,0.00,0.00
SERA,SERA PROGNOSTICS INC.,0.00,0.00,0.00,0.00,0.00,0.00,0.00
TEI,TEMPLETON EMERGING MARKETS INCOME FUND,0.00,0.00,0.00,0.00,0.00,0.00,0.00
AEVA,Aeva Technologies Inc.,0.00,0.00,0.00,0.00,0.00,0.00,0.00
ELDN,Eledon Pharmaceuticals Inc.,0.00,0.00,0.00,0.00,0.00,0.00,0.00
BKT,BLACKROCK INCOME TRUST INC.,0.00,0.00,0.00,0.00,0.00,0.00,0.00
CRDF,Cardiff Oncology Inc.,0.00,0.00,0.00,0.00,0.00,0.00,0.00
FDBC,FIDELITY D & D BANCORP INC,0.00,0.00,0.00,0.00,0.00,0.00,0.00
ABEO,ABEONA THERAPEUTICS INC.,0.00,0.00,0.00,0.00,0.00,0.00,0.00
BRCC,BRC Inc.,0.00,0.00,0.00,0.00,0.00,0.00,0.00
RBTK,ZHEN DING RESOURCES INC.,0.00,0.00,0.00,0.00,0.00,0.00,0.00
PMX,PIMCO MUNICIPAL INCOME FUND III,0.00,0.00,0.00,0.00,0.00,0.00,0.00
GENK,GEN Restaurant Group Inc.,0.00,0.00,0.00,0.00,0.00,0.00,0.00
UHG,United Homes Group Inc.,0.00,0.00,0.00,0.00,0.00,0.00,0.00
RLTY,Cohen & Steers Real Estate Opportunities & Income Fund,0.00,0.00,0.00,0.00,0.00,0.00,0.00
RCEL,AVITA Medical Inc.,0.00,0.00,0.00,0.00,0.00,0.00,0.00
CPSS,CONSUMER PORTFOLIO SERVICES INC.,0.00,0.00,0.00,0.00,0.00,0.00,0.00
JRS,NUVEEN REAL ESTATE INCOME FUND,0.00,0.00,0.00,0.00,0.00,0.00,0.00
NRDY,Nerdy Inc.,0.00,0.00,0.00,0.00,0.00,0.00,0.00
RLEA,Rubber Leaf Inc,0.00,0.00,0.00,0.00,0.00,0.00,0.00
IAUX,i-80 Gold Corp.,0.00,0.00,0.00,0.00,0.00,0.00,0.00
DSX,DIANA SHIPPING INC.,0.00,0.00,0.00,0.00,0.00,0.00,0.00
AMLX,Amylyx Pharmaceuticals Inc.,0.00,0.00,0.00,0.00,0.00,0.00,0.00
SKIL,Skillsoft Corp.,0.00,0.00,0.00,0.00,0.00,0.00,0.00
TCI,TRANSCONTINENTAL REALTY INVESTORS INC,0.00,0.00,0.00,0.00,0.00,0.00,0.00
PSF,Cohen & Steers Select Preferred & Income Fund Inc.,0.00,0.00,0.00,0.00,0.00,0.00,0.00
SGMO,SANGAMO THERAPEUTICS INC,0.00,0.00,0.00,0.00,0.00,0.00,0.00
WEWA,WEWARDS INC.,0.00,0.00,0.00,0.00,0.00,0.00,0.00
AZUL,AZUL SA,0.00,0.00,0.00,0.00,0.00,0.00,0.00
EVI,EVI INDUSTRIES INC.,0.00,0.00,0.00,0.00,0.00,0.00,0.00
FHTX,Foghorn Therapeutics Inc.,0.00,0.00,0.00,0.00,0.00,0.00,0.00
INSE,Inspired Entertainment Inc.,0.00,0.00,0.00,0.00,0.00,0.00,0.00
ONIT,ONITY GROUP INC.,0.00,0.00,0.00,0.00,0.00,0.00,0.00
LWLG,Lightwave Logic Inc.,0.00,0.00,0.00,0.00,0.00,0.00,0.00
SBT,Sterling Bancorp Inc.,0.00,0.00,0.00,0.00,0.00,0.00,0.00
NCZ,Virtus Convertible & Income Fund II,0.00,0.00,0.00,0.00,0.00,0.00,0.00
WSBF,Waterstone Financial Inc.,0.00,0.00,0.00,0.00,0.00,0.00,0.00
EVC,ENTRAVISION COMMUNICATIONS CORP,0.00,0.00,0.00,0.00,0.00,0.00,0.00
TVGN,Tevogen Bio Holdings Inc.,0.00,0.00,0.00,0.00,0.00,0.00,0.00
CATX,Perspective Therapeutics Inc.,0.00,0.00,0.00,0.00,0.00,0.00,0.00
OZ,Belpointe PREP LLC,0.00,0.00,0.00,0.00,0.00,0.00,0.00
MAPS,WM TECHNOLOGY INC.,0.00,0.00,0.00,0.00,0.00,0.00,0.00
NWFL,NORWOOD FINANCIAL CORP,0.00,0.00,0.00,0.00,0.00,0.00,0.00
ILPT,Industrial Logistics Properties Trust,0.00,0.00,0.00,0.00,0.00,0.00,0.00
MVBF,MVB FINANCIAL CORP,0.00,0.00,0.00,0.00,0.00,0.00,0.00
FULC,Fulcrum Therapeutics Inc.,0.00,0.00,0.00,0.00,0.00,0.00,0.00
HRTX,HERON THERAPEUTICS INC. /DE/,0.00,0.00,0.00,0.00,0.00,0.00,0.00
RMNI,Rimini Street Inc.,0.00,0.00,0.00,0.00,0.00,0.00,0.00
AVNW,AVIAT NETWORKS INC.,0.00,0.00,0.00,0.00,0.00,0.00,0.00
TLS,TELOS CORP,0.00,0.00,0.00,0.00,0.00,0.00,0.00
TZOO,TRAVELZOO,0.00,0.00,0.00,0.00,0.00,0.00,0.00
LRMR,Larimar Therapeutics Inc.,0.00,0.00,0.00,0.00,0.00,0.00,0.00
AMRN,AMARIN CORP PLC\UK,0.00,0.00,0.00,0.00,0.00,0.00,0.00
ARTV,Artiva Biotherapeutics Inc.,0.00,0.00,0.00,0.00,0.00,0.00,0.00
HSHP,Himalaya Shipping Ltd.,0.00,0.00,0.00,0.00,0.00,0.00,0.00
ATNI,ATN International Inc.,0.00,0.00,0.00,0.00,0.00,0.00,0.00
CLBR,COLOMBIER ACQUISITION CORP. II,0.00,0.00,0.00,0.00,0.00,0.00,0.00
CPS,Cooper-Standard Holdings Inc.,0.00,0.00,0.00,0.00,0.00,0.00,0.00
TSI,TCW STRATEGIC INCOME FUND INC,0.00,0.00,0.00,0.00,0.00,0.00,0.00
PMF,PIMCO MUNICIPAL INCOME FUND,0.00,0.00,0.00,0.00,0.00,0.00,0.00
OCGN,Ocugen Inc.,0.00,0.00,0.00,0.00,0.00,0.00,0.00
EVM,Eaton Vance California Municipal Bond Fund,0.00,0.00,0.00,0.00,0.00,0.00,0.00
DRTS,Alpha Tau Medical Ltd.,0.00,0.00,0.00,0.00,0.00,0.00,0.00
LFCR,LIFECORE BIOMEDICAL INC. \DE\,0.00,0.00,0.00,0.00,0.00,0.00,0.00
PHT,PIONEER HIGH INCOME FUND INC.,0.00,0.00,0.00,0.00,0.00,0.00,0.00
BYND,BEYOND MEAT INC.,0.00,0.00,0.00,0.00,0.00,0.00,0.00
PROF,Profound Medical Corp.,0.00,0.00,0.00,0.00,0.00,0.00,0.00
CTRN,Citi Trends Inc,0.00,0.00,0.00,0.00,0.00,0.00,0.00
ZSPC,zSpace Inc.,0.00,0.00,0.00,0.00,0.00,0.00,0.00
ACV,Virtus Diversified Income & Convertible Fund,0.00,0.00,0.00,0.00,0.00,0.00,0.00
NPV,NUVEEN VIRGINIA QUALITY MUNICIPAL INCOME FUND,0.00,0.00,0.00,0.00,0.00,0.00,0.00
ANIK,Anika Therapeutics Inc.,0.00,0.00,0.00,0.00,0.00,0.00,0.00
INGN,Inogen Inc,0.00,0.00,0.00,0.00,0.00,0.00,0.00
GRRR,Gorilla Technology Group Inc.,0.00,0.00,0.00,0.00,0.00,0.00,0.00
LTCN,Grayscale Litecoin Trust (LTC),0.00,0.00,0.00,0.00,0.00,0.00,0.00
NXDT,NEXPOINT DIVERSIFIED REAL ESTATE TRUST,0.00,0.00,0.00,0.00,0.00,0.00,0.00
WHF,WhiteHorse Finance Inc.,0.00,0.00,0.00,0.00,0.00,0.00,0.00
EP,EMPIRE PETROLEUM CORP,0.00,0.00,0.00,0.00,0.00,0.00,0.00
NHS,Neuberger Berman High Yield Strategies Fund Inc.,0.00,0.00,0.00,0.00,0.00,0.00,0.00
IONR,ioneer Ltd,0.00,0.00,0.00,0.00,0.00,0.00,0.00
ACB,AURORA CANNABIS INC,0.00,0.00,0.00,0.00,0.00,0.00,0.00
GENC,GENCOR INDUSTRIES INC,0.00,0.00,0.00,0.00,0.00,0.00,0.00
SRG,Seritage Growth Properties,0.00,0.00,0.00,0.00,0.00,0.00,0.00
EVBN,EVANS BANCORP INC,0.00,0.00,0.00,0.00,0.00,0.00,0.00
WYHG,Wing Yip Food Holdings Group Ltd,0.00,0.00,0.00,0.00,0.00,0.00,0.00
NC,NACCO INDUSTRIES INC,0.00,0.00,0.00,0.00,0.00,0.00,0.00
TSBK,TIMBERLAND BANCORP INC,0.00,0.00,0.00,0.00,0.00,0.00,0.00
WRN,Western Copper & Gold Corp,0.00,0.00,0.00,0.00,0.00,0.00,0.00
FF,FutureFuel Corp.,0.00,0.00,0.00,0.00,0.00,0.00,0.00
SNWV,SANUWAVE Health Inc.,0.00,0.00,0.00,0.00,0.00,0.00,0.00
KGEI,Kolibri Global Energy Inc.,0.00,0.00,0.00,0.00,0.00,0.00,0.00
AOMR,Angel Oak Mortgage REIT Inc.,0.00,0.00,0.00,0.00,0.00,0.00,0.00
PKBK,PARKE BANCORP INC.,0.00,0.00,0.00,0.00,0.00,0.00,0.00
CFNB,CALIFORNIA FIRST LEASING CORP,0.00,0.00,0.00,0.00,0.00,0.00,0.00
ZYBT,Zhengye Biotechnology Holding Ltd,0.00,0.00,0.00,0.00,0.00,0.00,0.00
UNG,United States Natural Gas Fund LP,0.00,0.00,0.00,0.00,0.00,0.00,0.00
ODV,Osisko Development Corp.,0.00,0.00,0.00,0.00,0.00,0.00,0.00
NLST,NETLIST INC,0.00,0.00,0.00,0.00,0.00,0.00,0.00
DMAC,DiaMedica Therapeutics Inc.,0.00,0.00,0.00,0.00,0.00,0.00,0.00
VRSSF,Verses AI Inc.,0.00,0.00,0.00,0.00,0.00,0.00,0.00
BPRN,Princeton Bancorp Inc.,0.00,0.00,0.00,0.00,0.00,0.00,0.00
DHY,CREDIT SUISSE HIGH YIELD BOND FUND,0.00,0.00,0.00,0.00,0.00,0.00,0.00
PWOD,PENNS WOODS BANCORP INC,0.00,0.00,0.00,0.00,0.00,0.00,0.00
MUE,BLACKROCK MUNIHOLDINGS QUALITY FUND II INC.,0.00,0.00,0.00,0.00,0.00,0.00,0.00
BWFG,Bankwell Financial Group Inc.,0.00,0.00,0.00,0.00,0.00,0.00,0.00
OVLY,Oak Valley Bancorp,0.00,0.00,0.00,0.00,0.00,0.00,0.00
HBB,Hamilton Beach Brands Holding Co,0.00,0.00,0.00,0.00,0.00,0.00,0.00
KFS,KINGSWAY FINANCIAL SERVICES INC,0.00,0.00,0.00,0.00,0.00,0.00,0.00
ALCO,ALICO INC.,0.00,0.00,0.00,0.00,0.00,0.00,0.00
GOSS,Gossamer Bio Inc.,0.00,0.00,0.00,0.00,0.00,0.00,0.00
MVT,BLACKROCK MUNIVEST FUND II INC.,0.00,0.00,0.00,0.00,0.00,0.00,0.00
GLO,Clough Global Opportunities Fund,0.00,0.00,0.00,0.00,0.00,0.00,0.00
MFM,MFS MUNICIPAL INCOME TRUST,0.00,0.00,0.00,0.00,0.00,0.00,0.00
HWBK,HAWTHORN BANCSHARES INC.,0.00,0.00,0.00,0.00,0.00,0.00,0.00
FCEL,FUELCELL ENERGY INC,0.00,0.00,0.00,0.00,0.00,0.00,0.00
MYPS,PLAYSTUDIOS Inc.,0.00,0.00,0.00,0.00,0.00,0.00,0.00
FBLA,FB Bancorp Inc. /MD/,0.00,0.00,0.00,0.00,0.00,0.00,0.00
ARL,AMERICAN REALTY INVESTORS INC,0.00,0.00,0.00,0.00,0.00,0.00,0.00
PDYN,Palladyne AI Corp.,0.00,0.00,0.00,0.00,0.00,0.00,0.00
RITR,Reitar Logtech Holdings Ltd,0.00,0.00,0.00,0.00,0.00,0.00,0.00
NAUT,Nautilus Biotechnology Inc.,0.00,0.00,0.00,0.00,0.00,0.00,0.00
CFFI,C & F FINANCIAL CORP,0.00,0.00,0.00,0.00,0.00,0.00,0.00
MACI,Melar Acquisition Corp. I/Cayman,0.00,0.00,0.00,0.00,0.00,0.00,0.00
FUND,SPROTT FOCUS TRUST INC.,0.00,0.00,0.00,0.00,0.00,0.00,0.00
MQT,BLACKROCK MUNIYIELD QUALITY FUND II INC.,0.00,0.00,0.00,0.00,0.00,0.00,0.00
OPBK,OP Bancorp,0.00,0.00,0.00,0.00,0.00,0.00,0.00
GASS,StealthGas Inc.,0.00,0.00,0.00,0.00,0.00,0.00,0.00
DC,Dakota Gold Corp.,0.00,0.00,0.00,0.00,0.00,0.00,0.00
MYO,MYOMO INC.,0.00,0.00,0.00,0.00,0.00,0.00,0.00
WILC,G WILLI FOOD INTERNATIONAL LTD,0.00,0.00,0.00,0.00,0.00,0.00,0.00
VRDR,VERDE RESOURCES INC.,0.00,0.00,0.00,0.00,0.00,0.00,0.00
TBI,TrueBlue Inc.,0.00,0.00,0.00,0.00,0.00,0.00,0.00
REEMF,RARE ELEMENT RESOURCES LTD,0.00,0.00,0.00,0.00,0.00,0.00,0.00
SVCO,Silvaco Group Inc.,0.00,0.00,0.00,0.00,0.00,0.00,0.00
RDCM,RADCOM LTD,0.00,0.00,0.00,0.00,0.00,0.00,0.00
NEWP,NEW PACIFIC METALS CORP,0.00,0.00,0.00,0.00,0.00,0.00,0.00
ZUUS,ZEUUS INC.,0.00,0.00,0.00,0.00,0.00,0.00,0.00
KVAC,Keen Vision Acquisition Corp.,0.00,0.00,0.00,0.00,0.00,0.00,0.00
MHI,PIONEER MUNICIPAL HIGH INCOME FUND INC.,0.00,0.00,0.00,0.00,0.00,0.00,0.00
IVA,Inventiva S.A.,0.00,0.00,0.00,0.00,0.00,0.00,0.00
GROY,Gold Royalty Corp.,0.00,0.00,0.00,0.00,0.00,0.00,0.00
JOF,JAPAN SMALLER CAPITALIZATION FUND INC,0.00,0.00,0.00,0.00,0.00,0.00,0.00
FVCB,FVCBankcorp Inc.,0.00,0.00,0.00,0.00,0.00,0.00,0.00
ALTG,ALTA EQUIPMENT GROUP INC.,0.00,0.00,0.00,0.00,0.00,0.00,0.00
FINW,Finwise Bancorp,0.00,0.00,0.00,0.00,0.00,0.00,0.00
ONL,Orion Office REIT Inc.,0.00,0.00,0.00,0.00,0.00,0.00,0.00
SIFY,SIFY TECHNOLOGIES LTD,0.00,0.00,0.00,0.00,0.00,0.00,0.00
CHMG,CHEMUNG FINANCIAL CORP,0.00,0.00,0.00,0.00,0.00,0.00,0.00
AVR,Anteris Technologies Global Corp.,0.00,0.00,0.00,0.00,0.00,0.00,0.00
ELLO,Ellomay Capital Ltd.,0.00,0.00,0.00,0.00,0.00,0.00,0.00
ARAY,ACCURAY INC,0.00,0.00,0.00,0.00,0.00,0.00,0.00
HURA,TuHURA Biosciences Inc./NV,0.00,0.00,0.00,0.00,0.00,0.00,0.00
CAF,Morgan Stanley China A Share Fund Inc.,0.00,0.00,0.00,0.00,0.00,0.00,0.00
HPAI,Helport AI Ltd,0.00,0.00,0.00,0.00,0.00,0.00,0.00
LANV,Lanvin Group Holdings Ltd,0.00,0.00,0.00,0.00,0.00,0.00,0.00
OBIO,Orchestra BioMed Holdings Inc.,0.00,0.00,0.00,0.00,0.00,0.00,0.00
CIA,CITIZENS INC.,0.00,0.00,0.00,0.00,0.00,0.00,0.00
WNW,Meiwu Technology Co Ltd,0.00,0.00,0.00,0.00,0.00,0.00,0.00
MRT,Marti Technologies Inc.,0.00,0.00,0.00,0.00,0.00,0.00,0.00
EOD,ALLSPRING GLOBAL DIVIDEND OPPORTUNITY FUND,0.00,0.00,0.00,0.00,0.00,0.00,0.00
FTEL,Fitell Corp,0.00,0.00,0.00,0.00,0.00,0.00,0.00
MFIN,MEDALLION FINANCIAL CORP,0.00,0.00,0.00,0.00,0.00,0.00,0.00
UTMD,UTAH MEDICAL PRODUCTS INC,0.00,0.00,0.00,0.00,0.00,0.00,0.00
LXEO,Lexeo Therapeutics Inc.,0.00,0.00,0.00,0.00,0.00,0.00,0.00
FET,FORUM ENERGY TECHNOLOGIES INC.,0.00,0.00,0.00,0.00,0.00,0.00,0.00
SLRN,ACELYRIN Inc.,0.00,0.00,0.00,0.00,0.00,0.00,0.00
TDF,TEMPLETON DRAGON FUND INC,0.00,0.00,0.00,0.00,0.00,0.00,0.00
LFMD,LifeMD Inc.,0.00,0.00,0.00,0.00,0.00,0.00,0.00
CEPO,Cantor Equity Partners I Inc.,0.00,0.00,0.00,0.00,0.00,0.00,0.00
FXNC,FIRST NATIONAL CORP /VA/,0.00,0.00,0.00,0.00,0.00,0.00,0.00
KNOP,KNOT Offshore Partners LP,0.00,0.00,0.00,0.00,0.00,0.00,0.00
SSP,E.W. SCRIPPS Co,0.00,0.00,0.00,0.00,0.00,0.00,0.00
SMID,SMITH MIDLAND CORP,0.00,0.00,0.00,0.00,0.00,0.00,0.00
LGI,LAZARD GLOBAL TOTAL RETURN & INCOME FUND INC,0.00,0.00,0.00,0.00,0.00,0.00,0.00
FUNC,FIRST UNITED CORP/MD/,0.00,0.00,0.00,0.00,0.00,0.00,0.00
MPLN,MultiPlan Corp,0.00,0.00,0.00,0.00,0.00,0.00,0.00
AERG,APPLIED ENERGETICS INC.,0.00,0.00,0.00,0.00,0.00,0.00,0.00
INBX,Inhibrx Biosciences Inc.,0.00,0.00,0.00,0.00,0.00,0.00,0.00
MAV,PIONEER MUNICIPAL HIGH INCOME ADVANTAGE FUND INC.,0.00,0.00,0.00,0.00,0.00,0.00,0.00
BLFY,Blue Foundry Bancorp,0.00,0.00,0.00,0.00,0.00,0.00,0.00
LCNB,LCNB CORP,0.00,0.00,0.00,0.00,0.00,0.00,0.00
VREOF,Vireo Growth Inc.,0.00,0.00,0.00,0.00,0.00,0.00,0.00
ONDS,Ondas Holdings Inc.,0.00,0.00,0.00,0.00,0.00,0.00,0.00
MIO,Pioneer Municipal High Income Opportunities Fund Inc.,0.00,0.00,0.00,0.00,0.00,0.00,0.00
EMX,EMX Royalty Corp,0.00,0.00,0.00,0.00,0.00,0.00,0.00
MOLN,MOLECULAR PARTNERS AG,0.00,0.00,0.00,0.00,0.00,0.00,0.00
CIO,City Office REIT Inc.,0.00,0.00,0.00,0.00,0.00,0.00,0.00
BHR,Braemar Hotels & Resorts Inc.,0.00,0.00,0.00,0.00,0.00,0.00,0.00
CORBF,Global Cord Blood Corp,0.00,0.00,0.00,0.00,0.00,0.00,0.00
MBCN,MIDDLEFIELD BANC CORP,0.00,0.00,0.00,0.00,0.00,0.00,0.00
DBP,Invesco DB Precious Metals Fund,0.00,0.00,0.00,0.00,0.00,0.00,0.00
RGCO,RGC RESOURCES INC,0.00,0.00,0.00,0.00,0.00,0.00,0.00
FGPR,FERRELLGAS PARTNERS L P,0.00,0.00,0.00,0.00,0.00,0.00,0.00
OPP,RiverNorth/DoubleLine Strategic Opportunity Fund Inc.,0.00,0.00,0.00,0.00,0.00,0.00,0.00
IKT,Inhibikase Therapeutics Inc.,0.00,0.00,0.00,0.00,0.00,0.00,0.00
BCOV,BRIGHTCOVE INC,0.00,0.00,0.00,0.00,0.00,0.00,0.00
DBB,INVESCO DB BASE METALS FUND,0.00,0.00,0.00,0.00,0.00,0.00,0.00
KGNR,AMJ Global Technology,0.00,0.00,0.00,0.00,0.00,0.00,0.00
ESCA,ESCALADE INC,0.00,0.00,0.00,0.00,0.00,0.00,0.00
MGNX,MACROGENICS INC,0.00,0.00,0.00,0.00,0.00,0.00,0.00
DLNG,Dynagas LNG Partners LP,0.00,0.00,0.00,0.00,0.00,0.00,0.00
OGI,ORGANIGRAM HOLDINGS INC.,0.00,0.00,0.00,0.00,0.00,0.00,0.00
BAER,Bridger Aerospace Group Holdings Inc.,0.00,0.00,0.00,0.00,0.00,0.00,0.00
TSNDF,TerrAscend Corp.,0.00,0.00,0.00,0.00,0.00,0.00,0.00
SKIN,Beauty Health Co,0.00,0.00,0.00,0.00,0.00,0.00,0.00
SJT,SAN JUAN BASIN ROYALTY TRUST,0.00,0.00,0.00,0.00,0.00,0.00,0.00
GPJA,GEORGIA POWER CO,0.00,0.00,0.00,0.00,0.00,0.00,0.00
ZNTL,Zentalis Pharmaceuticals Inc.,0.00,0.00,0.00,0.00,0.00,0.00,0.00
MXF,MEXICO FUND INC,0.00,0.00,0.00,0.00,0.00,0.00,0.00
AZ,A2Z CUST2MATE SOLUTIONS CORP.,0.00,0.00,0.00,0.00,0.00,0.00,0.00
TROO,Troops Inc. /Cayman Islands/,0.00,0.00,0.00,0.00,0.00,0.00,0.00
PHLT,Performant Healthcare Inc,0.00,0.00,0.00,0.00,0.00,0.00,0.00
BVFL,BV Financial Inc.,0.00,0.00,0.00,0.00,0.00,0.00,0.00
PLL,Piedmont Lithium Inc.,0.00,0.00,0.00,0.00,0.00,0.00,0.00
AOUT,American Outdoor Brands Inc.,0.00,0.00,0.00,0.00,0.00,0.00,0.00
GAUZ,Gauzy Ltd.,0.00,0.00,0.00,0.00,0.00,0.00,0.00
SWKH,SWK Holdings Corp,0.00,0.00,0.00,0.00,0.00,0.00,0.00
ETX,Eaton Vance Municipal Income 2028 Term Trust,0.00,0.00,0.00,0.00,0.00,0.00,0.00
SOPH,SOPHiA GENETICS SA,0.00,0.00,0.00,0.00,0.00,0.00,0.00
FXE,Invesco CurrencyShares Euro Trust,0.00,0.00,0.00,0.00,0.00,0.00,0.00
UMAC,Unusual Machines Inc.,0.00,0.00,0.00,0.00,0.00,0.00,0.00
NKTR,NEKTAR THERAPEUTICS,0.00,0.00,0.00,0.00,0.00,0.00,0.00
VOR,Vor Biopharma Inc.,0.00,0.00,0.00,0.00,0.00,0.00,0.00
PESI,PERMA FIX ENVIRONMENTAL SERVICES INC,0.00,0.00,0.00,0.00,0.00,0.00,0.00
HYB,NEW AMERICA HIGH INCOME FUND INC,0.00,0.00,0.00,0.00,0.00,0.00,0.00
BNIGF,Beroni Group Ltd,0.00,0.00,0.00,0.00,0.00,0.00,0.00
TARA,Protara Therapeutics Inc.,0.00,0.00,0.00,0.00,0.00,0.00,0.00
KOPN,KOPIN CORP,0.00,0.00,0.00,0.00,0.00,0.00,0.00
ESSA,ESSA Bancorp Inc.,0.00,0.00,0.00,0.00,0.00,0.00,0.00
BKN,BLACKROCK INVESTMENT QUALITY MUNICIPAL TRUST INC.,0.00,0.00,0.00,0.00,0.00,0.00,0.00
LAKE,LAKELAND INDUSTRIES INC,0.00,0.00,0.00,0.00,0.00,0.00,0.00
TTEC,TTEC Holdings Inc.,0.00,0.00,0.00,0.00,0.00,0.00,0.00
ESOA,Energy Services of America CORP,0.00,0.00,0.00,0.00,0.00,0.00,0.00
FFNW,First Financial Northwest Inc.,0.00,0.00,0.00,0.00,0.00,0.00,0.00
DMB,BNY Mellon Municipal Bond Infrastructure Fund Inc.,0.00,0.00,0.00,0.00,0.00,0.00,0.00
APPS,Digital Turbine Inc.,0.00,0.00,0.00,0.00,0.00,0.00,0.00
BSII,Black Spade Acquisition II Co,0.00,0.00,0.00,0.00,0.00,0.00,0.00
IVCBF,Investcorp Europe Acquisition Corp I,0.00,0.00,0.00,0.00,0.00,0.00,0.00
RELL,RICHARDSON ELECTRONICS LTD.,0.00,0.00,0.00,0.00,0.00,0.00,0.00
PVBC,Provident Bancorp Inc. /MD/,0.00,0.00,0.00,0.00,0.00,0.00,0.00
DHF,BNY MELLON HIGH YIELD STRATEGIES FUND,0.00,0.00,0.00,0.00,0.00,0.00,0.00
EARN,Ellington Credit Co,0.00,0.00,0.00,0.00,0.00,0.00,0.00
GOAI,Eva Live Inc,0.00,0.00,0.00,0.00,0.00,0.00,0.00
ISBA,ISABELLA BANK Corp,0.00,0.00,0.00,0.00,0.00,0.00,0.00
HMST,HomeStreet Inc.,0.00,0.00,0.00,0.00,0.00,0.00,0.00
CLLS,Cellectis S.A.,0.00,0.00,0.00,0.00,0.00,0.00,0.00
EGAN,EGAIN Corp,0.00,0.00,0.00,0.00,0.00,0.00,0.00
RAIL,FreightCar America Inc.,0.00,0.00,0.00,0.00,0.00,0.00,0.00
JYD,Jayud Global Logistics Ltd,0.00,0.00,0.00,0.00,0.00,0.00,0.00
SMHI,SEACOR Marine Holdings Inc.,0.00,0.00,0.00,0.00,0.00,0.00,0.00
BSL,Blackstone Senior Floating Rate 2027 Term Fund,0.00,0.00,0.00,0.00,0.00,0.00,0.00
WIA,WESTERN ASSET INFLATION-LINKED INCOME FUND,0.00,0.00,0.00,0.00,0.00,0.00,0.00
BDSX,BIODESIX INC,0.00,0.00,0.00,0.00,0.00,0.00,0.00
BCBP,BCB BANCORP INC,0.00,0.00,0.00,0.00,0.00,0.00,0.00
EMP,ENTERGY MISSISSIPPI LLC,0.00,0.00,0.00,0.00,0.00,0.00,0.00
VSTA,Vasta Platform Ltd,0.00,0.00,0.00,0.00,0.00,0.00,0.00
BRLT,Brilliant Earth Group Inc.,0.00,0.00,0.00,0.00,0.00,0.00,0.00
DSY,Big Tree Cloud Holdings Ltd,0.00,0.00,0.00,0.00,0.00,0.00,0.00
ISTR,Investar Holding Corp,0.00,0.00,0.00,0.00,0.00,0.00,0.00
FT,FRANKLIN UNIVERSAL TRUST,0.00,0.00,0.00,0.00,0.00,0.00,0.00
NOTE,FiscalNote Holdings Inc.,0.00,0.00,0.00,0.00,0.00,0.00,0.00
MITT,AG Mortgage Investment Trust Inc.,0.00,0.00,0.00,0.00,0.00,0.00,0.00
VABK,Virginia National Bankshares Corp,0.00,0.00,0.00,0.00,0.00,0.00,0.00
SEVN,Seven Hills Realty Trust,0.00,0.00,0.00,0.00,0.00,0.00,0.00
FSP,FRANKLIN STREET PROPERTIES CORP /MA/,0.00,0.00,0.00,0.00,0.00,0.00,0.00
INSI,Insight Select Income Fund,0.00,0.00,0.00,0.00,0.00,0.00,0.00
HQI,HireQuest Inc.,0.00,0.00,0.00,0.00,0.00,0.00,0.00
ELA,Envela Corp,0.00,0.00,0.00,0.00,0.00,0.00,0.00
PCK,PIMCO CALIFORNIA MUNICIPAL INCOME FUND II,0.00,0.00,0.00,0.00,0.00,0.00,0.00
AEYE,AUDIOEYE INC,0.00,0.00,0.00,0.00,0.00,0.00,0.00
KRMD,KORU Medical Systems Inc.,0.00,0.00,0.00,0.00,0.00,0.00,0.00
PROC,Procaps Group S.A.,0.00,0.00,0.00,0.00,0.00,0.00,0.00
CCRD,CoreCard Corp,0.00,0.00,0.00,0.00,0.00,0.00,0.00
EQC,Equity Commonwealth,0.00,0.00,0.00,0.00,0.00,0.00,0.00
VPV,Invesco Pennsylvania Value Municipal Income Trust,0.00,0.00,0.00,0.00,0.00,0.00,0.00
AFCG,Advanced Flower Capital Inc.,0.00,0.00,0.00,0.00,0.00,0.00,0.00
CHGG,CHEGG INC,0.00,0.00,0.00,0.00,0.00,0.00,0.00
STXS,Stereotaxis Inc.,0.00,0.00,0.00,0.00,0.00,0.00,0.00
AKA,A.K.A. BRANDS HOLDING CORP.,0.00,0.00,0.00,0.00,0.00,0.00,0.00
ADCT,ADC Therapeutics SA,0.00,0.00,0.00,0.00,0.00,0.00,0.00
CYDY,CytoDyn Inc.,0.00,0.00,0.00,0.00,0.00,0.00,0.00
WNEB,Western New England Bancorp Inc.,0.00,0.00,0.00,0.00,0.00,0.00,0.00
GNFT,Genfit S.A.,0.00,0.00,0.00,0.00,0.00,0.00,0.00
EPM,EVOLUTION PETROLEUM CORP,0.00,0.00,0.00,0.00,0.00,0.00,0.00
MDWD,MediWound Ltd.,0.00,0.00,0.00,0.00,0.00,0.00,0.00
EMF,TEMPLETON EMERGING MARKETS FUND,0.00,0.00,0.00,0.00,0.00,0.00,0.00
NTWO,Newbury Street II Acquisition Corp,0.00,0.00,0.00,0.00,0.00,0.00,0.00
MRCC,MONROE CAPITAL Corp,0.00,0.00,0.00,0.00,0.00,0.00,0.00
RMBL,RumbleOn Inc.,0.00,0.00,0.00,0.00,0.00,0.00,0.00
LYEL,Lyell Immunopharma Inc.,0.00,0.00,0.00,0.00,0.00,0.00,0.00
BWAY,Brainsway Ltd.,0.00,0.00,0.00,0.00,0.00,0.00,0.00
VXRT,Vaxart Inc.,0.00,0.00,0.00,0.00,0.00,0.00,0.00
EACO,EACO CORP,0.00,0.00,0.00,0.00,0.00,0.00,0.00
CYBN,CYBIN INC.,0.00,0.00,0.00,0.00,0.00,0.00,0.00
TCX,TUCOWS INC /PA/,0.00,0.00,0.00,0.00,0.00,0.00,0.00
MPV,BARINGS PARTICIPATION INVESTORS,0.00,0.00,0.00,0.00,0.00,0.00,0.00
NHHS,NorthStar Healthcare Income Inc.,0.00,0.00,0.00,0.00,0.00,0.00,0.00
IGI,Western Asset Investment Grade Opportunity Trust Inc.,0.00,0.00,0.00,0.00,0.00,0.00,0.00
JRVR,James River Group Holdings Ltd.,0.00,0.00,0.00,0.00,0.00,0.00,0.00
KINS,KINGSTONE COMPANIES INC.,0.00,0.00,0.00,0.00,0.00,0.00,0.00
CMCL,Caledonia Mining Corp Plc,0.00,0.00,0.00,0.00,0.00,0.00,0.00
WBX,Wallbox N.V.,0.00,0.00,0.00,0.00,0.00,0.00,0.00
VBF,Invesco Bond Fund,0.00,0.00,0.00,0.00,0.00,0.00,0.00
SPKL,Spark I Acquisition Corp,0.00,0.00,0.00,0.00,0.00,0.00,0.00
NEGG,Newegg Commerce Inc.,0.00,0.00,0.00,0.00,0.00,0.00,0.00
BIOA,BioAge Labs Inc.,0.00,0.00,0.00,0.00,0.00,0.00,0.00
FLC,FLAHERTY & CRUMRINE TOTAL RETURN FUND INC,0.00,0.00,0.00,0.00,0.00,0.00,0.00
SKGR,SK Growth Opportunities Corp,0.00,0.00,0.00,0.00,0.00,0.00,0.00
TMQ,Trilogy Metals Inc.,0.00,0.00,0.00,0.00,0.00,0.00,0.00
SLND,Southland Holdings Inc.,0.00,0.00,0.00,0.00,0.00,0.00,0.00
LOGC,ContextLogic Inc.,0.00,0.00,0.00,0.00,0.00,0.00,0.00
OXSQ,Oxford Square Capital Corp.,0.00,0.00,0.00,0.00,0.00,0.00,0.00
ENJ,ENTERGY NEW ORLEANS LLC,0.00,0.00,0.00,0.00,0.00,0.00,0.00
ALEC,Alector Inc.,0.00,0.00,0.00,0.00,0.00,0.00,0.00
FSFG,First Savings Financial Group Inc.,0.00,0.00,0.00,0.00,0.00,0.00,0.00
ABAT,AMERICAN BATTERY TECHNOLOGY Co,0.00,0.00,0.00,0.00,0.00,0.00,0.00
MED,MEDIFAST INC,0.00,0.00,0.00,0.00,0.00,0.00,0.00
ACRV,Acrivon Therapeutics Inc.,0.00,0.00,0.00,0.00,0.00,0.00,0.00
FCCO,FIRST COMMUNITY CORP /SC/,0.00,0.00,0.00,0.00,0.00,0.00,0.00
ADUR,ADURO CLEAN TECHNOLOGIES INC.,0.00,0.00,0.00,0.00,0.00,0.00,0.00
NKSH,NATIONAL BANKSHARES INC,0.00,0.00,0.00,0.00,0.00,0.00,0.00
BRKH,BurTech Acquisition Corp.,0.00,0.00,0.00,0.00,0.00,0.00,0.00
SCPH,scPharmaceuticals Inc.,0.00,0.00,0.00,0.00,0.00,0.00,0.00
FATE,FATE THERAPEUTICS INC,0.00,0.00,0.00,0.00,0.00,0.00,0.00
CLPR,Clipper Realty Inc.,0.00,0.00,0.00,0.00,0.00,0.00,0.00
BCHG,Grayscale Bitcoin Cash Trust (BCH),0.00,0.00,0.00,0.00,0.00,0.00,0.00
HGLB,HIGHLAND GLOBAL ALLOCATION FUND,0.00,0.00,0.00,0.00,0.00,0.00,0.00
BEEP,Mobile Infrastructure Corp,0.00,0.00,0.00,0.00,0.00,0.00,0.00
PCQ,PIMCO CALIFORNIA MUNICIPAL INCOME FUND,0.00,0.00,0.00,0.00,0.00,0.00,0.00
YIBO,Planet Image International Ltd,0.00,0.00,0.00,0.00,0.00,0.00,0.00
ENX,Eaton Vance New York Municipal Bond Fund,0.00,0.00,0.00,0.00,0.00,0.00,0.00
KEQU,KEWAUNEE SCIENTIFIC CORP /DE/,0.00,0.00,0.00,0.00,0.00,0.00,0.00
TDAC,Translational Development Acquisition Corp.,0.00,0.00,0.00,0.00,0.00,0.00,0.00
NUTX,Nutex Health Inc.,0.00,0.00,0.00,0.00,0.00,0.00,0.00
SAMG,Silvercrest Asset Management Group Inc.,0.00,0.00,0.00,0.00,0.00,0.00,0.00
RRACF,Rigel Resource Acquisition Corp.,0.00,0.00,0.00,0.00,0.00,0.00,0.00
CHRS,Coherus BioSciences Inc.,0.00,0.00,0.00,0.00,0.00,0.00,0.00
SPCE,Virgin Galactic Holdings Inc,0.00,0.00,0.00,0.00,0.00,0.00,0.00
GPRO,GoPro Inc.,0.00,0.00,0.00,0.00,0.00,0.00,0.00
UBFO,UNITED SECURITY BANCSHARES,0.00,0.00,0.00,0.00,0.00,0.00,0.00
MYFW,First Western Financial Inc,0.00,0.00,0.00,0.00,0.00,0.00,0.00
PSQH,PSQ Holdings Inc.,0.00,0.00,0.00,0.00,0.00,0.00,0.00
CLAR,Clarus Corp,0.00,0.00,0.00,0.00,0.00,0.00,0.00
REKR,Rekor Systems Inc.,0.00,0.00,0.00,0.00,0.00,0.00,0.00
NRO,NEUBERGER BERMAN REAL ESTATE SECURITIES INCOME FUND INC,0.00,0.00,0.00,0.00,0.00,0.00,0.00
EUDA,EUDA Health Holdings Ltd,0.00,0.00,0.00,0.00,0.00,0.00,0.00
INSG,INSEEGO CORP.,0.00,0.00,0.00,0.00,0.00,0.00,0.00
ORGN,Origin Materials Inc.,0.00,0.00,0.00,0.00,0.00,0.00,0.00
UAMY,UNITED STATES ANTIMONY CORP,0.00,0.00,0.00,0.00,0.00,0.00,0.00
NKTX,Nkarta Inc.,0.00,0.00,0.00,0.00,0.00,0.00,0.00
CSPI,CSP INC /MA/,0.00,0.00,0.00,0.00,0.00,0.00,0.00
PLX,Protalix BioTherapeutics Inc.,0.00,0.00,0.00,0.00,0.00,0.00,0.00
GBUX,GIVBUX INC.,0.00,0.00,0.00,0.00,0.00,0.00,0.00
FENC,FENNEC PHARMACEUTICALS INC.,0.00,0.00,0.00,0.00,0.00,0.00,0.00
VOXX,VOXX International Corp,0.00,0.00,0.00,0.00,0.00,0.00,0.00
RCKY,ROCKY BRANDS INC.,0.00,0.00,0.00,0.00,0.00,0.00,0.00
SGHT,Sight Sciences Inc.,0.00,0.00,0.00,0.00,0.00,0.00,0.00
FLL,FULL HOUSE RESORTS INC,0.00,0.00,0.00,0.00,0.00,0.00,0.00
GLSI,Greenwich LifeSciences Inc.,0.00,0.00,0.00,0.00,0.00,0.00,0.00
DYNX,Dynamix Corp,0.00,0.00,0.00,0.00,0.00,0.00,0.00
PBYI,PUMA BIOTECHNOLOGY INC.,0.00,0.00,0.00,0.00,0.00,0.00,0.00
SGMT,Sagimet Biosciences Inc.,0.00,0.00,0.00,0.00,0.00,0.00,0.00
MHH,Mastech Digital Inc.,0.00,0.00,0.00,0.00,0.00,0.00,0.00
OPTT,Ocean Power Technologies Inc.,0.00,0.00,0.00,0.00,0.00,0.00,0.00
BKKT,Bakkt Holdings Inc.,0.00,0.00,0.00,0.00,0.00,0.00,0.00
CDLX,Cardlytics Inc.,0.00,0.00,0.00,0.00,0.00,0.00,0.00
TRVG,trivago N.V.,0.00,0.00,0.00,0.00,0.00,0.00,0.00
INFU,InfuSystem Holdings Inc,0.00,0.00,0.00,0.00,0.00,0.00,0.00
ACTU,ACTUATE THERAPEUTICS INC.,0.00,0.00,0.00,0.00,0.00,0.00,0.00
BGX,Blackstone Long-Short Credit Income Fund,0.00,0.00,0.00,0.00,0.00,0.00,0.00
NANX,NANOPHASE TECHNOLOGIES Corp,0.00,0.00,0.00,0.00,0.00,0.00,0.00
NXG,NXG NextGen Infrastructure Income Fund,0.00,0.00,0.00,0.00,0.00,0.00,0.00
TEAF,TORTOISE SUSTAINABLE & SOCIAL IMPACT TERM FUND,0.00,0.00,0.00,0.00,0.00,0.00,0.00
FEIM,FREQUENCY ELECTRONICS INC,0.00,0.00,0.00,0.00,0.00,0.00,0.00
BTOC,Armlogi Holding Corp.,0.00,0.00,0.00,0.00,0.00,0.00,0.00
DRTTF,DIRTT ENVIRONMENTAL SOLUTIONS LTD,0.00,0.00,0.00,0.00,0.00,0.00,0.00
IBAC,IB Acquisition Corp.,0.00,0.00,0.00,0.00,0.00,0.00,0.00
REE,REE Automotive Ltd.,0.00,0.00,0.00,0.00,0.00,0.00,0.00
TOYO,TOYO Co. Ltd,0.00,0.00,0.00,0.00,0.00,0.00,0.00
VYEY,VICTORY CLEAN ENERGY INC.,0.00,0.00,0.00,0.00,0.00,0.00,0.00
GLDG,GoldMining Inc.,0.00,0.00,0.00,0.00,0.00,0.00,0.00
EML,EASTERN CO,0.00,0.00,0.00,0.00,0.00,0.00,0.00
FLDD,FTAC Emerald Acquisition Corp.,0.00,0.00,0.00,0.00,0.00,0.00,0.00
PTLE,PTL Ltd,0.00,0.00,0.00,0.00,0.00,0.00,0.00
GDRZF,GOLD RESERVE LTD,0.00,0.00,0.00,0.00,0.00,0.00,0.00
SPE,SPECIAL OPPORTUNITIES FUND INC.,0.00,0.00,0.00,0.00,0.00,0.00,0.00
BLNK,Blink Charging Co.,0.00,0.00,0.00,0.00,0.00,0.00,0.00
TAVI,Tavia Acquisition Corp.,0.00,0.00,0.00,0.00,0.00,0.00,0.00
CRGO,Freightos Ltd,0.00,0.00,0.00,0.00,0.00,0.00,0.00
SSTI,SOUNDTHINKING INC.,0.00,0.00,0.00,0.00,0.00,0.00,0.00
MNPR,Monopar Therapeutics,0.00,0.00,0.00,0.00,0.00,0.00,0.00
PIM,PUTNAM MASTER INTERMEDIATE INCOME TRUST,0.00,0.00,0.00,0.00,0.00,0.00,0.00
CBNA,CHAIN BRIDGE BANCORP INC,0.00,0.00,0.00,0.00,0.00,0.00,0.00
POWW,AMMO INC.,0.00,0.00,0.00,0.00,0.00,0.00,0.00
BMN,BlackRock 2037 Municipal Target Term Trust,0.00,0.00,0.00,0.00,0.00,0.00,0.00
TWIN,TWIN DISC INC,0.00,0.00,0.00,0.00,0.00,0.00,0.00
TLSI,TriSalus Life Sciences Inc.,0.00,0.00,0.00,0.00,0.00,0.00,0.00
STRT,STRATTEC SECURITY CORP,0.00,0.00,0.00,0.00,0.00,0.00,0.00
SDST,Stardust Power Inc.,0.00,0.00,0.00,0.00,0.00,0.00,0.00
BXSY,BEXIL INVESTMENT TRUST,0.00,0.00,0.00,0.00,0.00,0.00,0.00
TCRX,TScan Therapeutics Inc.,0.00,0.00,0.00,0.00,0.00,0.00,0.00
HNVR,Hanover Bancorp Inc. /NY,0.00,0.00,0.00,0.00,0.00,0.00,0.00
HCVI,Hennessy Capital Investment Corp. VI,0.00,0.00,0.00,0.00,0.00,0.00,0.00
MSD,MORGAN STANLEY EMERGING MARKETS DEBT FUND INC,0.00,0.00,0.00,0.00,0.00,0.00,0.00
QRTEA,Qurate Retail Inc.,0.00,0.00,0.00,0.00,0.00,0.00,0.00
CZWI,Citizens Community Bancorp Inc.,0.00,0.00,0.00,0.00,0.00,0.00,0.00
CIK,CREDIT SUISSE ASSET MANAGEMENT INCOME FUND INC.,0.00,0.00,0.00,0.00,0.00,0.00,0.00
BZUN,Baozun Inc.,0.00,0.00,0.00,0.00,0.00,0.00,0.00
MRBK,Meridian Corp,0.00,0.00,0.00,0.00,0.00,0.00,0.00
PDEX,PRO DEX INC,0.00,0.00,0.00,0.00,0.00,0.00,0.00
PVLA,PALVELLA THERAPEUTICS INC.,0.00,0.00,0.00,0.00,0.00,0.00,0.00
BFACF,Battery Future Acquisition Corp.,0.00,0.00,0.00,0.00,0.00,0.00,0.00
HFFG,HF Foods Group Inc.,0.00,0.00,0.00,0.00,0.00,0.00,0.00
RFAI,RF Acquisition Corp II,0.00,0.00,0.00,0.00,0.00,0.00,0.00
CKPT,Checkpoint Therapeutics Inc.,0.00,0.00,0.00,0.00,0.00,0.00,0.00
CRAWA,CRAWFORD UNITED Corp,0.00,0.00,0.00,0.00,0.00,0.00,0.00
NORD,Nordicus Partners Corp,0.00,0.00,0.00,0.00,0.00,0.00,0.00
PAYS,Paysign Inc.,0.00,0.00,0.00,0.00,0.00,0.00,0.00
TSE,Trinseo PLC,0.00,0.00,0.00,0.00,0.00,0.00,0.00
NNY,NUVEEN NEW YORK MUNICIPAL VALUE FUND,0.00,0.00,0.00,0.00,0.00,0.00,0.00
IPHA,Innate Pharma SA,0.00,0.00,0.00,0.00,0.00,0.00,0.00
STFS,Star Fashion Culture Holdings Ltd,0.00,0.00,0.00,0.00,0.00,0.00,0.00
STRO,SUTRO BIOPHARMA INC.,0.00,0.00,0.00,0.00,0.00,0.00,0.00
PZC,PIMCO CALIFORNIA MUNICIPAL INCOME FUND III,0.00,0.00,0.00,0.00,0.00,0.00,0.00
RENE,Cartesian Growth Corp II,0.00,0.00,0.00,0.00,0.00,0.00,0.00
AXR,AMREP CORP.,0.00,0.00,0.00,0.00,0.00,0.00,0.00
STRS,STRATUS PROPERTIES INC,0.00,0.00,0.00,0.00,0.00,0.00,0.00
PROP,Prairie Operating Co.,0.00,0.00,0.00,0.00,0.00,0.00,0.00
RCMT,RCM TECHNOLOGIES INC.,0.00,0.00,0.00,0.00,0.00,0.00,0.00
MPA,BLACKROCK MUNIYIELD PENNSYLVANIA QUALITY FUND,0.00,0.00,0.00,0.00,0.00,0.00,0.00
EHI,WESTERN ASSET GLOBAL HIGH INCOME FUND INC.,0.00,0.00,0.00,0.00,0.00,0.00,0.00
AKYA,Akoya Biosciences Inc.,0.00,0.00,0.00,0.00,0.00,0.00,0.00
IDE,Voya Infrastructure Industrials & Materials Fund,0.00,0.00,0.00,0.00,0.00,0.00,0.00
MHF,WESTERN ASSET MUNICIPAL HIGH INCOME FUND INC.,0.00,0.00,0.00,0.00,0.00,0.00,0.00
JYNT,JOINT Corp,0.00,0.00,0.00,0.00,0.00,0.00,0.00
CCFN,MUNCY COLUMBIA FINANCIAL Corp,0.00,0.00,0.00,0.00,0.00,0.00,0.00
BW,Babcock & Wilcox Enterprises Inc.,0.00,0.00,0.00,0.00,0.00,0.00,0.00
VTN,Invesco Trust for Investment Grade New York Municipals,0.00,0.00,0.00,0.00,0.00,0.00,0.00
FNRN,FIRST NORTHERN COMMUNITY BANCORP,0.00,0.00,0.00,0.00,0.00,0.00,0.00
VIRC,VIRCO MFG CORPORATION,0.00,0.00,0.00,0.00,0.00,0.00,0.00
ICTSF,ICTS INTERNATIONAL N V,0.00,0.00,0.00,0.00,0.00,0.00,0.00
III,Information Services Group Inc.,0.00,0.00,0.00,0.00,0.00,0.00,0.00
MX,MAGNACHIP SEMICONDUCTOR Corp,0.00,0.00,0.00,0.00,0.00,0.00,0.00
PTMN,Portman Ridge Finance Corp,0.00,0.00,0.00,0.00,0.00,0.00,0.00
NEOV,NeoVolta Inc.,0.00,0.00,0.00,0.00,0.00,0.00,0.00
TDUP,ThredUp Inc.,0.00,0.00,0.00,0.00,0.00,0.00,0.00
AWCA,Awaysis Capital Inc.,0.00,0.00,0.00,0.00,0.00,0.00,0.00
GRX,Gabelli Healthcare & WellnessRx Trust,0.00,0.00,0.00,0.00,0.00,0.00,0.00
ADAP,Adaptimmune Therapeutics PLC,0.00,0.00,0.00,0.00,0.00,0.00,0.00
CGEN,COMPUGEN LTD,0.00,0.00,0.00,0.00,0.00,0.00,0.00
VTYX,Ventyx Biosciences Inc.,0.00,0.00,0.00,0.00,0.00,0.00,0.00
PHX,PHX MINERALS INC.,0.00,0.00,0.00,0.00,0.00,0.00,0.00
PEBK,PEOPLES BANCORP OF NORTH CAROLINA INC,0.00,0.00,0.00,0.00,0.00,0.00,0.00
EDF,Virtus Stone Harbor Emerging Markets Income Fund,0.00,0.00,0.00,0.00,0.00,0.00,0.00
SRI,STONERIDGE INC,0.00,0.00,0.00,0.00,0.00,0.00,0.00
ISSC,INNOVATIVE SOLUTIONS & SUPPORT INC,0.00,0.00,0.00,0.00,0.00,0.00,0.00
KYTX,Kyverna Therapeutics Inc.,0.00,0.00,0.00,0.00,0.00,0.00,0.00
BANX,ArrowMark Financial Corp.,0.00,0.00,0.00,0.00,0.00,0.00,0.00
LDDD,Longduoduo Co Ltd,0.00,0.00,0.00,0.00,0.00,0.00,0.00
BOOM,DMC Global Inc.,0.00,0.00,0.00,0.00,0.00,0.00,0.00
CRBU,Caribou Biosciences Inc.,0.00,0.00,0.00,0.00,0.00,0.00,0.00
EVG,Eaton Vance Short Duration Diversified Income Fund,0.00,0.00,0.00,0.00,0.00,0.00,0.00
PLBY,PLBY Group Inc.,0.00,0.00,0.00,0.00,0.00,0.00,0.00
OCCI,OFS Credit Company Inc.,0.00,0.00,0.00,0.00,0.00,0.00,0.00
SHIP,Seanergy Maritime Holdings Corp.,0.00,0.00,0.00,0.00,0.00,0.00,0.00
DMF,BNY MELLON MUNICIPAL INCOME INC.,0.00,0.00,0.00,0.00,0.00,0.00,0.00
IDR,Idaho Strategic Resources Inc.,0.00,0.00,0.00,0.00,0.00,0.00,0.00
HYSR,SUNHYDROGEN INC.,0.00,0.00,0.00,0.00,0.00,0.00,0.00
ISRL,Israel Acquisitions Corp,0.00,0.00,0.00,0.00,0.00,0.00,0.00
ATLO,AMES NATIONAL CORP,0.00,0.00,0.00,0.00,0.00,0.00,0.00
ITRG,Integra Resources Corp.,0.00,0.00,0.00,0.00,0.00,0.00,0.00
KNIT,KINETIC GROUP INC.,0.00,0.00,0.00,0.00,0.00,0.00,0.00
LTRX,LANTRONIX INC,0.00,0.00,0.00,0.00,0.00,0.00,0.00
BFIN,BankFinancial CORP,0.00,0.00,0.00,0.00,0.00,0.00,0.00
CXDO,Crexendo Inc.,0.00,0.00,0.00,0.00,0.00,0.00,0.00
DXLG,DESTINATION XL GROUP INC.,0.00,0.00,0.00,0.00,0.00,0.00,0.00
MPTI,M-tron Industries Inc.,0.00,0.00,0.00,0.00,0.00,0.00,0.00
MCRB,Seres Therapeutics Inc.,0.00,0.00,0.00,0.00,0.00,0.00,0.00
BMEA,Biomea Fusion Inc.,0.00,0.00,0.00,0.00,0.00,0.00,0.00
PFD,FLAHERTY & CRUMRINE PREFERRED & INCOME FUND INC,0.00,0.00,0.00,0.00,0.00,0.00,0.00
ASM,AVINO SILVER & GOLD MINES LTD,0.00,0.00,0.00,0.00,0.00,0.00,0.00
SLDB,Solid Biosciences Inc.,0.00,0.00,0.00,0.00,0.00,0.00,0.00
NBTX,Nanobiotix S.A.,0.00,0.00,0.00,0.00,0.00,0.00,0.00
IGA,Voya Global Advantage & Premium Opportunity Fund,0.00,0.00,0.00,0.00,0.00,0.00,0.00
CRBP,Corbus Pharmaceuticals Holdings Inc.,0.00,0.00,0.00,0.00,0.00,0.00,0.00
EPSN,Epsilon Energy Ltd.,0.00,0.00,0.00,0.00,0.00,0.00,0.00
NOTV,Inotiv Inc.,0.00,0.00,0.00,0.00,0.00,0.00,0.00
MDV,MODIV INDUSTRIAL INC.,0.00,0.00,0.00,0.00,0.00,0.00,0.00
SEER,Seer Inc.,0.00,0.00,0.00,0.00,0.00,0.00,0.00
SPPP,SPROTT PHYSICAL PLATINUM & PALLADIUM TRUST,0.00,0.00,0.00,0.00,0.00,0.00,0.00
CFBK,CF BANKSHARES INC.,0.00,0.00,0.00,0.00,0.00,0.00,0.00
AMTX,AEMETIS INC,0.00,0.00,0.00,0.00,0.00,0.00,0.00
ZURA,Zura Bio Ltd,0.00,0.00,0.00,0.00,0.00,0.00,0.00
CHSN,Chanson International Holding,0.00,0.00,0.00,0.00,0.00,0.00,0.00
SKYX,SKYX Platforms Corp.,0.00,0.00,0.00,0.00,0.00,0.00,0.00
MCN,XAI Madison Equity Premium Income Fund,0.00,0.00,0.00,0.00,0.00,0.00,0.00
CSTE,Caesarstone Ltd.,0.00,0.00,0.00,0.00,0.00,0.00,0.00
TUSK,MAMMOTH ENERGY SERVICES INC.,0.00,0.00,0.00,0.00,0.00,0.00,0.00
DOUG,Douglas Elliman Inc.,0.00,0.00,0.00,0.00,0.00,0.00,0.00
GGR,Gogoro Inc.,0.00,0.00,0.00,0.00,0.00,0.00,0.00
IFRX,InflaRx N.V.,0.00,0.00,0.00,0.00,0.00,0.00,0.00
MPAA,MOTORCAR PARTS OF AMERICA INC,0.00,0.00,0.00,0.00,0.00,0.00,0.00
HOFT,HOOKER FURNISHINGS Corp,0.00,0.00,0.00,0.00,0.00,0.00,0.00
PDCC,Pearl Diver Credit Co Inc.,0.00,0.00,0.00,0.00,0.00,0.00,0.00
SRV,NXG Cushing Midstream Energy Fund,0.00,0.00,0.00,0.00,0.00,0.00,0.00
NCTY,The9 LTD,0.00,0.00,0.00,0.00,0.00,0.00,0.00
CBFV,CB Financial Services Inc.,0.00,0.00,0.00,0.00,0.00,0.00,0.00
GRUSF,Grown Rogue International Inc.,0.00,0.00,0.00,0.00,0.00,0.00,0.00
RILY,B. Riley Financial Inc.,0.00,0.00,0.00,0.00,0.00,0.00,0.00
WKEY,Wisekey International Holding S.A.,0.00,0.00,0.00,0.00,0.00,0.00,0.00
SAVA,CASSAVA SCIENCES INC,0.00,0.00,0.00,0.00,0.00,0.00,0.00
BROG,Brooge Energy Ltd,0.00,0.00,0.00,0.00,0.00,0.00,0.00
FTLF,FITLIFE BRANDS INC.,0.00,0.00,0.00,0.00,0.00,0.00,0.00
NEON,Neonode Inc.,0.00,0.00,0.00,0.00,0.00,0.00,0.00
TSQ,Townsquare Media Inc.,0.00,0.00,0.00,0.00,0.00,0.00,0.00
CLYM,Climb Bio Inc.,0.00,0.00,0.00,0.00,0.00,0.00,0.00
MRAM,EVERSPIN TECHNOLOGIES INC,0.00,0.00,0.00,0.00,0.00,0.00,0.00
NAZ,NUVEEN ARIZONA QUALITY MUNICIPAL INCOME FUND,0.00,0.00,0.00,0.00,0.00,0.00,0.00
FRGE,Forge Global Holdings Inc.,0.00,0.00,0.00,0.00,0.00,0.00,0.00
ZENV,Zenvia Inc.,0.00,0.00,0.00,0.00,0.00,0.00,0.00
QMCO,QUANTUM CORP /DE/,0.00,0.00,0.00,0.00,0.00,0.00,0.00
UNB,UNION BANKSHARES INC,0.00,0.00,0.00,0.00,0.00,0.00,0.00
WHG,WESTWOOD HOLDINGS GROUP INC,0.00,0.00,0.00,0.00,0.00,0.00,0.00
CURR,Currenc Group Inc.,0.00,0.00,0.00,0.00,0.00,0.00,0.00
ACR,ACRES Commercial Realty Corp.,0.00,0.00,0.00,0.00,0.00,0.00,0.00
SSSS,SURO CAPITAL CORP.,0.00,0.00,0.00,0.00,0.00,0.00,0.00
SBFG,SB FINANCIAL GROUP INC.,0.00,0.00,0.00,0.00,0.00,0.00,0.00
PLG,PLATINUM GROUP METALS LTD,0.00,0.00,0.00,0.00,0.00,0.00,0.00
BWG,BrandywineGLOBAL-Global Income Opportunities Fund Inc,0.00,0.00,0.00,0.00,0.00,0.00,0.00
STEM,STEM INC.,0.00,0.00,0.00,0.00,0.00,0.00,0.00
RSSS,Research Solutions Inc.,0.00,0.00,0.00,0.00,0.00,0.00,0.00
SUAC,ShoulderUP Technology Acquisition Corp.,0.00,0.00,0.00,0.00,0.00,0.00,0.00
ACU,ACME UNITED CORP,0.00,0.00,0.00,0.00,0.00,0.00,0.00
GPMT,Granite Point Mortgage Trust Inc.,0.00,0.00,0.00,0.00,0.00,0.00,0.00
LARK,LANDMARK BANCORP INC,0.00,0.00,0.00,0.00,0.00,0.00,0.00
TDTH,Trident Digital Tech Holdings Ltd,0.00,0.00,0.00,0.00,0.00,0.00,0.00
NIU,Niu Technologies,0.00,0.00,0.00,0.00,0.00,0.00,0.00
VGAS,Verde Clean Fuels Inc.,0.00,0.00,0.00,0.00,0.00,0.00,0.00
RPMT,REGO PAYMENT ARCHITECTURES INC.,0.00,0.00,0.00,0.00,0.00,0.00,0.00
VERI,Veritone Inc.,0.00,0.00,0.00,0.00,0.00,0.00,0.00
VEEA,VEEA INC.,0.00,0.00,0.00,0.00,0.00,0.00,0.00
ECF,ELLSWORTH GROWTH & INCOME FUND LTD,0.00,0.00,0.00,0.00,0.00,0.00,0.00
BRLS,Borealis Foods Inc.,0.00,0.00,0.00,0.00,0.00,0.00,0.00
SATX,SatixFy Communications Ltd.,0.00,0.00,0.00,0.00,0.00,0.00,0.00
DMO,Western Asset Mortgage Opportunity Fund Inc.,0.00,0.00,0.00,0.00,0.00,0.00,0.00
PLCE,Childrens Place Inc.,0.00,0.00,0.00,0.00,0.00,0.00,0.00
AVD,AMERICAN VANGUARD CORP,0.00,0.00,0.00,0.00,0.00,0.00,0.00
FGBI,First Guaranty Bancshares Inc.,0.00,0.00,0.00,0.00,0.00,0.00,0.00
VGES,Vanguard Green Investment Ltd,0.00,0.00,0.00,0.00,0.00,0.00,0.00
INZY,Inozyme Pharma Inc.,0.00,0.00,0.00,0.00,0.00,0.00,0.00
CMT,CORE MOLDING TECHNOLOGIES INC,0.00,0.00,0.00,0.00,0.00,0.00,0.00
BTA,BlackRock Long-Term Municipal Advantage Trust,0.00,0.00,0.00,0.00,0.00,0.00,0.00
FREVS,FIRST REAL ESTATE INVESTMENT TRUST OF NEW JERSEY,0.00,0.00,0.00,0.00,0.00,0.00,0.00
ZLSSF,Zalatoris II Acquisition Corp,0.00,0.00,0.00,0.00,0.00,0.00,0.00
LILMF,Lilium N.V.,0.00,0.00,0.00,0.00,0.00,0.00,0.00
ALTO,Alto Ingredients Inc.,0.00,0.00,0.00,0.00,0.00,0.00,0.00
DBE,Invesco DB Energy Fund,0.00,0.00,0.00,0.00,0.00,0.00,0.00
RMBI,Richmond Mutual Bancorporation Inc.,0.00,0.00,0.00,0.00,0.00,0.00,0.00
GGT,GABELLI MULTIMEDIA TRUST INC.,0.00,0.00,0.00,0.00,0.00,0.00,0.00
OPRT,Oportun Financial Corp,0.00,0.00,0.00,0.00,0.00,0.00,0.00
UEIC,UNIVERSAL ELECTRONICS INC,0.00,0.00,0.00,0.00,0.00,0.00,0.00
PHYTF,Pyrophyte Acquisition Corp.,0.00,0.00,0.00,0.00,0.00,0.00,0.00
QUIK,QUICKLOGIC Corp,0.00,0.00,0.00,0.00,0.00,0.00,0.00
DIBS,1stdibs.com Inc.,0.00,0.00,0.00,0.00,0.00,0.00,0.00
ZOM,Zomedica Corp.,0.00,0.00,0.00,0.00,0.00,0.00,0.00
MNSB,MainStreet Bancshares Inc.,0.00,0.00,0.00,0.00,0.00,0.00,0.00
JHS,JOHN HANCOCK INCOME SECURITIES TRUST,0.00,0.00,0.00,0.00,0.00,0.00,0.00
YXT,YXT.COM GROUP HOLDING Ltd,0.00,0.00,0.00,0.00,0.00,0.00,0.00
MAMO,Massimo Group,0.00,0.00,0.00,0.00,0.00,0.00,0.00
TIL,Instil Bio Inc.,0.00,0.00,0.00,0.00,0.00,0.00,0.00
LPSN,LIVEPERSON INC,0.00,0.00,0.00,0.00,0.00,0.00,0.00
CSLR,Complete Solaria Inc.,0.00,0.00,0.00,0.00,0.00,0.00,0.00
EFSI,EAGLE FINANCIAL SERVICES INC,0.00,0.00,0.00,0.00,0.00,0.00,0.00
ZJYL,Jin Medical International Ltd.,0.00,0.00,0.00,0.00,0.00,0.00,0.00
XNET,Xunlei Ltd,0.00,0.00,0.00,0.00,0.00,0.00,0.00
CSBR,CHAMPIONS ONCOLOGY INC.,0.00,0.00,0.00,0.00,0.00,0.00,0.00
BETR,Better Home & Finance Holding Co,0.00,0.00,0.00,0.00,0.00,0.00,0.00
TSVT,2seventy bio Inc.,0.00,0.00,0.00,0.00,0.00,0.00,0.00
SFBC,Sound Financial Bancorp Inc.,0.00,0.00,0.00,0.00,0.00,0.00,0.00
RMMZ,RiverNorth Managed Duration Municipal Income Fund II Inc.,0.00,0.00,0.00,0.00,0.00,0.00,0.00
PHH,Park Ha Biological Technology Co. Ltd.,0.00,0.00,0.00,0.00,0.00,0.00,0.00
GF,NEW GERMANY FUND INC,0.00,0.00,0.00,0.00,0.00,0.00,0.00
GEOS,GEOSPACE TECHNOLOGIES CORP,0.00,0.00,0.00,0.00,0.00,0.00,0.00
OPOF,OLD POINT FINANCIAL CORP,0.00,0.00,0.00,0.00,0.00,0.00,0.00
AISP,Airship AI Holdings Inc.,0.00,0.00,0.00,0.00,0.00,0.00,0.00
WEA,WESTERN ASSET PREMIER BOND FUND,0.00,0.00,0.00,0.00,0.00,0.00,0.00
LFT,Lument Finance Trust Inc.,0.00,0.00,0.00,0.00,0.00,0.00,0.00
CGTL,Creative Global Technology Holdings Ltd,0.00,0.00,0.00,0.00,0.00,0.00,0.00
MMLP,MARTIN MIDSTREAM PARTNERS L.P.,0.00,0.00,0.00,0.00,0.00,0.00,0.00
RDZN,Roadzen Inc.,0.00,0.00,0.00,0.00,0.00,0.00,0.00
GLQ,Clough Global Equity Fund,0.00,0.00,0.00,0.00,0.00,0.00,0.00
PIII,P3 Health Partners Inc.,0.00,0.00,0.00,0.00,0.00,0.00,0.00
TLYS,TILLY'S INC.,0.00,0.00,0.00,0.00,0.00,0.00,0.00
VFL,abrdn National Municipal Income Fund,0.00,0.00,0.00,0.00,0.00,0.00,0.00
IGMS,IGM Biosciences Inc.,0.00,0.00,0.00,0.00,0.00,0.00,0.00
QIPT,Quipt Home Medical Corp.,0.00,0.00,0.00,0.00,0.00,0.00,0.00
NTCL,NetClass Technology Inc,0.00,0.00,0.00,0.00,0.00,0.00,0.00
QNBC,QNB CORP,0.00,0.00,0.00,0.00,0.00,0.00,0.00
CWGL,Crimson Wine Group Ltd,0.00,0.00,0.00,0.00,0.00,0.00,0.00
RPT,Rithm Property Trust Inc.,0.00,0.00,0.00,0.00,0.00,0.00,0.00
WLAC,Willow Lane Acquisition Corp.,0.00,0.00,0.00,0.00,0.00,0.00,0.00
ECBK,ECB Bancorp Inc. /MD/,0.00,0.00,0.00,0.00,0.00,0.00,0.00
NTIC,NORTHERN TECHNOLOGIES INTERNATIONAL CORP,0.00,0.00,0.00,0.00,0.00,0.00,0.00
FMN,Federated Hermes Premier Municipal Income Fund,0.00,0.00,0.00,0.00,0.00,0.00,0.00
CTGO,Contango ORE Inc.,0.00,0.00,0.00,0.00,0.00,0.00,0.00
NNBR,NN INC,0.00,0.00,0.00,0.00,0.00,0.00,0.00
QH,QUHUO Ltd,0.00,0.00,0.00,0.00,0.00,0.00,0.00
RMGCF,RMG Acquisition Corp. III,0.00,0.00,0.00,0.00,0.00,0.00,0.00
HEQ,John Hancock Hedged Equity & Income Fund,0.00,0.00,0.00,0.00,0.00,0.00,0.00
TELO,Telomir Pharmaceuticals Inc.,0.00,0.00,0.00,0.00,0.00,0.00,0.00
LPTH,LIGHTPATH TECHNOLOGIES INC,0.00,0.00,0.00,0.00,0.00,0.00,0.00
FRAF,FRANKLIN FINANCIAL SERVICES CORP /PA/,0.00,0.00,0.00,0.00,0.00,0.00,0.00
PCF,HIGH INCOME SECURITIES FUND,0.00,0.00,0.00,0.00,0.00,0.00,0.00
INMB,Inmune Bio Inc.,0.00,0.00,0.00,0.00,0.00,0.00,0.00
JHI,JOHN HANCOCK INVESTORS TRUST,0.00,0.00,0.00,0.00,0.00,0.00,0.00
ULBI,ULTRALIFE CORP,0.00,0.00,0.00,0.00,0.00,0.00,0.00
ASFH,ASIAFIN HOLDINGS CORP.,0.00,0.00,0.00,0.00,0.00,0.00,0.00
FTCO,Fortitude Gold Corp,0.00,0.00,0.00,0.00,0.00,0.00,0.00
BSET,BASSETT FURNITURE INDUSTRIES INC,0.00,0.00,0.00,0.00,0.00,0.00,0.00
CCIF,Carlyle Credit Income Fund,0.00,0.00,0.00,0.00,0.00,0.00,0.00
HFUS,Hartford Creative Group Inc.,0.00,0.00,0.00,0.00,0.00,0.00,0.00
EMYB,Embassy Bancorp Inc.,0.00,0.00,0.00,0.00,0.00,0.00,0.00
WIMI,WiMi Hologram Cloud Inc.,0.00,0.00,0.00,0.00,0.00,0.00,0.00
ALGS,Aligos Therapeutics Inc.,0.00,0.00,0.00,0.00,0.00,0.00,0.00
SIEB,SIEBERT FINANCIAL CORP,0.00,0.00,0.00,0.00,0.00,0.00,0.00
FBRX,Forte Biosciences Inc.,0.00,0.00,0.00,0.00,0.00,0.00,0.00
LCUT,LIFETIME BRANDS INC,0.00,0.00,0.00,0.00,0.00,0.00,0.00
NVRO,NEVRO CORP,0.00,0.00,0.00,0.00,0.00,0.00,0.00
LCTX,Lineage Cell Therapeutics Inc.,0.00,0.00,0.00,0.00,0.00,0.00,0.00
GNSS,Genasys Inc.,0.00,0.00,0.00,0.00,0.00,0.00,0.00
YAAS,Youxin Technology Ltd,0.00,0.00,0.00,0.00,0.00,0.00,0.00
QRHC,Quest Resource Holding Corp,0.00,0.00,0.00,0.00,0.00,0.00,0.00
NUKK,Nukkleus Inc.,0.00,0.00,0.00,0.00,0.00,0.00,0.00
PPIH,Perma-Pipe International Holdings Inc.,0.00,0.00,0.00,0.00,0.00,0.00,0.00
RENB,RENOVARO INC.,0.00,0.00,0.00,0.00,0.00,0.00,0.00
PLAO,Patria Latin American Opportunity Acquisition Corp.,0.00,0.00,0.00,0.00,0.00,0.00,0.00
PHD,Pioneer Floating Rate Fund Inc.,0.00,0.00,0.00,0.00,0.00,0.00,0.00
FXY,Invesco CurrencyShares Japanese Yen Trust,0.00,0.00,0.00,0.00,0.00,0.00,0.00
CSTAF,Constellation Acquisition Corp I,0.00,0.00,0.00,0.00,0.00,0.00,0.00
CHEB,Chenghe Acquisition II Co.,0.00,0.00,0.00,0.00,0.00,0.00,0.00
VOXR,VOX ROYALTY CORP.,0.00,0.00,0.00,0.00,0.00,0.00,0.00
CMTL,COMTECH TELECOMMUNICATIONS CORP /DE/,0.00,0.00,0.00,0.00,0.00,0.00,0.00
SRL,Scully Royalty Ltd.,0.00,0.00,0.00,0.00,0.00,0.00,0.00
FGFH,FORESIGHT FINANCIAL GROUP INC,0.00,0.00,0.00,0.00,0.00,0.00,0.00
AZI,Autozi Internet Technology (Global) Ltd.,0.00,0.00,0.00,0.00,0.00,0.00,0.00
CMCM,Cheetah Mobile Inc.,0.00,0.00,0.00,0.00,0.00,0.00,0.00
XBIT,XBiotech Inc.,0.00,0.00,0.00,0.00,0.00,0.00,0.00
LPTX,LEAP THERAPEUTICS INC.,0.00,0.00,0.00,0.00,0.00,0.00,0.00
AOAO,Alpha One Inc.,0.00,0.00,0.00,0.00,0.00,0.00,0.00
BUKS,BUTLER NATIONAL CORP,0.00,0.00,0.00,0.00,0.00,0.00,0.00
HURC,HURCO COMPANIES INC,0.00,0.00,0.00,0.00,0.00,0.00,0.00
FNWD,Finward Bancorp,0.00,0.00,0.00,0.00,0.00,0.00,0.00
GCTS,GCT Semiconductor Holding Inc.,0.00,0.00,0.00,0.00,0.00,0.00,0.00
VIVC,VIVIC CORP.,0.00,0.00,0.00,0.00,0.00,0.00,0.00
PFO,Flaherty & Crumrine PREFERRED & INCOME OPPORTUNITY FUND INC,0.00,0.00,0.00,0.00,0.00,0.00,0.00
GIFI,GULF ISLAND FABRICATION INC,0.00,0.00,0.00,0.00,0.00,0.00,0.00
VBFC,Village Bank & Trust Financial Corp.,0.00,0.00,0.00,0.00,0.00,0.00,0.00
MHLD,Maiden Holdings Ltd.,0.00,0.00,0.00,0.00,0.00,0.00,0.00
TNYA,Tenaya Therapeutics Inc.,0.00,0.00,0.00,0.00,0.00,0.00,0.00
TOUR,Tuniu Corp,0.00,0.00,0.00,0.00,0.00,0.00,0.00
ACHV,ACHIEVE LIFE SCIENCES INC.,0.00,0.00,0.00,0.00,0.00,0.00,0.00
GECC,Great Elm Capital Corp.,0.00,0.00,0.00,0.00,0.00,0.00,0.00
LVO,LiveOne Inc.,0.00,0.00,0.00,0.00,0.00,0.00,0.00
HTLM,HomesToLife Ltd,0.00,0.00,0.00,0.00,0.00,0.00,0.00
RVSB,RIVERVIEW BANCORP INC,0.00,0.00,0.00,0.00,0.00,0.00,0.00
GATE,Marblegate Acquisition Corp.,0.00,0.00,0.00,0.00,0.00,0.00,0.00
PAI,Western Asset Investment Grade Income Fund Inc.,0.00,0.00,0.00,0.00,0.00,0.00,0.00
TNMG,TNL Mediagene,0.00,0.00,0.00,0.00,0.00,0.00,0.00
EBMT,Eagle Bancorp Montana Inc.,0.00,0.00,0.00,0.00,0.00,0.00,0.00
UPLD,Upland Software Inc.,0.00,0.00,0.00,0.00,0.00,0.00,0.00
PLNH,Planet 13 Holdings Inc.,0.00,0.00,0.00,0.00,0.00,0.00,0.00
LODE,Comstock Inc.,0.00,0.00,0.00,0.00,0.00,0.00,0.00
CAAS,CHINA AUTOMOTIVE SYSTEMS INC,0.00,0.00,0.00,0.00,0.00,0.00,0.00
DTI,Drilling Tools International Corp,0.00,0.00,0.00,0.00,0.00,0.00,0.00
MTWO,M2i Global Inc.,0.00,0.00,0.00,0.00,0.00,0.00,0.00
MGX,Metagenomi Inc.,0.00,0.00,0.00,0.00,0.00,0.00,0.00
CXE,MFS HIGH INCOME MUNICIPAL TRUST,0.00,0.00,0.00,0.00,0.00,0.00,0.00
ACNT,ASCENT INDUSTRIES CO.,0.00,0.00,0.00,0.00,0.00,0.00,0.00
ELUT,ELUTIA INC.,0.00,0.00,0.00,0.00,0.00,0.00,0.00
ATOS,ATOSSA THERAPEUTICS INC.,0.00,0.00,0.00,0.00,0.00,0.00,0.00
CHMX,NEXT-ChemX Corporation.,0.00,0.00,0.00,0.00,0.00,0.00,0.00
COE,51Talk Online Education Group,0.00,0.00,0.00,0.00,0.00,0.00,0.00
PLMJ,Plum Acquisition Corp. III,0.00,0.00,0.00,0.00,0.00,0.00,0.00
VCSA,Vacasa Inc.,0.00,0.00,0.00,0.00,0.00,0.00,0.00
BMBN,BENCHMARK BANKSHARES INC,0.00,0.00,0.00,0.00,0.00,0.00,0.00
COPR,Idaho Copper Corp,0.00,0.00,0.00,0.00,0.00,0.00,0.00
IAF,ABRDN AUSTRALIA EQUITY FUND INC.,0.00,0.00,0.00,0.00,0.00,0.00,0.00
NA,Nano Labs Ltd,0.00,0.00,0.00,0.00,0.00,0.00,0.00
IZTC,Invizyne Technologies Inc,0.00,0.00,0.00,0.00,0.00,0.00,0.00
SHMD,SCHMID Group N.V.,0.00,0.00,0.00,0.00,0.00,0.00,0.00
ALYAF,Alithya Group inc,0.00,0.00,0.00,0.00,0.00,0.00,0.00
PCSC,Perceptive Capital Solutions Corp,0.00,0.00,0.00,0.00,0.00,0.00,0.00
NVCT,Nuvectis Pharma Inc.,0.00,0.00,0.00,0.00,0.00,0.00,0.00
ZTEK,Zentek Ltd.,0.00,0.00,0.00,0.00,0.00,0.00,0.00
CGO,CALAMOS GLOBAL TOTAL RETURN FUND,0.00,0.00,0.00,0.00,0.00,0.00,0.00
AFBI,Affinity Bancshares Inc.,0.00,0.00,0.00,0.00,0.00,0.00,0.00
STHO,Star Holdings,0.00,0.00,0.00,0.00,0.00,0.00,0.00
ANRO,Alto Neuroscience Inc.,0.00,0.00,0.00,0.00,0.00,0.00,0.00
SLNG,Stabilis Solutions Inc.,0.00,0.00,0.00,0.00,0.00,0.00,0.00
KVHI,KVH INDUSTRIES INC \DE\,0.00,0.00,0.00,0.00,0.00,0.00,0.00
IMPP,Imperial Petroleum Inc./Marshall Islands,0.00,0.00,0.00,0.00,0.00,0.00,0.00
SVII,Spring Valley Acquisition Corp. II,0.00,0.00,0.00,0.00,0.00,0.00,0.00
OVBC,OHIO VALLEY BANC CORP,0.00,0.00,0.00,0.00,0.00,0.00,0.00
LGO,Largo Inc.,0.00,0.00,0.00,0.00,0.00,0.00,0.00
TLGYF,TLGY ACQUISITION CORP,0.00,0.00,0.00,0.00,0.00,0.00,0.00
BKTI,BK Technologies Corp,0.00,0.00,0.00,0.00,0.00,0.00,0.00
EVF,Eaton Vance Senior Income Trust,0.00,0.00,0.00,0.00,0.00,0.00,0.00
XCH,XCHG Ltd,0.00,0.00,0.00,0.00,0.00,0.00,0.00
LVPA,LVPAI GROUP Ltd,0.00,0.00,0.00,0.00,0.00,0.00,0.00
AMWL,American Well Corp,0.00,0.00,0.00,0.00,0.00,0.00,0.00
WW,WW INTERNATIONAL INC.,0.00,0.00,0.00,0.00,0.00,0.00,0.00
TELA,TELA Bio Inc.,0.00,0.00,0.00,0.00,0.00,0.00,0.00
MIST,Milestone Pharmaceuticals Inc.,0.00,0.00,0.00,0.00,0.00,0.00,0.00
SBI,WESTERN ASSET INTERMEDIATE MUNI FUND INC.,0.00,0.00,0.00,0.00,0.00,0.00,0.00
NIM,NUVEEN SELECT MATURITIES MUNICIPAL FUND,0.00,0.00,0.00,0.00,0.00,0.00,0.00
PPYA,Papaya Growth Opportunity Corp. I,0.00,0.00,0.00,0.00,0.00,0.00,0.00
INTT,INTEST CORP,0.00,0.00,0.00,0.00,0.00,0.00,0.00
BDTX,Black Diamond Therapeutics Inc.,0.00,0.00,0.00,0.00,0.00,0.00,0.00
YSXT,YSX Tech Co. Ltd,0.00,0.00,0.00,0.00,0.00,0.00,0.00
TAYD,TAYLOR DEVICES INC.,0.00,0.00,0.00,0.00,0.00,0.00,0.00
CHN,China Fund Inc.,0.00,0.00,0.00,0.00,0.00,0.00,0.00
ZENA,ZenaTech Inc.,0.00,0.00,0.00,0.00,0.00,0.00,0.00
DLHC,DLH Holdings Corp.,0.00,0.00,0.00,0.00,0.00,0.00,0.00
BDCC,Blackwell 3D Construction Corp.,0.00,0.00,0.00,0.00,0.00,0.00,0.00
FCAP,FIRST CAPITAL INC,0.00,0.00,0.00,0.00,0.00,0.00,0.00
ENTA,ENANTA PHARMACEUTICALS INC,0.00,0.00,0.00,0.00,0.00,0.00,0.00
MAXN,Maxeon Solar Technologies Ltd.,0.00,0.00,0.00,0.00,0.00,0.00,0.00
ODYS,Odysight.ai Inc.,0.00,0.00,0.00,0.00,0.00,0.00,0.00
OFS,OFS Capital Corp,0.00,0.00,0.00,0.00,0.00,0.00,0.00
NMT,NUVEEN MASSACHUSETTS QUALITY MUNICIPAL INCOME FUND,0.00,0.00,0.00,0.00,0.00,0.00,0.00
EPRX,EUPRAXIA PHARMACEUTICALS INC.,0.00,0.00,0.00,0.00,0.00,0.00,0.00
ANNA,AleAnna Inc.,0.00,0.00,0.00,0.00,0.00,0.00,0.00
SRTS,Sensus Healthcare Inc.,0.00,0.00,0.00,0.00,0.00,0.00,0.00
ECOR,electroCore Inc.,0.00,0.00,0.00,0.00,0.00,0.00,0.00
CEP,Cantor Equity Partners Inc.,0.00,0.00,0.00,0.00,0.00,0.00,0.00
BHST,BIOHARVEST SCIENCES INC.,0.00,0.00,0.00,0.00,0.00,0.00,0.00
VERU,VERU INC.,0.00,0.00,0.00,0.00,0.00,0.00,0.00
RBKB,Rhinebeck Bancorp Inc.,0.00,0.00,0.00,0.00,0.00,0.00,0.00
UFI,UNIFI INC,0.00,0.00,0.00,0.00,0.00,0.00,0.00
JSPR,Jasper Therapeutics Inc.,0.00,0.00,0.00,0.00,0.00,0.00,0.00
OSTX,OS Therapies Inc,0.00,0.00,0.00,0.00,0.00,0.00,0.00
LGCY,Legacy Education Inc.,0.00,0.00,0.00,0.00,0.00,0.00,0.00
SOL,Emeren Group Ltd,0.00,0.00,0.00,0.00,0.00,0.00,0.00
SILC,SILICOM LTD.,0.00,0.00,0.00,0.00,0.00,0.00,0.00
BCV,BANCROFT FUND LTD,0.00,0.00,0.00,0.00,0.00,0.00,0.00
EDIT,Editas Medicine Inc.,0.00,0.00,0.00,0.00,0.00,0.00,0.00
CRDL,Cardiol Therapeutics Inc.,0.00,0.00,0.00,0.00,0.00,0.00,0.00
CPHC,Canterbury Park Holding Corp,0.00,0.00,0.00,0.00,0.00,0.00,0.00
KBLB,Kraig Biocraft Laboratories Inc,0.00,0.00,0.00,0.00,0.00,0.00,0.00
WMPN,William Penn Bancorporation,0.00,0.00,0.00,0.00,0.00,0.00,0.00
PHUN,Phunware Inc.,0.00,0.00,0.00,0.00,0.00,0.00,0.00
PROV,PROVIDENT FINANCIAL HOLDINGS INC,0.00,0.00,0.00,0.00,0.00,0.00,0.00
THCH,TH International Ltd,0.00,0.00,0.00,0.00,0.00,0.00,0.00
USGO,U.S. GoldMining Inc.,0.00,0.00,0.00,0.00,0.00,0.00,0.00
GAIA,GAIA INC,0.00,0.00,0.00,0.00,0.00,0.00,0.00
CABA,Cabaletta Bio Inc.,0.00,0.00,0.00,0.00,0.00,0.00,0.00
ATLX,Atlas Lithium Corp,0.00,0.00,0.00,0.00,0.00,0.00,0.00
NKLA,Nikola Corp,0.00,0.00,0.00,0.00,0.00,0.00,0.00
OKUR,OnKure Therapeutics Inc.,0.00,0.00,0.00,0.00,0.00,0.00,0.00
FRD,FRIEDMAN INDUSTRIES INC,0.00,0.00,0.00,0.00,0.00,0.00,0.00
VIOT,Viomi Technology Co. Ltd,0.00,0.00,0.00,0.00,0.00,0.00,0.00
IVFH,INNOVATIVE FOOD HOLDINGS INC,0.00,0.00,0.00,0.00,0.00,0.00,0.00
SRBK,SR Bancorp Inc.,0.00,0.00,0.00,0.00,0.00,0.00,0.00
DHX,DHI GROUP INC.,0.00,0.00,0.00,0.00,0.00,0.00,0.00
ME,23andMe Holding Co.,0.00,0.00,0.00,0.00,0.00,0.00,0.00
HLVX,HilleVax Inc.,0.00,0.00,0.00,0.00,0.00,0.00,0.00
DLTH,DULUTH HOLDINGS INC.,0.00,0.00,0.00,0.00,0.00,0.00,0.00
VRA,Vera Bradley Inc.,0.00,0.00,0.00,0.00,0.00,0.00,0.00
BBXIA,BBX Capital Inc.,0.00,0.00,0.00,0.00,0.00,0.00,0.00
FOSL,Fossil Group Inc.,0.00,0.00,0.00,0.00,0.00,0.00,0.00
DBVT,DBV Technologies S.A.,0.00,0.00,0.00,0.00,0.00,0.00,0.00
ABOS,Acumen Pharmaceuticals Inc.,0.00,0.00,0.00,0.00,0.00,0.00,0.00
MDXH,MDxHealth SA,0.00,0.00,0.00,0.00,0.00,0.00,0.00
BSBK,Bogota Financial Corp.,0.00,0.00,0.00,0.00,0.00,0.00,0.00
CODA,Coda Octopus Group Inc.,0.00,0.00,0.00,0.00,0.00,0.00,0.00
CLEU,China Liberal Education Holdings Ltd,0.00,0.00,0.00,0.00,0.00,0.00,0.00
BZFD,BuzzFeed Inc.,0.00,0.00,0.00,0.00,0.00,0.00,0.00
TBMC,Trailblazer Merger Corp I,0.00,0.00,0.00,0.00,0.00,0.00,0.00
HNW,Pioneer Diversified High Income Fund Inc.,0.00,0.00,0.00,0.00,0.00,0.00,0.00
ASMB,ASSEMBLY BIOSCIENCES INC.,0.00,0.00,0.00,0.00,0.00,0.00,0.00
BRIA,BrilliA Inc,0.00,0.00,0.00,0.00,0.00,0.00,0.00
BOWN,Bowen Acquisition Corp,0.00,0.00,0.00,0.00,0.00,0.00,0.00
MGF,MFS GOVERNMENT MARKETS INCOME TRUST,0.00,0.00,0.00,0.00,0.00,0.00,0.00
JLS,Nuveen Mortgage & Income Fund/MA/,0.00,0.00,0.00,0.00,0.00,0.00,0.00
QSG,QuantaSing Group Ltd,0.00,0.00,0.00,0.00,0.00,0.00,0.00
ERH,ALLSPRING UTILITIES & HIGH INCOME FUND,0.00,0.00,0.00,0.00,0.00,0.00,0.00
SWZ,SWISS HELVETIA FUND INC.,0.00,0.00,0.00,0.00,0.00,0.00,0.00
PFX,PhenixFIN Corp,0.00,0.00,0.00,0.00,0.00,0.00,0.00
OPRX,OptimizeRx Corp,0.00,0.00,0.00,0.00,0.00,0.00,0.00
COYA,Coya Therapeutics Inc.,0.00,0.00,0.00,0.00,0.00,0.00,0.00
ELVA,Electrovaya Inc.,0.00,0.00,0.00,0.00,0.00,0.00,0.00
CSBB,CSB Bancorp Inc.,0.00,0.00,0.00,0.00,0.00,0.00,0.00
PETS,PETMED EXPRESS INC,0.00,0.00,0.00,0.00,0.00,0.00,0.00
OCFT,ONECONNECT FINANCIAL TECHNOLOGY CO. LTD.,0.00,0.00,0.00,0.00,0.00,0.00,0.00
NOBH,NOBILITY HOMES INC,0.00,0.00,0.00,0.00,0.00,0.00,0.00
XFOR,X4 Pharmaceuticals Inc,0.00,0.00,0.00,0.00,0.00,0.00,0.00
FONR,FONAR CORP,0.00,0.00,0.00,0.00,0.00,0.00,0.00
LNSR,LENSAR Inc.,0.00,0.00,0.00,0.00,0.00,0.00,0.00
RMI,RiverNorth Opportunistic Municipal Income Fund Inc.,0.00,0.00,0.00,0.00,0.00,0.00,0.00
MODV,ModivCare Inc,0.00,0.00,0.00,0.00,0.00,0.00,0.00
RECT,Rectitude Holdings Ltd.,0.00,0.00,0.00,0.00,0.00,0.00,0.00
PEPG,PepGen Inc.,0.00,0.00,0.00,0.00,0.00,0.00,0.00
AFJK,Aimei Health Technology Co. Ltd.,0.00,0.00,0.00,0.00,0.00,0.00,0.00
MVO,MV Oil Trust,0.00,0.00,0.00,0.00,0.00,0.00,0.00
OPTX,SYNTEC OPTICS HOLDINGS INC.,0.00,0.00,0.00,0.00,0.00,0.00,0.00
ACOG,Alpha Cognition Inc.,0.00,0.00,0.00,0.00,0.00,0.00,0.00
GGZ,Gabelli Global Small & Mid Cap Value Trust,0.00,0.00,0.00,0.00,0.00,0.00,0.00
ORMP,ORAMED PHARMACEUTICALS INC.,0.00,0.00,0.00,0.00,0.00,0.00,0.00
AE,ADAMS RESOURCES & ENERGY INC.,0.00,0.00,0.00,0.00,0.00,0.00,0.00
CNDA,Concord Acquisition Corp II,0.00,0.00,0.00,0.00,0.00,0.00,0.00
SND,Smart Sand Inc.,0.00,0.00,0.00,0.00,0.00,0.00,0.00
MNOV,MEDICINOVA INC,0.00,0.00,0.00,0.00,0.00,0.00,0.00
PBHC,Pathfinder Bancorp Inc.,0.00,0.00,0.00,0.00,0.00,0.00,0.00
EVGR,Evergreen Corp,0.00,0.00,0.00,0.00,0.00,0.00,0.00
NMI,NUVEEN MUNICIPAL INCOME FUND INC,0.00,0.00,0.00,0.00,0.00,0.00,0.00
ENBP,ENB Financial Corp,0.00,0.00,0.00,0.00,0.00,0.00,0.00
IVAC,INTEVAC INC,0.00,0.00,0.00,0.00,0.00,0.00,0.00
TRX,TRX GOLD Corp,0.00,0.00,0.00,0.00,0.00,0.00,0.00
LSE,Leishen Energy Holding Co. Ltd.,0.00,0.00,0.00,0.00,0.00,0.00,0.00
GRWG,GrowGeneration Corp.,0.00,0.00,0.00,0.00,0.00,0.00,0.00
GLAC,Global Lights Acquisition Corp,0.00,0.00,0.00,0.00,0.00,0.00,0.00
CUE,Cue Biopharma Inc.,0.00,0.00,0.00,0.00,0.00,0.00,0.00
BRID,BRIDGFORD FOODS CORP,0.00,0.00,0.00,0.00,0.00,0.00,0.00
GORV,Lazydays Holdings Inc.,0.00,0.00,0.00,0.00,0.00,0.00,0.00
TLSA,Tiziana Life Sciences Ltd,0.00,0.00,0.00,0.00,0.00,0.00,0.00
DSAQ,Direct Selling Acquisition Corp.,0.00,0.00,0.00,0.00,0.00,0.00,0.00
GDL,GDL FUND,0.00,0.00,0.00,0.00,0.00,0.00,0.00
WRAP,WRAP TECHNOLOGIES INC.,0.00,0.00,0.00,0.00,0.00,0.00,0.00
KF,KOREA FUND INC,0.00,0.00,0.00,0.00,0.00,0.00,0.00
HLP,Hongli Group Inc.,0.00,0.00,0.00,0.00,0.00,0.00,0.00
SY,So-Young International Inc.,0.00,0.00,0.00,0.00,0.00,0.00,0.00
ALXO,ALX ONCOLOGY HOLDINGS INC,0.00,0.00,0.00,0.00,0.00,0.00,0.00
AXTI,AXT INC,0.00,0.00,0.00,0.00,0.00,0.00,0.00
UTGN,UTG INC,0.00,0.00,0.00,0.00,0.00,0.00,0.00
BEOB,BEO BANCORP,0.00,0.00,0.00,0.00,0.00,0.00,0.00
QETA,Quetta Acquisition Corp,0.00,0.00,0.00,0.00,0.00,0.00,0.00
STIM,Neuronetics Inc.,0.00,0.00,0.00,0.00,0.00,0.00,0.00
CMTV,COMMUNITY BANCORP /VT,0.00,0.00,0.00,0.00,0.00,0.00,0.00
SUNS,Sunrise Realty Trust Inc.,0.00,0.00,0.00,0.00,0.00,0.00,0.00
CVVUF,CANALASKA URANIUM LTD,0.00,0.00,0.00,0.00,0.00,0.00,0.00
IVCA,Investcorp AI Acquisition Corp.,0.00,0.00,0.00,0.00,0.00,0.00,0.00
DYCQ,DT Cloud Acquisition Corp,0.00,0.00,0.00,0.00,0.00,0.00,0.00
ARAT,Arax Holdings Corp,0.00,0.00,0.00,0.00,0.00,0.00,0.00
CURI,CuriosityStream Inc.,0.00,0.00,0.00,0.00,0.00,0.00,0.00
MGYR,Magyar Bancorp Inc.,0.00,0.00,0.00,0.00,0.00,0.00,0.00
RRGB,RED ROBIN GOURMET BURGERS INC,0.00,0.00,0.00,0.00,0.00,0.00,0.00
SNCR,SYNCHRONOSS TECHNOLOGIES INC,0.00,0.00,0.00,0.00,0.00,0.00,0.00
THM,INTERNATIONAL TOWER HILL MINES LTD,0.00,0.00,0.00,0.00,0.00,0.00,0.00
IMUX,IMMUNIC INC.,0.00,0.00,0.00,0.00,0.00,0.00,0.00
BKHA,Black Hawk Acquisition Corp,0.00,0.00,0.00,0.00,0.00,0.00,0.00
SKLZ,Skillz Inc.,0.00,0.00,0.00,0.00,0.00,0.00,0.00
HNNA,HENNESSY ADVISORS INC,0.00,0.00,0.00,0.00,0.00,0.00,0.00
BCRD,BlueOne Card Inc.,0.00,0.00,0.00,0.00,0.00,0.00,0.00
SCWO,374Water Inc.,0.00,0.00,0.00,0.00,0.00,0.00,0.00
RFM,RiverNorth Flexible Municipal Income Fund Inc.,0.00,0.00,0.00,0.00,0.00,0.00,0.00
RGLS,Regulus Therapeutics Inc.,0.00,0.00,0.00,0.00,0.00,0.00,0.00
ENTX,Entera Bio Ltd.,0.00,0.00,0.00,0.00,0.00,0.00,0.00
LTBR,LIGHTBRIDGE Corp,0.00,0.00,0.00,0.00,0.00,0.00,0.00
IROH,Iron Horse Acquisitions Corp.,0.00,0.00,0.00,0.00,0.00,0.00,0.00
PRPL,Purple Innovation Inc.,0.00,0.00,0.00,0.00,0.00,0.00,0.00
PYXS,Pyxis Oncology Inc.,0.00,0.00,0.00,0.00,0.00,0.00,0.00
PMHG,Prime Meridian Holding Co,0.00,0.00,0.00,0.00,0.00,0.00,0.00
MLSS,MILESTONE SCIENTIFIC INC.,0.00,0.00,0.00,0.00,0.00,0.00,0.00
MRSN,Mersana Therapeutics Inc.,0.00,0.00,0.00,0.00,0.00,0.00,0.00
ALOT,AstroNova Inc.,0.00,0.00,0.00,0.00,0.00,0.00,0.00
ATRA,Atara Biotherapeutics Inc.,0.00,0.00,0.00,0.00,0.00,0.00,0.00
FKYS,FIRST KEYSTONE CORP,0.00,0.00,0.00,0.00,0.00,0.00,0.00
FFMGF,First Mining Gold Corp.,0.00,0.00,0.00,0.00,0.00,0.00,0.00
FSHP,Flag Ship Acquisition Corp,0.00,0.00,0.00,0.00,0.00,0.00,0.00
ALMU,Aeluma Inc.,0.00,0.00,0.00,0.00,0.00,0.00,0.00
ADVM,Adverum Biotechnologies Inc.,0.00,0.00,0.00,0.00,0.00,0.00,0.00
IHD,Voya Emerging Markets High Dividend Equity Fund,0.00,0.00,0.00,0.00,0.00,0.00,0.00
PRKR,PARKERVISION INC,0.00,0.00,0.00,0.00,0.00,0.00,0.00
DTSQ,DT Cloud Star Acquisition Corp,0.00,0.00,0.00,0.00,0.00,0.00,0.00
DM,Desktop Metal Inc.,0.00,0.00,0.00,0.00,0.00,0.00,0.00
EAXR,Ealixir Inc.,0.00,0.00,0.00,0.00,0.00,0.00,0.00
GNLX,GENELUX Corp,0.00,0.00,0.00,0.00,0.00,0.00,0.00
CMU,MFS HIGH YIELD MUNICIPAL TRUST,0.00,0.00,0.00,0.00,0.00,0.00,0.00
GNT,GAMCO Natural Resources Gold & Income Trust,0.00,0.00,0.00,0.00,0.00,0.00,0.00
MSW,Ming Shing Group Holdings Ltd,0.00,0.00,0.00,0.00,0.00,0.00,0.00
PGP,PIMCO Global StocksPLUS & Income Fund,0.00,0.00,0.00,0.00,0.00,0.00,0.00
PAVS,Paranovus Entertainment Technology Ltd.,0.00,0.00,0.00,0.00,0.00,0.00,0.00
HSPO,Horizon Space Acquisition I Corp.,0.00,0.00,0.00,0.00,0.00,0.00,0.00
KPTI,Karyopharm Therapeutics Inc.,0.00,0.00,0.00,0.00,0.00,0.00,0.00
CHMI,Cherry Hill Mortgage Investment Corp,0.00,0.00,0.00,0.00,0.00,0.00,0.00
PWUP,PowerUp Acquisition Corp.,0.00,0.00,0.00,0.00,0.00,0.00,0.00
GUTS,FRACTYL HEALTH INC.,0.00,0.00,0.00,0.00,0.00,0.00,0.00
FNWB,First Northwest Bancorp,0.00,0.00,0.00,0.00,0.00,0.00,0.00
BLGO,BIOLARGO INC.,0.00,0.00,0.00,0.00,0.00,0.00,0.00
ZNOG,ZION OIL & GAS INC,0.00,0.00,0.00,0.00,0.00,0.00,0.00
FAT,Fat Brands Inc,0.00,0.00,0.00,0.00,0.00,0.00,0.00
MAYS,MAYS J W INC,0.00,0.00,0.00,0.00,0.00,0.00,0.00
KLXE,KLX Energy Services Holdings Inc.,0.00,0.00,0.00,0.00,0.00,0.00,0.00
GNTA,Genenta Science S.p.A.,0.00,0.00,0.00,0.00,0.00,0.00,0.00
GLU,GABELLI GLOBAL UTILITY & INCOME TRUST,0.00,0.00,0.00,0.00,0.00,0.00,0.00
TGLO,THEGLOBE COM INC,0.00,0.00,0.00,0.00,0.00,0.00,0.00
MHGU,MERITAGE HOSPITALITY GROUP INC,0.00,0.00,0.00,0.00,0.00,0.00,0.00
CNTY,CENTURY CASINOS INC /CO/,0.00,0.00,0.00,0.00,0.00,0.00,0.00
KNDI,Kandi Technologies Group Inc.,0.00,0.00,0.00,0.00,0.00,0.00,0.00
AADI,Aadi Bioscience Inc.,0.00,0.00,0.00,0.00,0.00,0.00,0.00
RVPH,REVIVA PHARMACEUTICALS HOLDINGS INC.,0.00,0.00,0.00,0.00,0.00,0.00,0.00
LEE,LEE ENTERPRISES Inc,0.00,0.00,0.00,0.00,0.00,0.00,0.00
THTX,Theratechnologies Inc.,0.00,0.00,0.00,0.00,0.00,0.00,0.00
HUHU,HUHUTECH International Group Inc.,0.00,0.00,0.00,0.00,0.00,0.00,0.00
SFDL,SECURITY FEDERAL CORP,0.00,0.00,0.00,0.00,0.00,0.00,0.00
BYNO,byNordic Acquisition Corp,0.00,0.00,0.00,0.00,0.00,0.00,0.00
ALTS,ALT5 Sigma Corp,0.00,0.00,0.00,0.00,0.00,0.00,0.00
STKS,ONE Group Hospitality Inc.,0.00,0.00,0.00,0.00,0.00,0.00,0.00
IMAB,I-Mab,0.00,0.00,0.00,0.00,0.00,0.00,0.00
VGI,Virtus Global Multi-Sector Income Fund,0.00,0.00,0.00,0.00,0.00,0.00,0.00
MCHX,MARCHEX INC,0.00,0.00,0.00,0.00,0.00,0.00,0.00
AAWH,Ascend Wellness Holdings Inc.,0.00,0.00,0.00,0.00,0.00,0.00,0.00
PFBX,PEOPLES FINANCIAL CORP /MS/,0.00,0.00,0.00,0.00,0.00,0.00,0.00
BRAG,Bragg Gaming Group Inc.,0.00,0.00,0.00,0.00,0.00,0.00,0.00
SFWL,SHENGFENG DEVELOPMENT Ltd,0.00,0.00,0.00,0.00,0.00,0.00,0.00
ADAG,Adagene Inc.,0.00,0.00,0.00,0.00,0.00,0.00,0.00
PTHL,Pheton Holdings Ltd,0.00,0.00,0.00,0.00,0.00,0.00,0.00
DIT,AMCON DISTRIBUTING CO,0.00,0.00,0.00,0.00,0.00,0.00,0.00
IXAQF,IX Acquisition Corp.,0.00,0.00,0.00,0.00,0.00,0.00,0.00
BLUAF,BlueRiver Acquisition Corp.,0.00,0.00,0.00,0.00,0.00,0.00,0.00
ALLK,Allakos Inc.,0.00,0.00,0.00,0.00,0.00,0.00,0.00
VMCA,Valuence Merger Corp. I,0.00,0.00,0.00,0.00,0.00,0.00,0.00
AIRE,reAlpha Tech Corp.,0.00,0.00,0.00,0.00,0.00,0.00,0.00
UNIB,UNIVERSITY BANCORP INC /DE/,0.00,0.00,0.00,0.00,0.00,0.00,0.00
EHGO,EShallGo Inc.,0.00,0.00,0.00,0.00,0.00,0.00,0.00
CBAT,CBAK Energy Technology Inc.,0.00,0.00,0.00,0.00,0.00,0.00,0.00
VFF,Village Farms International Inc.,0.00,0.00,0.00,0.00,0.00,0.00,0.00
INVE,Identiv Inc.,0.00,0.00,0.00,0.00,0.00,0.00,0.00
CDAQF,Compass Digital Acquisition Corp.,0.00,0.00,0.00,0.00,0.00,0.00,0.00
IPSC,Century Therapeutics Inc.,0.00,0.00,0.00,0.00,0.00,0.00,0.00
AITR,AI Transportation Acquisition Corp,0.00,0.00,0.00,0.00,0.00,0.00,0.00
IH,iHuman Inc.,0.00,0.00,0.00,0.00,0.00,0.00,0.00
MGRM,Monogram Technologies Inc.,0.00,0.00,0.00,0.00,0.00,0.00,0.00
VOC,VOC Energy Trust,0.00,0.00,0.00,0.00,0.00,0.00,0.00
GAN,GAN Ltd,0.00,0.00,0.00,0.00,0.00,0.00,0.00
NWPP,NEW PEOPLES BANKSHARES INC,0.00,0.00,0.00,0.00,0.00,0.00,0.00
GDO,WESTERN ASSET GLOBAL CORPORATE OPPORTUNITY FUND INC.,0.00,0.00,0.00,0.00,0.00,0.00,0.00
IMAQ,International Media Acquisition Corp.,0.00,0.00,0.00,0.00,0.00,0.00,0.00
RSKIA,GEORGE RISK INDUSTRIES INC.,0.00,0.00,0.00,0.00,0.00,0.00,0.00
HBIO,HARVARD BIOSCIENCE INC,0.00,0.00,0.00,0.00,0.00,0.00,0.00
CAMP,Camp4 Therapeutics Corp,0.00,0.00,0.00,0.00,0.00,0.00,0.00
BLUE,bluebird bio Inc.,0.00,0.00,0.00,0.00,0.00,0.00,0.00
NXC,NUVEEN CALIFORNIA SELECT TAX FREE INCOME PORTFOLIO,0.00,0.00,0.00,0.00,0.00,0.00,0.00
VTGN,Vistagen Therapeutics Inc.,0.00,0.00,0.00,0.00,0.00,0.00,0.00
SKYE,Skye Bioscience Inc.,0.00,0.00,0.00,0.00,0.00,0.00,0.00
SPWH,SPORTSMAN'S WAREHOUSE HOLDINGS INC.,0.00,0.00,0.00,0.00,0.00,0.00,0.00
PUCK,Goal Acquisitions Corp.,0.00,0.00,0.00,0.00,0.00,0.00,0.00
PCM,PCM FUND INC.,0.00,0.00,0.00,0.00,0.00,0.00,0.00
MYND,Mynd.ai Inc.,0.00,0.00,0.00,0.00,0.00,0.00,0.00
SHIM,Shimmick Corp,0.00,0.00,0.00,0.00,0.00,0.00,0.00
TGAAF,Target Global Acquisition I Corp.,0.00,0.00,0.00,0.00,0.00,0.00,0.00
CNF,CNFinance Holdings Ltd.,0.00,0.00,0.00,0.00,0.00,0.00,0.00
CTOR,CITIUS ONCOLOGY INC.,0.00,0.00,0.00,0.00,0.00,0.00,0.00
CHCI,Comstock Holding Companies Inc.,0.00,0.00,0.00,0.00,0.00,0.00,0.00
JVSA,JVSPAC Acquisition Corp.,0.00,0.00,0.00,0.00,0.00,0.00,0.00
PTZH,Photozou Holdings Inc.,0.00,0.00,0.00,0.00,0.00,0.00,0.00
ASPC,ASPAC III Acquisition Corp.,0.00,0.00,0.00,0.00,0.00,0.00,0.00
NIXX,Nixxy Inc.,0.00,0.00,0.00,0.00,0.00,0.00,0.00
YHNA,YHN Acquisition I Ltd,0.00,0.00,0.00,0.00,0.00,0.00,0.00
SQNS,SEQUANS COMMUNICATIONS,0.00,0.00,0.00,0.00,0.00,0.00,0.00
IRAA,Iris Acquisition Corp,0.00,0.00,0.00,0.00,0.00,0.00,0.00
DERM,Journey Medical Corp,0.00,0.00,0.00,0.00,0.00,0.00,0.00
EURK,Eureka Acquisition Corp,0.00,0.00,0.00,0.00,0.00,0.00,0.00
SPGX,Sustainable Projects Group Inc.,0.00,0.00,0.00,0.00,0.00,0.00,0.00
ICLK,iClick Interactive Asia Group Ltd,0.00,0.00,0.00,0.00,0.00,0.00,0.00
UBCP,UNITED BANCORP INC /OH/,0.00,0.00,0.00,0.00,0.00,0.00,0.00
CNTX,Context Therapeutics Inc.,0.00,0.00,0.00,0.00,0.00,0.00,0.00
EDAP,EDAP TMS SA,0.00,0.00,0.00,0.00,0.00,0.00,0.00
PNI,PIMCO NEW YORK MUNICIPAL INCOME FUND II,0.00,0.00,0.00,0.00,0.00,0.00,0.00
MASS,908 Devices Inc.,0.00,0.00,0.00,0.00,0.00,0.00,0.00
BKRRF,BLACKROCK SILVER CORP.,0.00,0.00,0.00,0.00,0.00,0.00,0.00
AUBN,AUBURN NATIONAL BANCORPORATION INC,0.00,0.00,0.00,0.00,0.00,0.00,0.00
ITMSF,INTERMAP TECHNOLOGIES CORP,0.00,0.00,0.00,0.00,0.00,0.00,0.00
MNTN,Everest Consolidator Acquisition Corp,0.00,0.00,0.00,0.00,0.00,0.00,0.00
APLT,Applied Therapeutics Inc.,0.00,0.00,0.00,0.00,0.00,0.00,0.00
CAPN,Cayson Acquisition Corp,0.00,0.00,0.00,0.00,0.00,0.00,0.00
FBYD,Falcon's Beyond Global Inc.,0.00,0.00,0.00,0.00,0.00,0.00,0.00
FCO,ABRDN GLOBAL INCOME FUND INC.,0.00,0.00,0.00,0.00,0.00,0.00,0.00
DTF,DTF TAX-FREE INCOME 2028 TERM FUND INC,0.00,0.00,0.00,0.00,0.00,0.00,0.00
EPIX,ESSA Pharma Inc.,0.00,0.00,0.00,0.00,0.00,0.00,0.00
SCTH,Securetech Innovations Inc.,0.00,0.00,0.00,0.00,0.00,0.00,0.00
JEQ,ABRDN JAPAN EQUITY FUND INC.,0.00,0.00,0.00,0.00,0.00,0.00,0.00
QNCX,Quince Therapeutics Inc.,0.00,0.00,0.00,0.00,0.00,0.00,0.00
ASRT,Assertio Holdings Inc.,0.00,0.00,0.00,0.00,0.00,0.00,0.00
ATMC,ALPHATIME ACQUISITION CORP,0.00,0.00,0.00,0.00,0.00,0.00,0.00
PED,PEDEVCO CORP,0.00,0.00,0.00,0.00,0.00,0.00,0.00
INCR,Intercure Ltd.,0.00,0.00,0.00,0.00,0.00,0.00,0.00
OCAX,OCA Acquisition Corp.,0.00,0.00,0.00,0.00,0.00,0.00,0.00
ORKT,ORANGEKLOUD TECHNOLOGY INC.,0.00,0.00,0.00,0.00,0.00,0.00,0.00
CEE,CENTRAL & EASTERN EUROPE FUND INC.,0.00,0.00,0.00,0.00,0.00,0.00,0.00
INUV,Inuvo Inc.,0.00,0.00,0.00,0.00,0.00,0.00,0.00
HOUR,Hour Loop Inc,0.00,0.00,0.00,0.00,0.00,0.00,0.00
MSSA,Metal Sky Star Acquisition Corp,0.00,0.00,0.00,0.00,0.00,0.00,0.00
LSBK,LAKE SHORE BANCORP INC.,0.00,0.00,0.00,0.00,0.00,0.00,0.00
USAU,U.S. GOLD CORP.,0.00,0.00,0.00,0.00,0.00,0.00,0.00
IRRX,INTEGRATED RAIL & RESOURCES ACQUISITION CORP,0.00,0.00,0.00,0.00,0.00,0.00,0.00
SNT,Senstar Technologies Corp,0.00,0.00,0.00,0.00,0.00,0.00,0.00
ELTK,ELTEK LTD,0.00,0.00,0.00,0.00,0.00,0.00,0.00
PYRGF,PyroGenesis Canada Inc.,0.00,0.00,0.00,0.00,0.00,0.00,0.00
ESP,ESPEY MFG & ELECTRONICS CORP,0.00,0.00,0.00,0.00,0.00,0.00,0.00
MGLD,Marygold Companies Inc.,0.00,0.00,0.00,0.00,0.00,0.00,0.00
IROQ,IF Bancorp Inc.,0.00,0.00,0.00,0.00,0.00,0.00,0.00
FVN,Future Vision II Acquisition Corp.,0.00,0.00,0.00,0.00,0.00,0.00,0.00
AUGG,AUGUSTA GOLD CORP.,0.00,0.00,0.00,0.00,0.00,0.00,0.00
ASYS,AMTECH SYSTEMS INC,0.00,0.00,0.00,0.00,0.00,0.00,0.00
GSIT,GSI TECHNOLOGY INC,0.00,0.00,0.00,0.00,0.00,0.00,0.00
IKNA,Ikena Oncology Inc.,0.00,0.00,0.00,0.00,0.00,0.00,0.00
DMA,Destra Multi-Alternative Fund,0.00,0.00,0.00,0.00,0.00,0.00,0.00
RANI,Rani Therapeutics Holdings Inc.,0.00,0.00,0.00,0.00,0.00,0.00,0.00
RDAC,Rising Dragon Acquisition Corp.,0.00,0.00,0.00,0.00,0.00,0.00,0.00
ACET,Adicet Bio Inc.,0.00,0.00,0.00,0.00,0.00,0.00,0.00
CTM,Castellum Inc.,0.00,0.00,0.00,0.00,0.00,0.00,0.00
PMVP,PMV Pharmaceuticals Inc.,0.00,0.00,0.00,0.00,0.00,0.00,0.00
TPIC,TPI COMPOSITES INC,0.00,0.00,0.00,0.00,0.00,0.00,0.00
GCV,GABELLI CONVERTIBLE & INCOME SECURITIES FUND INC,0.00,0.00,0.00,0.00,0.00,0.00,0.00
LASE,Laser Photonics Corp,0.00,0.00,0.00,0.00,0.00,0.00,0.00
RCFAF,Perception Capital Corp. IV,0.00,0.00,0.00,0.00,0.00,0.00,0.00
AVTX,Avalo Therapeutics Inc.,0.00,0.00,0.00,0.00,0.00,0.00,0.00
EZOO,Ezagoo Ltd,0.00,0.00,0.00,0.00,0.00,0.00,0.00
ALAR,Alarum Technologies Ltd.,0.00,0.00,0.00,0.00,0.00,0.00,0.00
PHCI,Panamera Holdings Corp,0.00,0.00,0.00,0.00,0.00,0.00,0.00
AIRG,AIRGAIN INC,0.00,0.00,0.00,0.00,0.00,0.00,0.00
CLSD,Clearside Biomedical Inc.,0.00,0.00,0.00,0.00,0.00,0.00,0.00
STG,Sunlands Technology Group,0.00,0.00,0.00,0.00,0.00,0.00,0.00
TETE,Technology & Telecommunication Acquisition Corp,0.00,0.00,0.00,0.00,0.00,0.00,0.00
AVAI,AVANT TECHNOLOGIES INC.,0.00,0.00,0.00,0.00,0.00,0.00,0.00
IOR,INCOME OPPORTUNITY REALTY INVESTORS INC /TX/,0.00,0.00,0.00,0.00,0.00,0.00,0.00
VTSI,VirTra Inc,0.00,0.00,0.00,0.00,0.00,0.00,0.00
AVTE,Aerovate Therapeutics Inc.,0.00,0.00,0.00,0.00,0.00,0.00,0.00
FUSB,FIRST US BANCSHARES INC.,0.00,0.00,0.00,0.00,0.00,0.00,0.00
AGEN,AGENUS INC,0.00,0.00,0.00,0.00,0.00,0.00,0.00
ELRE,Yinfu Gold Corp.,0.00,0.00,0.00,0.00,0.00,0.00,0.00
VIGL,Vigil Neuroscience Inc.,0.00,0.00,0.00,0.00,0.00,0.00,0.00
NSPR,InspireMD Inc.,0.00,0.00,0.00,0.00,0.00,0.00,0.00
FFIE,FARADAY FUTURE INTELLIGENT ELECTRIC INC.,0.00,0.00,0.00,0.00,0.00,0.00,0.00
ACRG,American Clean Resources Group Inc.,0.00,0.00,0.00,0.00,0.00,0.00,0.00
ANL,Adlai Nortye Ltd.,0.00,0.00,0.00,0.00,0.00,0.00,0.00
CVGI,Commercial Vehicle Group Inc.,0.00,0.00,0.00,0.00,0.00,0.00,0.00
RBOT,Vicarious Surgical Inc.,0.00,0.00,0.00,0.00,0.00,0.00,0.00
ARMP,Armata Pharmaceuticals Inc.,0.00,0.00,0.00,0.00,0.00,0.00,0.00
AURX,Nuo Therapeutics Inc.,0.00,0.00,0.00,0.00,0.00,0.00,0.00
ICCM,IceCure Medical Ltd.,0.00,0.00,0.00,0.00,0.00,0.00,0.00
STBX,Starbox Group Holdings Ltd.,0.00,0.00,0.00,0.00,0.00,0.00,0.00
BNR,Burning Rock Biotech Ltd,0.00,0.00,0.00,0.00,0.00,0.00,0.00
OWLT,Owlet Inc.,0.00,0.00,0.00,0.00,0.00,0.00,0.00
HGBL,Heritage Global Inc.,0.00,0.00,0.00,0.00,0.00,0.00,0.00
AEAE,AltEnergy Acquisition Corp,0.00,0.00,0.00,0.00,0.00,0.00,0.00
CATO,CATO CORP,0.00,0.00,0.00,0.00,0.00,0.00,0.00
CULP,CULP INC,0.00,0.00,0.00,0.00,0.00,0.00,0.00
CSLM,CSLM ACQUISITION CORP.,0.00,0.00,0.00,0.00,0.00,0.00,0.00
VLT,Invesco High Income Trust II,0.00,0.00,0.00,0.00,0.00,0.00,0.00
ANIX,Anixa Biosciences Inc,0.00,0.00,0.00,0.00,0.00,0.00,0.00
SGA,SAGA COMMUNICATIONS INC,0.00,0.00,0.00,0.00,0.00,0.00,0.00
CAHO,Caro Holdings Inc.,0.00,0.00,0.00,0.00,0.00,0.00,0.00
ABP,Abpro Holdings Inc.,0.00,0.00,0.00,0.00,0.00,0.00,0.00
NMS,Nuveen Minnesota Quality Municipal Income Fund,0.00,0.00,0.00,0.00,0.00,0.00,0.00
VANI,Vivani Medical Inc.,0.00,0.00,0.00,0.00,0.00,0.00,0.00
TBNK,Territorial Bancorp Inc.,0.00,0.00,0.00,0.00,0.00,0.00,0.00
SST,System1 Inc.,0.00,0.00,0.00,0.00,0.00,0.00,0.00
LSF,Laird Superfood Inc.,0.00,0.00,0.00,0.00,0.00,0.00,0.00
SCLX,Scilex Holding Co,0.00,0.00,0.00,0.00,0.00,0.00,0.00
CEV,EATON VANCE CALIFORNIA MUNICIPAL INCOME TRUST,0.00,0.00,0.00,0.00,0.00,0.00,0.00
INO,INOVIO PHARMACEUTICALS INC.,0.00,0.00,0.00,0.00,0.00,0.00,0.00
DWNX,DELHI BANK CORP,0.00,0.00,0.00,0.00,0.00,0.00,0.00
FAAS,DIGIASIA CORP.,0.00,0.00,0.00,0.00,0.00,0.00,0.00
CBUS,Cibus Inc.,0.00,0.00,0.00,0.00,0.00,0.00,0.00
STI,Solidion Technology Inc.,0.00,0.00,0.00,0.00,0.00,0.00,0.00
GALT,GALECTIN THERAPEUTICS INC,0.00,0.00,0.00,0.00,0.00,0.00,0.00
KANP,KAANAPALI LAND LLC,0.00,0.00,0.00,0.00,0.00,0.00,0.00
GGROU,Golden Growers Cooperative,0.00,0.00,0.00,0.00,0.00,0.00,0.00
CTMX,CytomX Therapeutics Inc.,0.00,0.00,0.00,0.00,0.00,0.00,0.00
MSCLF,Satellos Bioscience Inc.,0.00,0.00,0.00,0.00,0.00,0.00,0.00
UNCY,Unicycive Therapeutics Inc.,0.00,0.00,0.00,0.00,0.00,0.00,0.00
USIO,Usio Inc.,0.00,0.00,0.00,0.00,0.00,0.00,0.00
OSS,ONE STOP SYSTEMS INC.,0.00,0.00,0.00,0.00,0.00,0.00,0.00
XTNT,Xtant Medical Holdings Inc.,0.00,0.00,0.00,0.00,0.00,0.00,0.00
HYPR,Hyperfine Inc.,0.00,0.00,0.00,0.00,0.00,0.00,0.00
GLXZ,Galaxy Gaming Inc.,0.00,0.00,0.00,0.00,0.00,0.00,0.00
ICCH,ICC Holdings Inc.,0.00,0.00,0.00,0.00,0.00,0.00,0.00
FMBM,F&M BANK CORP,0.00,0.00,0.00,0.00,0.00,0.00,0.00
VNJA,VANJIA CORP,0.00,0.00,0.00,0.00,0.00,0.00,0.00
VGZ,VISTA GOLD CORP,0.00,0.00,0.00,0.00,0.00,0.00,0.00
FDSB,Fifth District Bancorp Inc.,0.00,0.00,0.00,0.00,0.00,0.00,0.00
NVAC,NorthView Acquisition Corp,0.00,0.00,0.00,0.00,0.00,0.00,0.00
FBLG,FibroBiologics Inc.,0.00,0.00,0.00,0.00,0.00,0.00,0.00
OAKU,Oak Woods Acquisition Corp,0.00,0.00,0.00,0.00,0.00,0.00,0.00
ANVS,Annovis Bio Inc.,0.00,0.00,0.00,0.00,0.00,0.00,0.00
SPHL,SPRINGVIEW HOLDINGS LTD,0.00,0.00,0.00,0.00,0.00,0.00,0.00
TISI,TEAM INC,0.00,0.00,0.00,0.00,0.00,0.00,0.00
GSHRF,GOLDSHORE RESOURCES INC.,0.00,0.00,0.00,0.00,0.00,0.00,0.00
BYFC,BROADWAY FINANCIAL CORP DE,0.00,0.00,0.00,0.00,0.00,0.00,0.00
NCSM,NCS Multistage Holdings Inc.,0.00,0.00,0.00,0.00,0.00,0.00,0.00
MKFG,Markforged Holding Corp,0.00,0.00,0.00,0.00,0.00,0.00,0.00
INLF,INLIF Ltd,0.00,0.00,0.00,0.00,0.00,0.00,0.00
CCG,Cheche Group Inc.,0.00,0.00,0.00,0.00,0.00,0.00,0.00
GCEH,Global Clean Energy Holdings Inc.,0.00,0.00,0.00,0.00,0.00,0.00,0.00
YTRA,Yatra Online Inc.,0.00,0.00,0.00,0.00,0.00,0.00,0.00
HAIAF,Healthcare AI Acquisition Corp.,0.00,0.00,0.00,0.00,0.00,0.00,0.00
SLBK,Skyline Bankshares Inc.,0.00,0.00,0.00,0.00,0.00,0.00,0.00
RGT,ROYCE GLOBAL TRUST INC.,0.00,0.00,0.00,0.00,0.00,0.00,0.00
SRFM,SURF AIR MOBILITY INC.,0.00,0.00,0.00,0.00,0.00,0.00,0.00
AIRRF,Aurion Resources Ltd.,0.00,0.00,0.00,0.00,0.00,0.00,0.00
KOSS,KOSS CORP,0.00,0.00,0.00,0.00,0.00,0.00,0.00
ONCY,ONCOLYTICS BIOTECH INC,0.00,0.00,0.00,0.00,0.00,0.00,0.00
ORRCF,OROCO RESOURCE CORP,0.00,0.00,0.00,0.00,0.00,0.00,0.00
GLV,Clough Global Dividend & Income Fund,0.00,0.00,0.00,0.00,0.00,0.00,0.00
VATE,INNOVATE Corp.,0.00,0.00,0.00,0.00,0.00,0.00,0.00
RMTI,ROCKWELL MEDICAL INC.,0.00,0.00,0.00,0.00,0.00,0.00,0.00
IQST,iQSTEL Inc,0.00,0.00,0.00,0.00,0.00,0.00,0.00
SNAL,Snail Inc.,0.00,0.00,0.00,0.00,0.00,0.00,0.00
TGEN,TECOGEN INC.,0.00,0.00,0.00,0.00,0.00,0.00,0.00
MDBH,MDB Capital Holdings LLC,0.00,0.00,0.00,0.00,0.00,0.00,0.00
GTI,GRAPHJET TECHNOLOGY,0.00,0.00,0.00,0.00,0.00,0.00,0.00
RFL,Rafael Holdings Inc.,0.00,0.00,0.00,0.00,0.00,0.00,0.00
PRE,Prenetics Global Ltd,0.00,0.00,0.00,0.00,0.00,0.00,0.00
NVA,Nova Minerals Ltd,0.00,0.00,0.00,0.00,0.00,0.00,0.00
GWH,ESS Tech Inc.,0.00,0.00,0.00,0.00,0.00,0.00,0.00
PGZ,Principal Real Estate Income Fund,0.00,0.00,0.00,0.00,0.00,0.00,0.00
ELTX,Elicio Therapeutics Inc.,0.00,0.00,0.00,0.00,0.00,0.00,0.00
IAE,Voya Asia Pacific High Dividend Equity Income Fund,0.00,0.00,0.00,0.00,0.00,0.00,0.00
SLS,SELLAS Life Sciences Group Inc.,0.00,0.00,0.00,0.00,0.00,0.00,0.00
WPRT,WESTPORT FUEL SYSTEMS INC.,0.00,0.00,0.00,0.00,0.00,0.00,0.00
OPAD,Offerpad Solutions Inc.,0.00,0.00,0.00,0.00,0.00,0.00,0.00
HPH,Highest Performances Holdings Inc.,0.00,0.00,0.00,0.00,0.00,0.00,0.00
BYSI,BeyondSpring Inc.,0.00,0.00,0.00,0.00,0.00,0.00,0.00
NB,NIOCORP DEVELOPMENTS LTD,0.00,0.00,0.00,0.00,0.00,0.00,0.00
LONCF,Loncor Gold Inc.,0.00,0.00,0.00,0.00,0.00,0.00,0.00
IMRX,Immuneering Corp,0.00,0.00,0.00,0.00,0.00,0.00,0.00
GSVRF,GUANAJUATO SILVER CO LTD,0.00,0.00,0.00,0.00,0.00,0.00,0.00
CPTP,CAPITAL PROPERTIES INC /RI/,0.00,0.00,0.00,0.00,0.00,0.00,0.00
FNGR,FingerMotion Inc.,0.00,0.00,0.00,0.00,0.00,0.00,0.00
PYYX,PYXUS INTERNATIONAL INC.,0.00,0.00,0.00,0.00,0.00,0.00,0.00
ANEB,Anebulo Pharmaceuticals Inc.,0.00,0.00,0.00,0.00,0.00,0.00,0.00
CXH,MFS INVESTMENT GRADE MUNICIPAL TRUST,0.00,0.00,0.00,0.00,0.00,0.00,0.00
LRFC,Logan Ridge Finance Corp.,0.00,0.00,0.00,0.00,0.00,0.00,0.00
SUUN,SolarBank Corp,0.00,0.00,0.00,0.00,0.00,0.00,0.00
FMFG,Farmers & Merchants Bancshares Inc.,0.00,0.00,0.00,0.00,0.00,0.00,0.00
PORT,Southport Acquisition Corp,0.00,0.00,0.00,0.00,0.00,0.00,0.00
GBIO,Generation Bio Co.,0.00,0.00,0.00,0.00,0.00,0.00,0.00
VNRX,VOLITIONRX LTD,0.00,0.00,0.00,0.00,0.00,0.00,0.00
QSEP,QS Energy Inc.,0.00,0.00,0.00,0.00,0.00,0.00,0.00
MURA,Mural Oncology plc,0.00,0.00,0.00,0.00,0.00,0.00,0.00
MATH,Metalpha Technology Holding Ltd,0.00,0.00,0.00,0.00,0.00,0.00,0.00
HANNF,Hannan Metals Ltd.,0.00,0.00,0.00,0.00,0.00,0.00,0.00
WFCF,Where Food Comes From Inc.,0.00,0.00,0.00,0.00,0.00,0.00,0.00
AUID,authID Inc.,0.00,0.00,0.00,0.00,0.00,0.00,0.00
WOK,WORK Medical Technology Group LTD,0.00,0.00,0.00,0.00,0.00,0.00,0.00
RCON,Recon Technology Ltd,0.00,0.00,0.00,0.00,0.00,0.00,0.00
NEUP,Neuphoria Therapeutics Inc.,0.00,0.00,0.00,0.00,0.00,0.00,0.00
JUVF,JUNIATA VALLEY FINANCIAL CORP,0.00,0.00,0.00,0.00,0.00,0.00,0.00
FGEN,FIBROGEN INC,0.00,0.00,0.00,0.00,0.00,0.00,0.00
XTGRF,XTRA-GOLD RESOURCES CORP,0.00,0.00,0.00,0.00,0.00,0.00,0.00
RGC,Regencell Bioscience Holdings Ltd,0.00,0.00,0.00,0.00,0.00,0.00,0.00
FTCI,FTC Solar Inc.,0.00,0.00,0.00,0.00,0.00,0.00,0.00
ASCBF,ASPAC II Acquisition Corp.,0.00,0.00,0.00,0.00,0.00,0.00,0.00
DTC,Solo Brands Inc.,0.00,0.00,0.00,0.00,0.00,0.00,0.00
SMXT,SolarMax Technology Inc.,0.00,0.00,0.00,0.00,0.00,0.00,0.00
LOAN,MANHATTAN BRIDGE CAPITAL INC,0.00,0.00,0.00,0.00,0.00,0.00,0.00
FNVTF,Finnovate Acquisition Corp.,0.00,0.00,0.00,0.00,0.00,0.00,0.00
SOTK,SONO TEK CORP,0.00,0.00,0.00,0.00,0.00,0.00,0.00
APT,ALPHA PRO TECH LTD,0.00,0.00,0.00,0.00,0.00,0.00,0.00
FORA,Forian Inc.,0.00,0.00,0.00,0.00,0.00,0.00,0.00
LINK,INTERLINK ELECTRONICS INC,0.00,0.00,0.00,0.00,0.00,0.00,0.00
HLEO,Helio Corp /FL/,0.00,0.00,0.00,0.00,0.00,0.00,0.00
CLOE,Clover Leaf Capital Corp.,0.00,0.00,0.00,0.00,0.00,0.00,0.00
OPI,OFFICE PROPERTIES INCOME TRUST,0.00,0.00,0.00,0.00,0.00,0.00,0.00
SSHT,SSHT S&T Group Ltd.,0.00,0.00,0.00,0.00,0.00,0.00,0.00
NEUE,NeueHealth Inc.,0.00,0.00,0.00,0.00,0.00,0.00,0.00
AOGO,Arogo Capital Acquisition Corp.,0.00,0.00,0.00,0.00,0.00,0.00,0.00
AREN,Arena Group Holdings Inc.,0.00,0.00,0.00,0.00,0.00,0.00,0.00
PRTS,CarParts.com Inc.,0.00,0.00,0.00,0.00,0.00,0.00,0.00
NVNI,Nvni Group Ltd,0.00,0.00,0.00,0.00,0.00,0.00,0.00
CRT,CROSS TIMBERS ROYALTY TRUST,0.00,0.00,0.00,0.00,0.00,0.00,0.00
IPWR,Ideal Power Inc.,0.00,0.00,0.00,0.00,0.00,0.00,0.00
MIMI,Mint Inc Ltd,0.00,0.00,0.00,0.00,0.00,0.00,0.00
APYX,Apyx Medical Corp,0.00,0.00,0.00,0.00,0.00,0.00,0.00
GANX,Gain Therapeutics Inc.,0.00,0.00,0.00,0.00,0.00,0.00,0.00
GBBK,Global Blockchain Acquisition Corp.,0.00,0.00,0.00,0.00,0.00,0.00,0.00
VRCA,Verrica Pharmaceuticals Inc.,0.00,0.00,0.00,0.00,0.00,0.00,0.00
FGB,FIRST TRUST SPECIALTY FINANCE & FINANCIAL OPPORTUNITIES FUND,0.00,0.00,0.00,0.00,0.00,0.00,0.00
BMR,Beamr Imaging Ltd.,0.00,0.00,0.00,0.00,0.00,0.00,0.00
CNTB,Connect Biopharma Holdings Ltd,0.00,0.00,0.00,0.00,0.00,0.00,0.00
CCEL,CRYO CELL INTERNATIONAL INC,0.00,0.00,0.00,0.00,0.00,0.00,0.00
BGSF,BGSF INC.,0.00,0.00,0.00,0.00,0.00,0.00,0.00
NSTS,NSTS Bancorp Inc.,0.00,0.00,0.00,0.00,0.00,0.00,0.00
IMMX,Immix Biopharma Inc.,0.00,0.00,0.00,0.00,0.00,0.00,0.00
BMTX,BM Technologies Inc.,0.00,0.00,0.00,0.00,0.00,0.00,0.00
HOWL,Werewolf Therapeutics Inc.,0.00,0.00,0.00,0.00,0.00,0.00,0.00
LBGJ,Li Bang International Corp Inc.,0.00,0.00,0.00,0.00,0.00,0.00,0.00
WAI,Top KingWin Ltd,0.00,0.00,0.00,0.00,0.00,0.00,0.00
TORO,TORO CORP.,0.00,0.00,0.00,0.00,0.00,0.00,0.00
MAQC,Maquia Capital Acquisition Corp,0.00,0.00,0.00,0.00,0.00,0.00,0.00
CIIT,Tianci International Inc.,0.00,0.00,0.00,0.00,0.00,0.00,0.00
SUP,SUPERIOR INDUSTRIES INTERNATIONAL INC,0.00,0.00,0.00,0.00,0.00,0.00,0.00
BRAC,Broad Capital Acquisition Corp,0.00,0.00,0.00,0.00,0.00,0.00,0.00
ISPO,Inspirato Inc,0.00,0.00,0.00,0.00,0.00,0.00,0.00
FURY,FURY GOLD MINES LTD,0.00,0.00,0.00,0.00,0.00,0.00,0.00
OVID,Ovid Therapeutics Inc.,0.00,0.00,0.00,0.00,0.00,0.00,0.00
CBKM,CONSUMERS BANCORP INC /OH/,0.00,0.00,0.00,0.00,0.00,0.00,0.00
RSF,RiverNorth Capital & Income Fund Inc.,0.00,0.00,0.00,0.00,0.00,0.00,0.00
LSB,LakeShore Biopharma Co. Ltd.,0.00,0.00,0.00,0.00,0.00,0.00,0.00
BAYA,Bayview Acquisition Corp,0.00,0.00,0.00,0.00,0.00,0.00,0.00
FKWL,FRANKLIN WIRELESS CORP,0.00,0.00,0.00,0.00,0.00,0.00,0.00
PNF,PIMCO NEW YORK MUNICIPAL INCOME FUND,0.00,0.00,0.00,0.00,0.00,0.00,0.00
PODC,PodcastOne Inc.,0.00,0.00,0.00,0.00,0.00,0.00,0.00
AVNI,ARVANA INC,0.00,0.00,0.00,0.00,0.00,0.00,0.00
PRLD,Prelude Therapeutics Inc,0.00,0.00,0.00,0.00,0.00,0.00,0.00
KRON,Kronos Bio Inc.,0.00,0.00,0.00,0.00,0.00,0.00,0.00
LOMLF,Lion One Metals Ltd.,0.00,0.00,0.00,0.00,0.00,0.00,0.00
BOTJ,BANK OF THE JAMES FINANCIAL GROUP INC,0.00,0.00,0.00,0.00,0.00,0.00,0.00
REFR,RESEARCH FRONTIERS INC,0.00,0.00,0.00,0.00,0.00,0.00,0.00
LOOP,Loop Industries Inc.,0.00,0.00,0.00,0.00,0.00,0.00,0.00
JUSHF,Jushi Holdings Inc.,0.00,0.00,0.00,0.00,0.00,0.00,0.00
RAND,RAND CAPITAL CORP,0.00,0.00,0.00,0.00,0.00,0.00,0.00
SELF,Global Self Storage Inc.,0.00,0.00,0.00,0.00,0.00,0.00,0.00
RPTX,Repare Therapeutics Inc.,0.00,0.00,0.00,0.00,0.00,0.00,0.00
BEAT,HeartBeam Inc.,0.00,0.00,0.00,0.00,0.00,0.00,0.00
ESGL,ESGL Holdings Ltd,0.00,0.00,0.00,0.00,0.00,0.00,0.00
STCB,Starco Brands Inc.,0.00,0.00,0.00,0.00,0.00,0.00,0.00
OTLK,Outlook Therapeutics Inc.,0.00,0.00,0.00,0.00,0.00,0.00,0.00
UWHR,UWHARRIE CAPITAL CORP,0.00,0.00,0.00,0.00,0.00,0.00,0.00
CNVS,Cineverse Corp.,0.00,0.00,0.00,0.00,0.00,0.00,0.00
NVNO,enVVeno Medical Corp,0.00,0.00,0.00,0.00,0.00,0.00,0.00
JMM,Nuveen Multi-Market Income Fund,0.00,0.00,0.00,0.00,0.00,0.00,0.00
NRXP,NRX Pharmaceuticals Inc.,0.00,0.00,0.00,0.00,0.00,0.00,0.00
UCL,uCloudlink Group Inc.,0.00,0.00,0.00,0.00,0.00,0.00,0.00
STTK,Shattuck Labs Inc.,0.00,0.00,0.00,0.00,0.00,0.00,0.00
GROV,Grove Collaborative Holdings Inc.,0.00,0.00,0.00,0.00,0.00,0.00,0.00
RDGL,VIVOS INC,0.00,0.00,0.00,0.00,0.00,0.00,0.00
FBIO,Fortress Biotech Inc.,0.00,0.00,0.00,0.00,0.00,0.00,0.00
ANLDF,ANFIELD ENERGY INC.,0.00,0.00,0.00,0.00,0.00,0.00,0.00
CLIR,ClearSign Technologies Corp,0.00,0.00,0.00,0.00,0.00,0.00,0.00
CPBI,Central Plains Bancshares Inc.,0.00,0.00,0.00,0.00,0.00,0.00,0.00
SELX,Semilux International Ltd.,0.00,0.00,0.00,0.00,0.00,0.00,0.00
CCTSF,Cactus Acquisition Corp. 1 Ltd,0.00,0.00,0.00,0.00,0.00,0.00,0.00
IOBT,IO Biotech Inc.,0.00,0.00,0.00,0.00,0.00,0.00,0.00
ELPW,Elong Power Holding Ltd.,0.00,0.00,0.00,0.00,0.00,0.00,0.00
YYGH,YY Group Holding Ltd.,0.00,0.00,0.00,0.00,0.00,0.00,0.00
TYGO,TIGO ENERGY INC.,0.00,0.00,0.00,0.00,0.00,0.00,0.00
SEOVF,SERNOVA CORP.,0.00,0.00,0.00,0.00,0.00,0.00,0.00
CVU,CPI AEROSTRUCTURES INC,0.00,0.00,0.00,0.00,0.00,0.00,0.00
XGN,EXAGEN INC.,0.00,0.00,0.00,0.00,0.00,0.00,0.00
SPRU,SPRUCE POWER HOLDING CORP,0.00,0.00,0.00,0.00,0.00,0.00,0.00
RTC,Baijiayun Group Ltd,0.00,0.00,0.00,0.00,0.00,0.00,0.00
SDIG,Stronghold Digital Mining Inc.,0.00,0.00,0.00,0.00,0.00,0.00,0.00
MAIA,MAIA Biotechnology Inc.,0.00,0.00,0.00,0.00,0.00,0.00,0.00
BUJA,Bukit Jalil Global Acquisition 1 Ltd.,0.00,0.00,0.00,0.00,0.00,0.00,0.00
MIND,MIND TECHNOLOGY INC,0.00,0.00,0.00,0.00,0.00,0.00,0.00
AGFY,Agrify Corp,0.00,0.00,0.00,0.00,0.00,0.00,0.00
UMEWF,UMeWorld Ltd,0.00,0.00,0.00,0.00,0.00,0.00,0.00
RGS,REGIS CORP,0.00,0.00,0.00,0.00,0.00,0.00,0.00
GTMAY,GRUPO TMM SAB,0.00,0.00,0.00,0.00,0.00,0.00,0.00
MESA,MESA AIR GROUP INC,0.00,0.00,0.00,0.00,0.00,0.00,0.00
EEA,EUROPEAN EQUITY FUND INC / MD,0.00,0.00,0.00,0.00,0.00,0.00,0.00
IVVD,Invivyd Inc.,0.00,0.00,0.00,0.00,0.00,0.00,0.00
BCOW,1895 Bancorp of Wisconsin Inc. /MD/,0.00,0.00,0.00,0.00,0.00,0.00,0.00
INLX,INTELLINETICS INC.,0.00,0.00,0.00,0.00,0.00,0.00,0.00
WAVE,Eco Wave Power Global AB (publ),0.00,0.00,0.00,0.00,0.00,0.00,0.00
UONE,URBAN ONE INC.,0.00,0.00,0.00,0.00,0.00,0.00,0.00
AIRT,AIR T INC,0.00,0.00,0.00,0.00,0.00,0.00,0.00
OPTN,OptiNose Inc.,0.00,0.00,0.00,0.00,0.00,0.00,0.00
SACH,Sachem Capital Corp.,0.00,0.00,0.00,0.00,0.00,0.00,0.00
HCIL,Hongchang International Co. Ltd,0.00,0.00,0.00,0.00,0.00,0.00,0.00
BIRD,Allbirds Inc.,0.00,0.00,0.00,0.00,0.00,0.00,0.00
BOLD,Boundless Bio Inc.,0.00,0.00,0.00,0.00,0.00,0.00,0.00
TOP,TOP Financial Group Ltd,0.00,0.00,0.00,0.00,0.00,0.00,0.00
MOBQ,Mobiquity Technologies Inc.,0.00,0.00,0.00,0.00,0.00,0.00,0.00
BEST,BEST Inc.,0.00,0.00,0.00,0.00,0.00,0.00,0.00
USEG,US ENERGY CORP,0.00,0.00,0.00,0.00,0.00,0.00,0.00
CLRC,ClimateRock,0.00,0.00,0.00,0.00,0.00,0.00,0.00
SAVEQ,Spirit Airlines Inc.,0.00,0.00,0.00,0.00,0.00,0.00,0.00
SPRO,Spero Therapeutics Inc.,0.00,0.00,0.00,0.00,0.00,0.00,0.00
BAFN,BayFirst Financial Corp.,0.00,0.00,0.00,0.00,0.00,0.00,0.00
PITA,Heramba Electric plc,0.00,0.00,0.00,0.00,0.00,0.00,0.00
LEVGQ,Lion Electric Co,0.00,0.00,0.00,0.00,0.00,0.00,0.00
AIXI,Xiao-I Corp,0.00,0.00,0.00,0.00,0.00,0.00,0.00
LITM,Snow Lake Resources Ltd.,0.00,0.00,0.00,0.00,0.00,0.00,0.00
WHEN,WORLD HEALTH ENERGY HOLDINGS INC.,0.00,0.00,0.00,0.00,0.00,0.00,0.00
EMCG,Embrace Change Acquisition Corp.,0.00,0.00,0.00,0.00,0.00,0.00,0.00
MODD,Modular Medical Inc.,0.00,0.00,0.00,0.00,0.00,0.00,0.00
NHTC,NATURAL HEALTH TRENDS CORP,0.00,0.00,0.00,0.00,0.00,0.00,0.00
RFAC,RF Acquisition Corp.,0.00,0.00,0.00,0.00,0.00,0.00,0.00
NINE,Nine Energy Service Inc.,0.00,0.00,0.00,0.00,0.00,0.00,0.00
BHM,Bluerock Homes Trust Inc.,0.00,0.00,0.00,0.00,0.00,0.00,0.00
GEG,Great Elm Group Inc.,0.00,0.00,0.00,0.00,0.00,0.00,0.00
PDSB,PDS Biotechnology Corp,0.00,0.00,0.00,0.00,0.00,0.00,0.00
HRBR,HARBOR DIVERSIFIED INC.,0.00,0.00,0.00,0.00,0.00,0.00,0.00
NUVR,Nuvera Communications Inc.,0.00,0.00,0.00,0.00,0.00,0.00,0.00
AYRWF,Ayr Wellness Inc.,0.00,0.00,0.00,0.00,0.00,0.00,0.00
VNCE,VINCE HOLDING CORP.,0.00,0.00,0.00,0.00,0.00,0.00,0.00
BCHT,Birchtech Corp.,0.00,0.00,0.00,0.00,0.00,0.00,0.00
SWVL,Swvl Holdings Corp,0.00,0.00,0.00,0.00,0.00,0.00,0.00
ANGH,Anghami Inc,0.00,0.00,0.00,0.00,0.00,0.00,0.00
FTII,FutureTech II Acquisition Corp.,0.00,0.00,0.00,0.00,0.00,0.00,0.00
CTSO,Cytosorbents Corp,0.00,0.00,0.00,0.00,0.00,0.00,0.00
KSCP,Knightscope Inc.,0.00,0.00,0.00,0.00,0.00,0.00,0.00
MDIA,Mediaco Holding Inc.,0.00,0.00,0.00,0.00,0.00,0.00,0.00
HYMC,HYCROFT MINING HOLDING CORP,0.00,0.00,0.00,0.00,0.00,0.00,0.00
BEDU,Bright Scholar Education Holdings Ltd,0.00,0.00,0.00,0.00,0.00,0.00,0.00
VYNE,VYNE Therapeutics Inc.,0.00,0.00,0.00,0.00,0.00,0.00,0.00
TNXP,Tonix Pharmaceuticals Holding Corp.,0.00,0.00,0.00,0.00,0.00,0.00,0.00
WWR,WESTWATER RESOURCES INC.,0.00,0.00,0.00,0.00,0.00,0.00,0.00
AREC,American Resources Corp,0.00,0.00,0.00,0.00,0.00,0.00,0.00
MSAI,MultiSensor AI Holdings Inc.,0.00,0.00,0.00,0.00,0.00,0.00,0.00
IDN,Intellicheck Inc.,0.00,0.00,0.00,0.00,0.00,0.00,0.00
SPAI,Safe Pro Group Inc.,0.00,0.00,0.00,0.00,0.00,0.00,0.00
GODN,Golden Star Acquisition Corp,0.00,0.00,0.00,0.00,0.00,0.00,0.00
ALVR,Allovir Inc.,0.00,0.00,0.00,0.00,0.00,0.00,0.00
FLNT,Fluent Inc.,0.00,0.00,0.00,0.00,0.00,0.00,0.00
MPU,Mega Matrix Inc,0.00,0.00,0.00,0.00,0.00,0.00,0.00
GGAAF,NeuroMind AI Corp.,0.00,0.00,0.00,0.00,0.00,0.00,0.00
LATG,Chenghe Acquisition I Co.,0.00,0.00,0.00,0.00,0.00,0.00,0.00
ARKR,ARK RESTAURANTS CORP,0.00,0.00,0.00,0.00,0.00,0.00,0.00
AHT,ASHFORD HOSPITALITY TRUST INC,0.00,0.00,0.00,0.00,0.00,0.00,0.00
SYHBF,SKYHARBOUR RESOURCES LTD,0.00,0.00,0.00,0.00,0.00,0.00,0.00
BTTC,Bitech Technologies Corp,0.00,0.00,0.00,0.00,0.00,0.00,0.00
CLST,Catalyst Bancorp Inc.,0.00,0.00,0.00,0.00,0.00,0.00,0.00
GEDC,CalEthos Inc.,0.00,0.00,0.00,0.00,0.00,0.00,0.00
ACHL,Achilles Therapeutics plc,0.00,0.00,0.00,0.00,0.00,0.00,0.00
ALCY,Alchemy Investments Acquisition Corp 1,0.00,0.00,0.00,0.00,0.00,0.00,0.00
NTZ,NATUZZI S P A,0.00,0.00,0.00,0.00,0.00,0.00,0.00
DYAI,DYADIC INTERNATIONAL INC,0.00,0.00,0.00,0.00,0.00,0.00,0.00
XLO,Xilio Therapeutics Inc.,0.00,0.00,0.00,0.00,0.00,0.00,0.00
OMIC,Singular Genomics Systems Inc.,0.00,0.00,0.00,0.00,0.00,0.00,0.00
DHAI,DIH HOLDING US INC.,0.00,0.00,0.00,0.00,0.00,0.00,0.00
LICY,Li-Cycle Holdings Corp.,0.00,0.00,0.00,0.00,0.00,0.00,0.00
BEEM,Beam Global,0.00,0.00,0.00,0.00,0.00,0.00,0.00
XPL,SOLITARIO RESOURCES CORP.,0.00,0.00,0.00,0.00,0.00,0.00,0.00
DGHI,Digihost Technology Inc.,0.00,0.00,0.00,0.00,0.00,0.00,0.00
INTZ,INTRUSION INC,0.00,0.00,0.00,0.00,0.00,0.00,0.00
MPIR,Empire Diversified Energy Inc,0.00,0.00,0.00,0.00,0.00,0.00,0.00
ICAD,ICAD INC,0.00,0.00,0.00,0.00,0.00,0.00,0.00
SYPR,SYPRIS SOLUTIONS INC,0.00,0.00,0.00,0.00,0.00,0.00,0.00
LUCD,Lucid Diagnostics Inc.,0.00,0.00,0.00,0.00,0.00,0.00,0.00
OM,Outset Medical Inc.,0.00,0.00,0.00,0.00,0.00,0.00,0.00
FMY,FIRST TRUST MORTGAGE INCOME FUND,0.00,0.00,0.00,0.00,0.00,0.00,0.00
CCLD,CareCloud Inc.,0.00,0.00,0.00,0.00,0.00,0.00,0.00
PVL,Permianville Royalty Trust,0.00,0.00,0.00,0.00,0.00,0.00,0.00
SHLT,SHL TELEMEDICINE LTD,0.00,0.00,0.00,0.00,0.00,0.00,0.00
MOBX,MOBIX LABS INC,0.00,0.00,0.00,0.00,0.00,0.00,0.00
CLGN,CollPlant Biotechnologies Ltd,0.00,0.00,0.00,0.00,0.00,0.00,0.00
GLST,Global Star Acquisition Inc.,0.00,0.00,0.00,0.00,0.00,0.00,0.00
CELU,Celularity Inc,0.00,0.00,0.00,0.00,0.00,0.00,0.00
PVCT,PROVECTUS BIOPHARMACEUTICALS INC.,0.00,0.00,0.00,0.00,0.00,0.00,0.00
PRT,PermRock Royalty Trust,0.00,0.00,0.00,0.00,0.00,0.00,0.00
TCBS,Texas Community Bancshares Inc.,0.00,0.00,0.00,0.00,0.00,0.00,0.00
KZR,Kezar Life Sciences Inc.,0.00,0.00,0.00,0.00,0.00,0.00,0.00
JANL,JANEL CORP,0.00,0.00,0.00,0.00,0.00,0.00,0.00
UG,UNITED GUARDIAN INC,0.00,0.00,0.00,0.00,0.00,0.00,0.00
FSI,FLEXIBLE SOLUTIONS INTERNATIONAL INC,0.00,0.00,0.00,0.00,0.00,0.00,0.00
NCEW,New Century Logistics (BVI) Ltd,0.00,0.00,0.00,0.00,0.00,0.00,0.00
ACFN,ACORN ENERGY INC.,0.00,0.00,0.00,0.00,0.00,0.00,0.00
AP,AMPCO PITTSBURGH CORP,0.00,0.00,0.00,0.00,0.00,0.00,0.00
ZBAO,Zhibao Technology Inc.,0.00,0.00,0.00,0.00,0.00,0.00,0.00
AKOM,Aerkomm Inc.,0.00,0.00,0.00,0.00,0.00,0.00,0.00
DUOT,DUOS TECHNOLOGIES GROUP INC.,0.00,0.00,0.00,0.00,0.00,0.00,0.00
FCUV,FOCUS UNIVERSAL INC.,0.00,0.00,0.00,0.00,0.00,0.00,0.00
NTRB,NutriBand Inc.,0.00,0.00,0.00,0.00,0.00,0.00,0.00
STAI,ScanTech AI Systems Inc.,0.00,0.00,0.00,0.00,0.00,0.00,0.00
AMPG,AmpliTech Group Inc.,0.00,0.00,0.00,0.00,0.00,0.00,0.00
BDL,FLANIGANS ENTERPRISES INC,0.00,0.00,0.00,0.00,0.00,0.00,0.00
NRT,NORTH EUROPEAN OIL ROYALTY TRUST,0.00,0.00,0.00,0.00,0.00,0.00,0.00
SCYX,SCYNEXIS INC,0.00,0.00,0.00,0.00,0.00,0.00,0.00
RAPT,RAPT Therapeutics Inc.,0.00,0.00,0.00,0.00,0.00,0.00,0.00
CDIX,Cardiff Lexington Corp,0.00,0.00,0.00,0.00,0.00,0.00,0.00
ITRM,Iterum Therapeutics plc,0.00,0.00,0.00,0.00,0.00,0.00,0.00
CRWS,CROWN CRAFTS INC,0.00,0.00,0.00,0.00,0.00,0.00,0.00
FPAY,FlexShopper Inc.,0.00,0.00,0.00,0.00,0.00,0.00,0.00
VIVK,Vivakor Inc.,0.00,0.00,0.00,0.00,0.00,0.00,0.00
ICCC,IMMUCELL CORP /DE/,0.00,0.00,0.00,0.00,0.00,0.00,0.00
BLAC,Bellevue Life Sciences Acquisition Corp.,0.00,0.00,0.00,0.00,0.00,0.00,0.00
WELNF,Integrated Wellness Acquisition Corp,0.00,0.00,0.00,0.00,0.00,0.00,0.00
NEHC,NEW ERA HELIUM INC.,0.00,0.00,0.00,0.00,0.00,0.00,0.00
HRGN,Harvard Apparatus Regenerative Technology Inc.,0.00,0.00,0.00,0.00,0.00,0.00,0.00
OPHC,OptimumBank Holdings Inc.,0.00,0.00,0.00,0.00,0.00,0.00,0.00
MNY,MoneyHero Ltd,0.00,0.00,0.00,0.00,0.00,0.00,0.00
FSEA,First Seacoast Bancorp Inc.,0.00,0.00,0.00,0.00,0.00,0.00,0.00
MRMD,MARIMED INC.,0.00,0.00,0.00,0.00,0.00,0.00,0.00
MDAI,Spectral AI Inc.,0.00,0.00,0.00,0.00,0.00,0.00,0.00
CFSB,CFSB Bancorp Inc. /MA/,0.00,0.00,0.00,0.00,0.00,0.00,0.00
ZCMD,Zhongchao Inc.,0.00,0.00,0.00,0.00,0.00,0.00,0.00
LGCL,Lucas GC Ltd,0.00,0.00,0.00,0.00,0.00,0.00,0.00
FORL,Four Leaf Acquisition Corp,0.00,0.00,0.00,0.00,0.00,0.00,0.00
NXN,NUVEEN NEW YORK SELECT TAX -FREE INCOME PORTFOLIO,0.00,0.00,0.00,0.00,0.00,0.00,0.00
IGTA,Inception Growth Acquisition Ltd,0.00,0.00,0.00,0.00,0.00,0.00,0.00
LVLU,Lulu's Fashion Lounge Holdings Inc.,0.00,0.00,0.00,0.00,0.00,0.00,0.00
HOLO,MicroCloud Hologram Inc.,0.00,0.00,0.00,0.00,0.00,0.00,0.00
IRD,Opus Genetics Inc.,0.00,0.00,0.00,0.00,0.00,0.00,0.00
JUNE,Junee Ltd,0.00,0.00,0.00,0.00,0.00,0.00,0.00
SGRP,SPAR Group Inc.,0.00,0.00,0.00,0.00,0.00,0.00,0.00
PPSI,PIONEER POWER SOLUTIONS INC.,0.00,0.00,0.00,0.00,0.00,0.00,0.00
SER,Serina Therapeutics Inc.,0.00,0.00,0.00,0.00,0.00,0.00,0.00
OPXS,Optex Systems Holdings Inc,0.00,0.00,0.00,0.00,0.00,0.00,0.00
INDO,Indonesia Energy Corp Ltd,0.00,0.00,0.00,0.00,0.00,0.00,0.00
LEAT,Leatt Corp,0.00,0.00,0.00,0.00,0.00,0.00,0.00
SYT,SYLA Technologies Co. Ltd.,0.00,0.00,0.00,0.00,0.00,0.00,0.00
BDCO,BLUE DOLPHIN ENERGY CO,0.00,0.00,0.00,0.00,0.00,0.00,0.00
ETST,Earth Science Tech Inc.,0.00,0.00,0.00,0.00,0.00,0.00,0.00
KTCC,KEY TRONIC CORP,0.00,0.00,0.00,0.00,0.00,0.00,0.00
RPID,RAPID MICRO BIOSYSTEMS INC.,0.00,0.00,0.00,0.00,0.00,0.00,0.00
ESHA,ESH Acquisition Corp.,0.00,0.00,0.00,0.00,0.00,0.00,0.00
TACT,TRANSACT TECHNOLOGIES INC,0.00,0.00,0.00,0.00,0.00,0.00,0.00
ATMV,AlphaVest Acquisition Corp.,0.00,0.00,0.00,0.00,0.00,0.00,0.00
GLLI,GLOBALINK INVESTMENT INC.,0.00,0.00,0.00,0.00,0.00,0.00,0.00
UNXP,United Express Inc.,0.00,0.00,0.00,0.00,0.00,0.00,0.00
GRCE,Grace Therapeutics Inc.,0.00,0.00,0.00,0.00,0.00,0.00,0.00
ZEPP,Zepp Health Corp,0.00,0.00,0.00,0.00,0.00,0.00,0.00
ICMB,Investcorp Credit Management BDC Inc.,0.00,0.00,0.00,0.00,0.00,0.00,0.00
PRMLF,Premium Resources Ltd.,0.00,0.00,0.00,0.00,0.00,0.00,0.00
YCQH,YCQH Agricultural Technology Co. Ltd,0.00,0.00,0.00,0.00,0.00,0.00,0.00
PXS,Pyxis Tankers Inc.,0.00,0.00,0.00,0.00,0.00,0.00,0.00
ASRV,AMERISERV FINANCIAL INC /PA/,0.00,0.00,0.00,0.00,0.00,0.00,0.00
YI,111 Inc.,0.00,0.00,0.00,0.00,0.00,0.00,0.00
DTIL,PRECISION BIOSCIENCES INC,0.00,0.00,0.00,0.00,0.00,0.00,0.00
MLAC,Mountain Lake Acquisition Corp.,0.00,0.00,0.00,0.00,0.00,0.00,0.00
BTCS,BTCS Inc.,0.00,0.00,0.00,0.00,0.00,0.00,0.00
SSVFF,SOUTHERN SILVER EXPLORATION CORP,0.00,0.00,0.00,0.00,0.00,0.00,0.00
ESLA,Estrella Immunopharma Inc.,0.00,0.00,0.00,0.00,0.00,0.00,0.00
BCG,Binah Capital Group Inc.,0.00,0.00,0.00,0.00,0.00,0.00,0.00
OMCC,OLD MARKET CAPITAL Corp,0.00,0.00,0.00,0.00,0.00,0.00,0.00
INVU,Investview Inc.,0.00,0.00,0.00,0.00,0.00,0.00,0.00
BRZH,Breeze Holdings Acquisition Corp.,0.00,0.00,0.00,0.00,0.00,0.00,0.00
VRAR,Glimpse Group Inc.,0.00,0.00,0.00,0.00,0.00,0.00,0.00
WSTRF,Western Uranium & Vanadium Corp.,0.00,0.00,0.00,0.00,0.00,0.00,0.00
BODI,Beachbody Company Inc.,0.00,0.00,0.00,0.00,0.00,0.00,0.00
PXLW,PIXELWORKS INC,0.00,0.00,0.00,0.00,0.00,0.00,0.00
TECTP,Tectonic Financial Inc.,0.00,0.00,0.00,0.00,0.00,0.00,0.00
BRNS,Barinthus Biotherapeutics plc.,0.00,0.00,0.00,0.00,0.00,0.00,0.00
DWSN,DAWSON GEOPHYSICAL CO,0.00,0.00,0.00,0.00,0.00,0.00,0.00
LDTC,LeddarTech Holdings Inc.,0.00,0.00,0.00,0.00,0.00,0.00,0.00
JRSH,Jerash Holdings (US) Inc.,0.00,0.00,0.00,0.00,0.00,0.00,0.00
DMYY,dMY Squared Technology Group Inc.,0.00,0.00,0.00,0.00,0.00,0.00,0.00
TPST,Tempest Therapeutics Inc.,0.00,0.00,0.00,0.00,0.00,0.00,0.00
WAVS,Western Acquisition Ventures Corp.,0.00,0.00,0.00,0.00,0.00,0.00,0.00
RNLXY,Renalytix plc,0.00,0.00,0.00,0.00,0.00,0.00,0.00
AITX,Artificial Intelligence Technology Solutions Inc.,0.00,0.00,0.00,0.00,0.00,0.00,0.00
LTRN,Lantern Pharma Inc.,0.00,0.00,0.00,0.00,0.00,0.00,0.00
BGFV,BIG 5 SPORTING GOODS Corp,0.00,0.00,0.00,0.00,0.00,0.00,0.00
ARBK,Argo Blockchain Plc,0.00,0.00,0.00,0.00,0.00,0.00,0.00
YOTA,Yotta Acquisition Corp,0.00,0.00,0.00,0.00,0.00,0.00,0.00
IZEA,IZEA Worldwide Inc.,0.00,0.00,0.00,0.00,0.00,0.00,0.00
CLNN,Clene Inc.,0.00,0.00,0.00,0.00,0.00,0.00,0.00
BWEN,BROADWIND INC.,0.00,0.00,0.00,0.00,0.00,0.00,0.00
MNDO,MIND CTI LTD,0.00,0.00,0.00,0.00,0.00,0.00,0.00
WYY,WIDEPOINT CORP,0.00,0.00,0.00,0.00,0.00,0.00,0.00
CALC,CalciMedica Inc.,0.00,0.00,0.00,0.00,0.00,0.00,0.00
ONEG,OneConstruction Group Ltd,0.00,0.00,0.00,0.00,0.00,0.00,0.00
AGAE,Allied Gaming & Entertainment Inc.,0.00,0.00,0.00,0.00,0.00,0.00,0.00
SHOT,Safety Shot Inc.,0.00,0.00,0.00,0.00,0.00,0.00,0.00
PASG,Passage BIO Inc.,0.00,0.00,0.00,0.00,0.00,0.00,0.00
CASI,CASI Pharmaceuticals Inc.,0.00,0.00,0.00,0.00,0.00,0.00,0.00
FGNV,FORGE INNOVATION DEVELOPMENT CORP.,0.00,0.00,0.00,0.00,0.00,0.00,0.00
RFIL,R F INDUSTRIES LTD,0.00,0.00,0.00,0.00,0.00,0.00,0.00
RDI,READING INTERNATIONAL INC,0.00,0.00,0.00,0.00,0.00,0.00,0.00
RIVF,Rivulet Entertainment Inc.,0.00,0.00,0.00,0.00,0.00,0.00,0.00
ATNM,Actinium Pharmaceuticals Inc.,0.00,0.00,0.00,0.00,0.00,0.00,0.00
ABLV,Able View Global Inc.,0.00,0.00,0.00,0.00,0.00,0.00,0.00
WINV,WinVest Acquisition Corp.,0.00,0.00,0.00,0.00,0.00,0.00,0.00
QTTB,Q32 Bio Inc.,0.00,0.00,0.00,0.00,0.00,0.00,0.00
DECA,Denali Capital Acquisition Corp.,0.00,0.00,0.00,0.00,0.00,0.00,0.00
CMMB,Chemomab Therapeutics Ltd.,0.00,0.00,0.00,0.00,0.00,0.00,0.00
WTMA,Welsbach Technology Metals Acquisition Corp.,0.00,0.00,0.00,0.00,0.00,0.00,0.00
FEAM,5E Advanced Materials Inc.,0.00,0.00,0.00,0.00,0.00,0.00,0.00
HSTC,HST Global Inc.,0.00,0.00,0.00,0.00,0.00,0.00,0.00
DXR,DAXOR CORP,0.00,0.00,0.00,0.00,0.00,0.00,0.00
MALG,MICROALLIANCE GROUP INC.,0.00,0.00,0.00,0.00,0.00,0.00,0.00
SCNX,Scienture Holdings Inc.,0.00,0.00,0.00,0.00,0.00,0.00,0.00
HFBL,Home Federal Bancorp Inc. of Louisiana,0.00,0.00,0.00,0.00,0.00,0.00,0.00
OMGA,Omega Therapeutics Inc.,0.00,0.00,0.00,0.00,0.00,0.00,0.00
BIVI,BIOVIE INC.,0.00,0.00,0.00,0.00,0.00,0.00,0.00
ELEV,Elevation Oncology Inc.,0.00,0.00,0.00,0.00,0.00,0.00,0.00
SIDU,Sidus Space Inc.,0.00,0.00,0.00,0.00,0.00,0.00,0.00
GDST,Goldenstone Acquisition Ltd.,0.00,0.00,0.00,0.00,0.00,0.00,0.00
UURAF,Ucore Rare Metals Inc.,0.00,0.00,0.00,0.00,0.00,0.00,0.00
HKIT,HiTek Global Inc.,0.00,0.00,0.00,0.00,0.00,0.00,0.00
MCAG,Mountain Crest Acquisition Corp. V,0.00,0.00,0.00,0.00,0.00,0.00,0.00
OKYO,OKYO Pharma Ltd,0.00,0.00,0.00,0.00,0.00,0.00,0.00
TLF,TANDY LEATHER FACTORY INC,0.00,0.00,0.00,0.00,0.00,0.00,0.00
RLYB,Rallybio Corp,0.00,0.00,0.00,0.00,0.00,0.00,0.00
BHLL,Bunker Hill Mining Corp.,0.00,0.00,0.00,0.00,0.00,0.00,0.00
DSWL,DESWELL INDUSTRIES INC,0.00,0.00,0.00,0.00,0.00,0.00,0.00
BTCM,BIT Mining Ltd,0.00,0.00,0.00,0.00,0.00,0.00,0.00
LEXX,Lexaria Bioscience Corp.,0.00,0.00,0.00,0.00,0.00,0.00,0.00
RAYA,Erayak Power Solution Group Inc.,0.00,0.00,0.00,0.00,0.00,0.00,0.00
OCC,OPTICAL CABLE CORP,0.00,0.00,0.00,0.00,0.00,0.00,0.00
RAVE,RAVE RESTAURANT GROUP INC.,0.00,0.00,0.00,0.00,0.00,0.00,0.00
ANTX,AN2 Therapeutics Inc.,0.00,0.00,0.00,0.00,0.00,0.00,0.00
GIFT,GIFTIFY INC.,0.00,0.00,0.00,0.00,0.00,0.00,0.00
HHS,HARTE HANKS INC,0.00,0.00,0.00,0.00,0.00,0.00,0.00
GRF,EAGLE CAPITAL GROWTH FUND INC.,0.00,0.00,0.00,0.00,0.00,0.00,0.00
DALN,DallasNews Corp,0.00,0.00,0.00,0.00,0.00,0.00,0.00
LQMT,LIQUIDMETAL TECHNOLOGIES INC,0.00,0.00,0.00,0.00,0.00,0.00,0.00
NXL,Nexalin Technology Inc.,0.00,0.00,0.00,0.00,0.00,0.00,0.00
ITHUF,iANTHUS CAPITAL HOLDINGS INC.,0.00,0.00,0.00,0.00,0.00,0.00,0.00
SOHO,Sotherly Hotels Inc.,0.00,0.00,0.00,0.00,0.00,0.00,0.00
FARM,FARMER BROTHERS CO,0.00,0.00,0.00,0.00,0.00,0.00,0.00
SRZN,Surrozen Inc./DE,0.00,0.00,0.00,0.00,0.00,0.00,0.00
SJ,Scienjoy Holding Corp,0.00,0.00,0.00,0.00,0.00,0.00,0.00
SNYR,Synergy CHC Corp.,0.00,0.00,0.00,0.00,0.00,0.00,0.00
HTCR,HeartCore Enterprises Inc.,0.00,0.00,0.00,0.00,0.00,0.00,0.00
CENN,Cenntro Inc.,0.00,0.00,0.00,0.00,0.00,0.00,0.00
MOVE,Movano Inc.,0.00,0.00,0.00,0.00,0.00,0.00,0.00
CUBA,HERZFELD CARIBBEAN BASIN FUND INC,0.00,0.00,0.00,0.00,0.00,0.00,0.00
MKZR,MacKenzie Realty Capital Inc.,0.00,0.00,0.00,0.00,0.00,0.00,0.00
EBON,Ebang International Holdings Inc.,0.00,0.00,0.00,0.00,0.00,0.00,0.00
FRLA,Fortune Rise Acquisition Corp,0.00,0.00,0.00,0.00,0.00,0.00,0.00
BRFH,BARFRESH FOOD GROUP INC.,0.00,0.00,0.00,0.00,0.00,0.00,0.00
SABS,SAB Biotherapeutics Inc.,0.00,0.00,0.00,0.00,0.00,0.00,0.00
RAIN,Rain Enhancement Technologies Holdco Inc.,0.00,0.00,0.00,0.00,0.00,0.00,0.00
HSON,Hudson Global Inc.,0.00,0.00,0.00,0.00,0.00,0.00,0.00
SFRX,SEAFARER EXPLORATION CORP,0.00,0.00,0.00,0.00,0.00,0.00,0.00
TURN,180 DEGREE CAPITAL CORP. /NY/,0.00,0.00,0.00,0.00,0.00,0.00,0.00
AERT,Aeries Technology Inc.,0.00,0.00,0.00,0.00,0.00,0.00,0.00
JG,Aurora Mobile Ltd,0.00,0.00,0.00,0.00,0.00,0.00,0.00
OCX,Oncocyte Corp,0.00,0.00,0.00,0.00,0.00,0.00,0.00
DIST,Distoken Acquisition Corp,0.00,0.00,0.00,0.00,0.00,0.00,0.00
INTE,Integral Acquisition Corp 1,0.00,0.00,0.00,0.00,0.00,0.00,0.00
MXE,MEXICO EQUITY & INCOME FUND INC,0.00,0.00,0.00,0.00,0.00,0.00,0.00
DEFG,Grayscale Decentralized Finance (DeFi) Fund LLC,0.00,0.00,0.00,0.00,0.00,0.00,0.00
ORIS,ORIENTAL RISE HOLDINGS Ltd,0.00,0.00,0.00,0.00,0.00,0.00,0.00
SOND,Sonder Holdings Inc.,0.00,0.00,0.00,0.00,0.00,0.00,0.00
VTVT,vTv Therapeutics Inc.,0.00,0.00,0.00,0.00,0.00,0.00,0.00
ENZ,ENZO BIOCHEM INC,0.00,0.00,0.00,0.00,0.00,0.00,0.00
VSTE,Vast Renewables Ltd,0.00,0.00,0.00,0.00,0.00,0.00,0.00
EGF,BlackRock Enhanced Government Fund Inc.,0.00,0.00,0.00,0.00,0.00,0.00,0.00
CRCUF,Canagold Resources Ltd.,0.00,0.00,0.00,0.00,0.00,0.00,0.00
ZDGE,Zedge Inc.,0.00,0.00,0.00,0.00,0.00,0.00,0.00
MTC,MMTec Inc.,0.00,0.00,0.00,0.00,0.00,0.00,0.00
ECDA,ECD Automotive Design Inc.,0.00,0.00,0.00,0.00,0.00,0.00,0.00
NMTC,NEUROONE MEDICAL TECHNOLOGIES Corp,0.00,0.00,0.00,0.00,0.00,0.00,0.00
LGL,LGL GROUP INC,0.00,0.00,0.00,0.00,0.00,0.00,0.00
PBBK,PB Bankshares Inc.,0.00,0.00,0.00,0.00,0.00,0.00,0.00
WBQNL,Woodbridge Liquidation Trust,0.00,0.00,0.00,0.00,0.00,0.00,0.00
SVRSF,Silver Storm Mining Ltd.,0.00,0.00,0.00,0.00,0.00,0.00,0.00
KORE,KORE Group Holdings Inc.,0.00,0.00,0.00,0.00,0.00,0.00,0.00
FOXX,Foxx Development Holdings Inc.,0.00,0.00,0.00,0.00,0.00,0.00,0.00
AUSI,AURA SYSTEMS INC,0.00,0.00,0.00,0.00,0.00,0.00,0.00
HBUV,Hubilu Venture Corp,0.00,0.00,0.00,0.00,0.00,0.00,0.00
SVMH,SRIVARU Holding Ltd,0.00,0.00,0.00,0.00,0.00,0.00,0.00
BIOF,BLUE BIOFUELS INC.,0.00,0.00,0.00,0.00,0.00,0.00,0.00
SURG,SurgePays Inc.,0.00,0.00,0.00,0.00,0.00,0.00,0.00
ISDR,ISSUER DIRECT CORP,0.00,0.00,0.00,0.00,0.00,0.00,0.00
PMN,ProMIS Neurosciences Inc.,0.00,0.00,0.00,0.00,0.00,0.00,0.00
CLOQ,CYBERLOQ TECHNOLOGIES INC.,0.00,0.00,0.00,0.00,0.00,0.00,0.00
MASK,3 E Network Technology Group Ltd,0.00,0.00,0.00,0.00,0.00,0.00,0.00
MTEN,Mingteng International Corp Inc.,0.00,0.00,0.00,0.00,0.00,0.00,0.00
CXAI,CXApp Inc.,0.00,0.00,0.00,0.00,0.00,0.00,0.00
AWRE,AWARE INC /MA/,0.00,0.00,0.00,0.00,0.00,0.00,0.00
CBSTF,Cannabist Co Holdings Inc.,0.00,0.00,0.00,0.00,0.00,0.00,0.00
TZUP,THUMZUP MEDIA Corp,0.00,0.00,0.00,0.00,0.00,0.00,0.00
CWPE,CW Petroleum Corp,0.00,0.00,0.00,0.00,0.00,0.00,0.00
SKKY,Skkynet Cloud Systems Inc.,0.00,0.00,0.00,0.00,0.00,0.00,0.00
GDTC,CytoMed Therapeutics Ltd,0.00,0.00,0.00,0.00,0.00,0.00,0.00
FGL,Founder Group Ltd,0.00,0.00,0.00,0.00,0.00,0.00,0.00
CPIX,CUMBERLAND PHARMACEUTICALS INC,0.00,0.00,0.00,0.00,0.00,0.00,0.00
FTHM,Fathom Holdings Inc.,0.00,0.00,0.00,0.00,0.00,0.00,0.00
AGMH,AGM GROUP HOLDINGS INC.,0.00,0.00,0.00,0.00,0.00,0.00,0.00
MBOT,Microbot Medical Inc.,0.00,0.00,0.00,0.00,0.00,0.00,0.00
GFGSF,GFG Resources Inc.,0.00,0.00,0.00,0.00,0.00,0.00,0.00
GLE,Global Engine Group Holding Ltd,0.00,0.00,0.00,0.00,0.00,0.00,0.00
TRSG,Tungray Technologies Inc,0.00,0.00,0.00,0.00,0.00,0.00,0.00
MLEC,Moolec Science SA,0.00,0.00,0.00,0.00,0.00,0.00,0.00
WCT,Wellchange Holdings Co Ltd,0.00,0.00,0.00,0.00,0.00,0.00,0.00
DTST,Data Storage Corp,0.00,0.00,0.00,0.00,0.00,0.00,0.00
GROW,U S GLOBAL INVESTORS INC,0.00,0.00,0.00,0.00,0.00,0.00,0.00
BTM,Bitcoin Depot Inc.,0.00,0.00,0.00,0.00,0.00,0.00,0.00
PYN,PIMCO NEW YORK MUNICIPAL INCOME FUND III,0.00,0.00,0.00,0.00,0.00,0.00,0.00
TOPS,TOP SHIPS INC.,0.00,0.00,0.00,0.00,0.00,0.00,0.00
AXREF,AMARC RESOURCES LTD,0.00,0.00,0.00,0.00,0.00,0.00,0.00
RENT,Rent the Runway Inc.,0.00,0.00,0.00,0.00,0.00,0.00,0.00
RNXT,RenovoRx Inc.,0.00,0.00,0.00,0.00,0.00,0.00,0.00
NXPL,NextPlat Corp,0.00,0.00,0.00,0.00,0.00,0.00,0.00
NTIP,NETWORK-1 TECHNOLOGIES INC.,0.00,0.00,0.00,0.00,0.00,0.00,0.00
BNIX,Bannix Acquisition Corp.,0.00,0.00,0.00,0.00,0.00,0.00,0.00
IXHL,Incannex Healthcare Inc.,0.00,0.00,0.00,0.00,0.00,0.00,0.00
SODI,SOLITRON DEVICES INC,0.00,0.00,0.00,0.00,0.00,0.00,0.00
KALA,KALA BIO Inc.,0.00,0.00,0.00,0.00,0.00,0.00,0.00
PXPC,Phoenix Plus Corp.,0.00,0.00,0.00,0.00,0.00,0.00,0.00
DRIO,DarioHealth Corp.,0.00,0.00,0.00,0.00,0.00,0.00,0.00
INTS,INTENSITY THERAPEUTICS INC.,0.00,0.00,0.00,0.00,0.00,0.00,0.00
CRMZ,CREDITRISKMONITOR COM INC,0.00,0.00,0.00,0.00,0.00,0.00,0.00
BNGO,Bionano Genomics Inc.,0.00,0.00,0.00,0.00,0.00,0.00,0.00
AKTX,Akari Therapeutics Plc,0.00,0.00,0.00,0.00,0.00,0.00,0.00
RVSN,Rail Vision Ltd.,0.00,0.00,0.00,0.00,0.00,0.00,0.00
KPEA,Kun Peng International Ltd.,0.00,0.00,0.00,0.00,0.00,0.00,0.00
XBP,XBP Europe Holdings Inc.,0.00,0.00,0.00,0.00,0.00,0.00,0.00
MDCX,Medicus Pharma Ltd.,0.00,0.00,0.00,0.00,0.00,0.00,0.00
MTBLY,Moatable Inc.,0.00,0.00,0.00,0.00,0.00,0.00,0.00
AAQL,Antiaging Quantum Living Inc.,0.00,0.00,0.00,0.00,0.00,0.00,0.00
CGTX,COGNITION THERAPEUTICS INC,0.00,0.00,0.00,0.00,0.00,0.00,0.00
ONMD,OneMedNet Corp,0.00,0.00,0.00,0.00,0.00,0.00,0.00
LSTA,LISATA THERAPEUTICS INC.,0.00,0.00,0.00,0.00,0.00,0.00,0.00
CIF,MFS INTERMEDIATE HIGH INCOME FUND,0.00,0.00,0.00,0.00,0.00,0.00,0.00
GEVI,General Enterprise Ventures Inc.,0.00,0.00,0.00,0.00,0.00,0.00,0.00
WKHS,Workhorse Group Inc.,0.00,0.00,0.00,0.00,0.00,0.00,0.00
MOGO,Mogo Inc.,0.00,0.00,0.00,0.00,0.00,0.00,0.00
FTEK,FUEL TECH INC.,0.00,0.00,0.00,0.00,0.00,0.00,0.00
BCAB,BioAtla Inc.,0.00,0.00,0.00,0.00,0.00,0.00,0.00
NTWK,NETSOL TECHNOLOGIES INC,0.00,0.00,0.00,0.00,0.00,0.00,0.00
LUNA,LUNA INNOVATIONS INC,0.00,0.00,0.00,0.00,0.00,0.00,0.00
NDLS,NOODLES & Co,0.00,0.00,0.00,0.00,0.00,0.00,0.00
AACG,ATA Creativity Global,0.00,0.00,0.00,0.00,0.00,0.00,0.00
AAME,ATLANTIC AMERICAN CORP,0.00,0.00,0.00,0.00,0.00,0.00,0.00
CTXR,Citius Pharmaceuticals Inc.,0.00,0.00,0.00,0.00,0.00,0.00,0.00
SCOR,COMSCORE INC.,0.00,0.00,0.00,0.00,0.00,0.00,0.00
POCI,PRECISION OPTICS CORPORATION INC.,0.00,0.00,0.00,0.00,0.00,0.00,0.00
CLPS,CLPS Inc,0.00,0.00,0.00,0.00,0.00,0.00,0.00
EDRY,EuroDry Ltd.,0.00,0.00,0.00,0.00,0.00,0.00,0.00
APWC,ASIA PACIFIC WIRE & CABLE CORP LTD,0.00,0.00,0.00,0.00,0.00,0.00,0.00
PRKA,PARKS AMERICA INC,0.00,0.00,0.00,0.00,0.00,0.00,0.00
AXDX,Accelerate Diagnostics Inc,0.00,0.00,0.00,0.00,0.00,0.00,0.00
TPCS,TECHPRECISION CORP,0.00,0.00,0.00,0.00,0.00,0.00,0.00
JETMF,Global Crossing Airlines Group Inc.,0.00,0.00,0.00,0.00,0.00,0.00,0.00
SWIN,Solowin Holdings Ltd.,0.00,0.00,0.00,0.00,0.00,0.00,0.00
COCH,Envoy Medical Inc.,0.00,0.00,0.00,0.00,0.00,0.00,0.00
VPLM,Voip-pal.com Inc,0.00,0.00,0.00,0.00,0.00,0.00,0.00
CVM,CEL SCI CORP,0.00,0.00,0.00,0.00,0.00,0.00,0.00
IGXT,IntelGenx Technologies Corp.,0.00,0.00,0.00,0.00,0.00,0.00,0.00
ZOOZ,ZOOZ Power Ltd.,0.00,0.00,0.00,0.00,0.00,0.00,0.00
MRNS,MARINUS PHARMACEUTICALS INC.,0.00,0.00,0.00,0.00,0.00,0.00,0.00
GVXXF,GoviEx Uranium Inc.,0.00,0.00,0.00,0.00,0.00,0.00,0.00
UBX,Unity Biotechnology Inc.,0.00,0.00,0.00,0.00,0.00,0.00,0.00
MRKR,Marker Therapeutics Inc.,0.00,0.00,0.00,0.00,0.00,0.00,0.00
SLGL,Sol-Gel Technologies Ltd.,0.00,0.00,0.00,0.00,0.00,0.00,0.00
XCUR,EXICURE INC.,0.00,0.00,0.00,0.00,0.00,0.00,0.00
IPW,iPower Inc.,0.00,0.00,0.00,0.00,0.00,0.00,0.00
HYFM,HYDROFARM HOLDINGS GROUP INC.,0.00,0.00,0.00,0.00,0.00,0.00,0.00
AQU,Aquaron Acquisition Corp.,0.00,0.00,0.00,0.00,0.00,0.00,0.00
SPAZF,SPANISH MOUNTAIN GOLD LTD.,0.00,0.00,0.00,0.00,0.00,0.00,0.00
MTEK,Maris Tech Ltd.,0.00,0.00,0.00,0.00,0.00,0.00,0.00
SFCO,Southern Financial Corp,0.00,0.00,0.00,0.00,0.00,0.00,0.00
BATL,BATTALION OIL CORP,0.00,0.00,0.00,0.00,0.00,0.00,0.00
GP,GREENPOWER MOTOR Co INC.,0.00,0.00,0.00,0.00,0.00,0.00,0.00
PCSV,PCS Edventures! Inc.,0.00,0.00,0.00,0.00,0.00,0.00,0.00
VVOS,Vivos Therapeutics Inc.,0.00,0.00,0.00,0.00,0.00,0.00,0.00
ATHE,ALTERITY THERAPEUTICS LTD,0.00,0.00,0.00,0.00,0.00,0.00,0.00
CVKD,Cadrenal Therapeutics Inc.,0.00,0.00,0.00,0.00,0.00,0.00,0.00
PGHL,Primega Group Holdings Ltd,0.00,0.00,0.00,0.00,0.00,0.00,0.00
PMEC,Primech Holdings Ltd,0.00,0.00,0.00,0.00,0.00,0.00,0.00
MBBC,Marathon Bancorp Inc. /MD/,0.00,0.00,0.00,0.00,0.00,0.00,0.00
WKSP,Worksport Ltd,0.00,0.00,0.00,0.00,0.00,0.00,0.00
INTG,INTERGROUP CORP,0.00,0.00,0.00,0.00,0.00,0.00,0.00
BGI,BIRKS GROUP INC.,0.00,0.00,0.00,0.00,0.00,0.00,0.00
XOS,Xos Inc.,0.00,0.00,0.00,0.00,0.00,0.00,0.00
BNAI,Brand Engagement Network Inc.,0.00,0.00,0.00,0.00,0.00,0.00,0.00
HUIZ,Huize Holding Ltd,0.00,0.00,0.00,0.00,0.00,0.00,0.00
ITXXF,Itaconix Plc,0.00,0.00,0.00,0.00,0.00,0.00,0.00
FENG,Phoenix New Media Ltd,0.00,0.00,0.00,0.00,0.00,0.00,0.00
CRIS,CURIS INC,0.00,0.00,0.00,0.00,0.00,0.00,0.00
KPLT,Katapult Holdings Inc.,0.00,0.00,0.00,0.00,0.00,0.00,0.00
LIVE,LIVE VENTURES Inc,0.00,0.00,0.00,0.00,0.00,0.00,0.00
GORO,GOLD RESOURCE CORP,0.00,0.00,0.00,0.00,0.00,0.00,0.00
INKT,MiNK Therapeutics Inc.,0.00,0.00,0.00,0.00,0.00,0.00,0.00
GLGI,GREYSTONE LOGISTICS INC.,0.00,0.00,0.00,0.00,0.00,0.00,0.00
JZ,Jianzhi Education Technology Group Co Ltd,0.00,0.00,0.00,0.00,0.00,0.00,0.00
FLUX,Flux Power Holdings Inc.,0.00,0.00,0.00,0.00,0.00,0.00,0.00
TURB,Turbo Energy S.A.,0.00,0.00,0.00,0.00,0.00,0.00,0.00
XAIR,Beyond Air Inc.,0.00,0.00,0.00,0.00,0.00,0.00,0.00
CDIO,Cardio Diagnostics Holdings Inc.,0.00,0.00,0.00,0.00,0.00,0.00,0.00
VRME,VerifyMe Inc.,0.00,0.00,0.00,0.00,0.00,0.00,0.00
AGXPF,SILVER X MINING CORP.,0.00,0.00,0.00,0.00,0.00,0.00,0.00
CREX,CREATIVE REALITIES INC.,0.00,0.00,0.00,0.00,0.00,0.00,0.00
GAME,GameSquare Holdings Inc.,0.00,0.00,0.00,0.00,0.00,0.00,0.00
SVT,SERVOTRONICS INC /DE/,0.00,0.00,0.00,0.00,0.00,0.00,0.00
GLBS,GLOBUS MARITIME LTD,0.00,0.00,0.00,0.00,0.00,0.00,0.00
ROLR,High Roller Technologies Inc.,0.00,0.00,0.00,0.00,0.00,0.00,0.00
PWM,Prestige Wealth Inc.,0.00,0.00,0.00,0.00,0.00,0.00,0.00
MTEX,MANNATECH INC,0.00,0.00,0.00,0.00,0.00,0.00,0.00
GFAI,Guardforce AI Co. Ltd.,0.00,0.00,0.00,0.00,0.00,0.00,0.00
ANY,Sphere 3D Corp.,0.00,0.00,0.00,0.00,0.00,0.00,0.00
VWFB,VWF Bancorp Inc.,0.00,0.00,0.00,0.00,0.00,0.00,0.00
SPI,SPI Energy Co. Ltd.,0.00,0.00,0.00,0.00,0.00,0.00,0.00
DTCK,DAVIS COMMODITIES Ltd,0.00,0.00,0.00,0.00,0.00,0.00,0.00
QNTO,QUAINT OAK BANCORP INC,0.00,0.00,0.00,0.00,0.00,0.00,0.00
DYNR,DYNARESOURCE INC.,0.00,0.00,0.00,0.00,0.00,0.00,0.00
OESX,ORION ENERGY SYSTEMS INC.,0.00,0.00,0.00,0.00,0.00,0.00,0.00
CNXX,CONX Corp.,0.00,0.00,0.00,0.00,0.00,0.00,0.00
MDWK,MDWerks Inc.,0.00,0.00,0.00,0.00,0.00,0.00,0.00
BANL,CBL International Ltd,0.00,0.00,0.00,0.00,0.00,0.00,0.00
COOT,Australian Oilseeds Holdings Ltd,0.00,0.00,0.00,0.00,0.00,0.00,0.00
HUDA,Hudson Acquisition I Corp.,0.00,0.00,0.00,0.00,0.00,0.00,0.00
VHC,VirnetX Holding Corp,0.00,0.00,0.00,0.00,0.00,0.00,0.00
EMKR,EMCORE CORP,0.00,0.00,0.00,0.00,0.00,0.00,0.00
NSYS,NORTECH SYSTEMS INC,0.00,0.00,0.00,0.00,0.00,0.00,0.00
HMBL,HUMBL INC.,0.00,0.00,0.00,0.00,0.00,0.00,0.00
DZSI,DZS INC.,0.00,0.00,0.00,0.00,0.00,0.00,0.00
PMAX,Powell Max Ltd,0.00,0.00,0.00,0.00,0.00,0.00,0.00
SAG,SAG Holdings Ltd,0.00,0.00,0.00,0.00,0.00,0.00,0.00
CNFN,CFN Enterprises Inc.,0.00,0.00,0.00,0.00,0.00,0.00,0.00
NOM,NUVEEN MISSOURI QUALITY MUNICIPAL INCOME FUND,0.00,0.00,0.00,0.00,0.00,0.00,0.00
IRME,IR-Med Inc.,0.00,0.00,0.00,0.00,0.00,0.00,0.00
DARE,Dare Bioscience Inc.,0.00,0.00,0.00,0.00,0.00,0.00,0.00
LIDR,AEye Inc.,0.00,0.00,0.00,0.00,0.00,0.00,0.00
AXIL,Axil Brands Inc.,0.00,0.00,0.00,0.00,0.00,0.00,0.00
CMBM,Cambium Networks Corp,0.00,0.00,0.00,0.00,0.00,0.00,0.00
IRIX,IRIDEX CORP,0.00,0.00,0.00,0.00,0.00,0.00,0.00
NISN,Nisun International Enterprise Development Group Co. Ltd,0.00,0.00,0.00,0.00,0.00,0.00,0.00
APHP,American Picture House Corp,0.00,0.00,0.00,0.00,0.00,0.00,0.00
EQMEF,Equity Metals Corp,0.00,0.00,0.00,0.00,0.00,0.00,0.00
SKYQ,Sky Quarry Inc.,0.00,0.00,0.00,0.00,0.00,0.00,0.00
CTRM,Castor Maritime Inc.,0.00,0.00,0.00,0.00,0.00,0.00,0.00
MOB,Mobilicom Ltd,0.00,0.00,0.00,0.00,0.00,0.00,0.00
IGC,IGC Pharma Inc.,0.00,0.00,0.00,0.00,0.00,0.00,0.00
NAHD,New Asia Holdings Inc.,0.00,0.00,0.00,0.00,0.00,0.00,0.00
ABCP,AmBase Corp,0.00,0.00,0.00,0.00,0.00,0.00,0.00
CODX,Co-Diagnostics Inc.,0.00,0.00,0.00,0.00,0.00,0.00,0.00
LITB,LightInTheBox Holding Co. Ltd.,0.00,0.00,0.00,0.00,0.00,0.00,0.00
LGVN,Longeveron Inc.,0.00,0.00,0.00,0.00,0.00,0.00,0.00
BLRX,BioLineRx Ltd.,0.00,0.00,0.00,0.00,0.00,0.00,0.00
SFHG,SAMFINE CREATION HOLDINGS GROUP Ltd,0.00,0.00,0.00,0.00,0.00,0.00,0.00
JOB,GEE Group Inc.,0.00,0.00,0.00,0.00,0.00,0.00,0.00
IEHC,IEH Corp,0.00,0.00,0.00,0.00,0.00,0.00,0.00
PTN,PALATIN TECHNOLOGIES INC,0.00,0.00,0.00,0.00,0.00,0.00,0.00
MXC,MEXCO ENERGY CORP,0.00,0.00,0.00,0.00,0.00,0.00,0.00
GTIM,Good Times Restaurants Inc.,0.00,0.00,0.00,0.00,0.00,0.00,0.00
FCCI,FAST CASUAL CONCEPTS INC.,0.00,0.00,0.00,0.00,0.00,0.00,0.00
NAII,NATURAL ALTERNATIVES INTERNATIONAL INC,0.00,0.00,0.00,0.00,0.00,0.00,0.00
MHUBF,MineHub Technologies Inc.,0.00,0.00,0.00,0.00,0.00,0.00,0.00
AMOD,ALPHA MODUS HOLDINGS INC.,0.00,0.00,0.00,0.00,0.00,0.00,0.00
LPCN,Lipocine Inc.,0.00,0.00,0.00,0.00,0.00,0.00,0.00
LRE,LEAD REAL ESTATE CO. LTD,0.00,0.00,0.00,0.00,0.00,0.00,0.00
CETI,Cyber Enviro-Tech Inc.,0.00,0.00,0.00,0.00,0.00,0.00,0.00
PAYD,PAID INC,0.00,0.00,0.00,0.00,0.00,0.00,0.00
NAAS,NaaS Technology Inc.,0.00,0.00,0.00,0.00,0.00,0.00,0.00
UTSI,UTSTARCOM HOLDINGS CORP.,0.00,0.00,0.00,0.00,0.00,0.00,0.00
GTEC,Greenland Technologies Holding Corp.,0.00,0.00,0.00,0.00,0.00,0.00,0.00
SOWG,Sow Good Inc.,0.00,0.00,0.00,0.00,0.00,0.00,0.00
LVTX,LAVA Therapeutics NV,0.00,0.00,0.00,0.00,0.00,0.00,0.00
HOOK,HOOKIPA Pharma Inc.,0.00,0.00,0.00,0.00,0.00,0.00,0.00
EPOW,Sunrise New Energy Co. Ltd.,0.00,0.00,0.00,0.00,0.00,0.00,0.00
ENLV,Enlivex Therapeutics Ltd.,0.00,0.00,0.00,0.00,0.00,0.00,0.00
DRCT,Direct Digital Holdings Inc.,0.00,0.00,0.00,0.00,0.00,0.00,0.00
FGF,Fundamental Global Inc.,0.00,0.00,0.00,0.00,0.00,0.00,0.00
DAIO,DATA I/O CORP,0.00,0.00,0.00,0.00,0.00,0.00,0.00
TMRC,Texas Mineral Resources Corp.,0.00,0.00,0.00,0.00,0.00,0.00,0.00
EQ,Equillium Inc.,0.00,0.00,0.00,0.00,0.00,0.00,0.00
TRT,TRIO-TECH INTERNATIONAL,0.00,0.00,0.00,0.00,0.00,0.00,0.00
OXBR,OXBRIDGE RE HOLDINGS Ltd,0.00,0.00,0.00,0.00,0.00,0.00,0.00
ELBM,Electra Battery Materials Corp,0.00,0.00,0.00,0.00,0.00,0.00,0.00
LCGMF,LION COPPER & GOLD CORP.,0.00,0.00,0.00,0.00,0.00,0.00,0.00
FEMY,FEMASYS INC,0.00,0.00,0.00,0.00,0.00,0.00,0.00
IBIO,iBio Inc.,0.00,0.00,0.00,0.00,0.00,0.00,0.00
DRRX,DURECT CORP,0.00,0.00,0.00,0.00,0.00,0.00,0.00
MSS,Maison Solutions Inc.,0.00,0.00,0.00,0.00,0.00,0.00,0.00
CHR,Cheer Holding Inc.,0.00,0.00,0.00,0.00,0.00,0.00,0.00
NGLD,Nevada Canyon Gold Corp.,0.00,0.00,0.00,0.00,0.00,0.00,0.00
BNRG,Brenmiller Energy Ltd.,0.00,0.00,0.00,0.00,0.00,0.00,0.00
PZG,Paramount Gold Nevada Corp.,0.00,0.00,0.00,0.00,0.00,0.00,0.00
HGTXU,HUGOTON ROYALTY TRUST,0.00,0.00,0.00,0.00,0.00,0.00,0.00
TRAW,Traws Pharma Inc.,0.00,0.00,0.00,0.00,0.00,0.00,0.00
NYC,American Strategic Investment Co.,0.00,0.00,0.00,0.00,0.00,0.00,0.00
UCAR,U Power Ltd,0.00,0.00,0.00,0.00,0.00,0.00,0.00
PRZO,ParaZero Technologies Ltd.,0.00,0.00,0.00,0.00,0.00,0.00,0.00
NRSN,NeuroSense Therapeutics Ltd.,0.00,0.00,0.00,0.00,0.00,0.00,0.00
KFFB,Kentucky First Federal Bancorp,0.00,0.00,0.00,0.00,0.00,0.00,0.00
HUDI,Huadi International Group Co. Ltd.,0.00,0.00,0.00,0.00,0.00,0.00,0.00
CVV,CVD EQUIPMENT CORP,0.00,0.00,0.00,0.00,0.00,0.00,0.00
MMTIF,MICROMEM TECHNOLOGIES INC,0.00,0.00,0.00,0.00,0.00,0.00,0.00
HCMC,Healthier Choices Management Corp.,0.00,0.00,0.00,0.00,0.00,0.00,0.00
SMSI,SMITH MICRO SOFTWARE INC.,0.00,0.00,0.00,0.00,0.00,0.00,0.00
CNTM,ConnectM Technology Solutions Inc.,0.00,0.00,0.00,0.00,0.00,0.00,0.00
RAY,Raytech Holding Ltd,0.00,0.00,0.00,0.00,0.00,0.00,0.00
KLNG,Koil Energy Solutions Inc.,0.00,0.00,0.00,0.00,0.00,0.00,0.00
CKX,CKX LANDS INC.,0.00,0.00,0.00,0.00,0.00,0.00,0.00
CPSH,CPS TECHNOLOGIES CORP/DE/,0.00,0.00,0.00,0.00,0.00,0.00,0.00
SCIA,SCI Engineered Materials Inc.,0.00,0.00,0.00,0.00,0.00,0.00,0.00
WLGS,WANG & LEE GROUP Inc.,0.00,0.00,0.00,0.00,0.00,0.00,0.00
LRDC,Laredo Oil Inc.,0.00,0.00,0.00,0.00,0.00,0.00,0.00
LUDG,LUDWIG ENTERPRISES INC.,0.00,0.00,0.00,0.00,0.00,0.00,0.00
RSRV,RESERVE PETROLEUM CO,0.00,0.00,0.00,0.00,0.00,0.00,0.00
HOVR,New Horizon Aircraft Ltd.,0.00,0.00,0.00,0.00,0.00,0.00,0.00
PSHG,Performance Shipping Inc.,0.00,0.00,0.00,0.00,0.00,0.00,0.00
NRDE,NU RIDE INC.,0.00,0.00,0.00,0.00,0.00,0.00,0.00
XELA,Exela Technologies Inc.,0.00,0.00,0.00,0.00,0.00,0.00,0.00
BSGM,BioSig Technologies Inc.,0.00,0.00,0.00,0.00,0.00,0.00,0.00
TOON,Kartoon Studios Inc.,0.00,0.00,0.00,0.00,0.00,0.00,0.00
PLUR,Pluri Inc.,0.00,0.00,0.00,0.00,0.00,0.00,0.00
VCIG,VCI Global Ltd,0.00,0.00,0.00,0.00,0.00,0.00,0.00
NXGL,NEXGEL INC.,0.00,0.00,0.00,0.00,0.00,0.00,0.00
REED,REED'S INC.,0.00,0.00,0.00,0.00,0.00,0.00,0.00
COCP,Cocrystal Pharma Inc.,0.00,0.00,0.00,0.00,0.00,0.00,0.00
IINN,Inspira Technologies OXY B.H.N. Ltd,0.00,0.00,0.00,0.00,0.00,0.00,0.00
GRYP,Gryphon Digital Mining Inc.,0.00,0.00,0.00,0.00,0.00,0.00,0.00
TRIB,TRINITY BIOTECH PLC,0.00,0.00,0.00,0.00,0.00,0.00,0.00
OCG,Oriental Culture Holding LTD,0.00,0.00,0.00,0.00,0.00,0.00,0.00
MKTW,MARKETWISE INC.,0.00,0.00,0.00,0.00,0.00,0.00,0.00
IHT,INNSUITES HOSPITALITY TRUST,0.00,0.00,0.00,0.00,0.00,0.00,0.00
ONEI,OneMeta Inc.,0.00,0.00,0.00,0.00,0.00,0.00,0.00
ZKIN,ZK International Group Co. Ltd.,0.00,0.00,0.00,0.00,0.00,0.00,0.00
SYNX,Silynxcom Ltd.,0.00,0.00,0.00,0.00,0.00,0.00,0.00
TOI,Oncology Institute Inc.,0.00,0.00,0.00,0.00,0.00,0.00,0.00
TOMZ,TOMI Environmental Solutions Inc.,0.00,0.00,0.00,0.00,0.00,0.00,0.00
AIFU,AIX Inc.,0.00,0.00,0.00,0.00,0.00,0.00,0.00
INAB,IN8BIO INC.,0.00,0.00,0.00,0.00,0.00,0.00,0.00
SIF,SIFCO INDUSTRIES INC,0.00,0.00,0.00,0.00,0.00,0.00,0.00
HUSA,HOUSTON AMERICAN ENERGY CORP,0.00,0.00,0.00,0.00,0.00,0.00,0.00
CRVW,CareView Communications Inc,0.00,0.00,0.00,0.00,0.00,0.00,0.00
NXTC,NextCure Inc.,0.00,0.00,0.00,0.00,0.00,0.00,0.00
FRSX,Foresight Autonomous Holdings Ltd.,0.00,0.00,0.00,0.00,0.00,0.00,0.00
DFLI,Dragonfly Energy Holdings Corp.,0.00,0.00,0.00,0.00,0.00,0.00,0.00
RVP,RETRACTABLE TECHNOLOGIES INC,0.00,0.00,0.00,0.00,0.00,0.00,0.00
KENS,KENILWORTH SYSTEMS CORP,0.00,0.00,0.00,0.00,0.00,0.00,0.00
SHFS,SHF Holdings Inc.,0.00,0.00,0.00,0.00,0.00,0.00,0.00
CHKR,CHESAPEAKE GRANITE WASH TRUST,0.00,0.00,0.00,0.00,0.00,0.00,0.00
ZBAI,ATIF Holdings Ltd,0.00,0.00,0.00,0.00,0.00,0.00,0.00
PULM,Pulmatrix Inc.,0.00,0.00,0.00,0.00,0.00,0.00,0.00
OCEA,Ocean Biomedical Inc.,0.00,0.00,0.00,0.00,0.00,0.00,0.00
GDC,GD Culture Group Ltd,0.00,0.00,0.00,0.00,0.00,0.00,0.00
MFON,MOBIVITY HOLDINGS CORP.,0.00,0.00,0.00,0.00,0.00,0.00,0.00
CARA,Cara Therapeutics Inc.,0.00,0.00,0.00,0.00,0.00,0.00,0.00
BTCT,BTC Digital Ltd.,0.00,0.00,0.00,0.00,0.00,0.00,0.00
GELS,Gelteq Ltd,0.00,0.00,0.00,0.00,0.00,0.00,0.00
SLNH,Soluna Holdings Inc,0.00,0.00,0.00,0.00,0.00,0.00,0.00
JSDA,JONES SODA CO,0.00,0.00,0.00,0.00,0.00,0.00,0.00
ATHA,Athira Pharma Inc.,0.00,0.00,0.00,0.00,0.00,0.00,0.00
BKUCF,BLUE SKY URANIUM CORP.,0.00,0.00,0.00,0.00,0.00,0.00,0.00
LSH,Lakeside Holding Ltd,0.00,0.00,0.00,0.00,0.00,0.00,0.00
HUBC,Hub Cyber Security Ltd.,0.00,0.00,0.00,0.00,0.00,0.00,0.00
GOVX,GeoVax Labs Inc.,0.00,0.00,0.00,0.00,0.00,0.00,0.00
TENX,TENAX THERAPEUTICS INC.,0.00,0.00,0.00,0.00,0.00,0.00,0.00
JVA,COFFEE HOLDING CO INC,0.00,0.00,0.00,0.00,0.00,0.00,0.00
MCVT,Mill City Ventures III Ltd,0.00,0.00,0.00,0.00,0.00,0.00,0.00
KIRK,KIRKLAND'S INC,0.00,0.00,0.00,0.00,0.00,0.00,0.00
BOSC,BOS BETTER ONLINE SOLUTIONS LTD,0.00,0.00,0.00,0.00,0.00,0.00,0.00
CETY,Clean Energy Technologies Inc.,0.00,0.00,0.00,0.00,0.00,0.00,0.00
FEDU,Four Seasons Education (Cayman) Inc.,0.00,0.00,0.00,0.00,0.00,0.00,0.00
INIS,INTERNATIONAL ISOTOPES INC,0.00,0.00,0.00,0.00,0.00,0.00,0.00
KUKE,Kuke Music Holding Ltd,0.00,0.00,0.00,0.00,0.00,0.00,0.00
PYPD,PolyPid Ltd.,0.00,0.00,0.00,0.00,0.00,0.00,0.00
LTCH,Latch Inc.,0.00,0.00,0.00,0.00,0.00,0.00,0.00
CCTG,CCSC Technology International Holdings Ltd,0.00,0.00,0.00,0.00,0.00,0.00,0.00
EZFL,EzFill Holdings Inc,0.00,0.00,0.00,0.00,0.00,0.00,0.00
RMCF,Rocky Mountain Chocolate Factory Inc.,0.00,0.00,0.00,0.00,0.00,0.00,0.00
ASPS,ALTISOURCE PORTFOLIO SOLUTIONS S.A.,0.00,0.00,0.00,0.00,0.00,0.00,0.00
RNGE,RANGE IMPACT INC.,0.00,0.00,0.00,0.00,0.00,0.00,0.00
STEC,Santech Holdings Ltd,0.00,0.00,0.00,0.00,0.00,0.00,0.00
PGTK,Pacific Green Technologies Inc.,0.00,0.00,0.00,0.00,0.00,0.00,0.00
FEBO,Fenbo Holdings Ltd,0.00,0.00,0.00,0.00,0.00,0.00,0.00
CDTG,CDT Environmental Technology Investment Holdings Ltd,0.00,0.00,0.00,0.00,0.00,0.00,0.00
INHD,INNO HOLDINGS INC.,0.00,0.00,0.00,0.00,0.00,0.00,0.00
VSEE,VSEE HEALTH INC.,0.00,0.00,0.00,0.00,0.00,0.00,0.00
MLGO,MicroAlgo Inc.,0.00,0.00,0.00,0.00,0.00,0.00,0.00
GNRV,GRAND RIVER COMMERCE INC,0.00,0.00,0.00,0.00,0.00,0.00,0.00
YTFD,Yale Transaction Finders Inc.,0.00,0.00,0.00,0.00,0.00,0.00,0.00
KITT,Nauticus Robotics Inc.,0.00,0.00,0.00,0.00,0.00,0.00,0.00
IBO,IMPACT BIOMEDICAL INC.,0.00,0.00,0.00,0.00,0.00,0.00,0.00
MIRA,MIRA PHARMACEUTICALS INC.,0.00,0.00,0.00,0.00,0.00,0.00,0.00
BOLT,Bolt Biotherapeutics Inc.,0.00,0.00,0.00,0.00,0.00,0.00,0.00
WRPT,WARPSPEED TAXI INC.,0.00,0.00,0.00,0.00,0.00,0.00,0.00
ATER,Aterian Inc.,0.00,0.00,0.00,0.00,0.00,0.00,0.00
NMEX,NORTHERN MINERALS & EXPLORATION LTD.,0.00,0.00,0.00,0.00,0.00,0.00,0.00
CXXIF,C21 Investments Inc.,0.00,0.00,0.00,0.00,0.00,0.00,0.00
CCM,Concord Medical Services Holdings Ltd,0.00,0.00,0.00,0.00,0.00,0.00,0.00
RMSG,Real Messenger Corp,0.00,0.00,0.00,0.00,0.00,0.00,0.00
LTRPA,Liberty TripAdvisor Holdings Inc.,0.00,0.00,0.00,0.00,0.00,0.00,0.00
CYTH,Cyclo Therapeutics Inc.,0.00,0.00,0.00,0.00,0.00,0.00,0.00
APRE,Aprea Therapeutics Inc.,0.00,0.00,0.00,0.00,0.00,0.00,0.00
WETH,Wetouch Technology Inc.,0.00,0.00,0.00,0.00,0.00,0.00,0.00
BASA,BASANITE INC.,0.00,0.00,0.00,0.00,0.00,0.00,0.00
AMS,AMERICAN SHARED HOSPITAL SERVICES,0.00,0.00,0.00,0.00,0.00,0.00,0.00
PUBC,PureBase Corp,0.00,0.00,0.00,0.00,0.00,0.00,0.00
VASO,VASO Corp,0.00,0.00,0.00,0.00,0.00,0.00,0.00
DPRO,Draganfly Inc.,0.00,0.00,0.00,0.00,0.00,0.00,0.00
GYRO,Gyrodyne LLC,0.00,0.00,0.00,0.00,0.00,0.00,0.00
EQTRF,Altamira Gold Corp.,0.00,0.00,0.00,0.00,0.00,0.00,0.00
GWSO,Global Warming Solutions Inc.,0.00,0.00,0.00,0.00,0.00,0.00,0.00
MOGU,MOGU Inc.,0.00,0.00,0.00,0.00,0.00,0.00,0.00
XITO,Xenous Holdings Inc.,0.00,0.00,0.00,0.00,0.00,0.00,0.00
PETV,PetVivo Holdings Inc.,0.00,0.00,0.00,0.00,0.00,0.00,0.00
LNBY,Landbay Inc,0.00,0.00,0.00,0.00,0.00,0.00,0.00
AIFF,FIREFLY NEUROSCIENCE INC.,0.00,0.00,0.00,0.00,0.00,0.00,0.00
SUND,Sundance Strategies Inc.,0.00,0.00,0.00,0.00,0.00,0.00,0.00
EVTV,Envirotech Vehicles Inc.,0.00,0.00,0.00,0.00,0.00,0.00,0.00
NNVC,NANOVIRICIDES INC.,0.00,0.00,0.00,0.00,0.00,0.00,0.00
AFMD,Affimed N.V.,0.00,0.00,0.00,0.00,0.00,0.00,0.00
BLIN,Bridgeline Digital Inc.,0.00,0.00,0.00,0.00,0.00,0.00,0.00
OMEX,ODYSSEY MARINE EXPLORATION INC,0.00,0.00,0.00,0.00,0.00,0.00,0.00
WNDW,SolarWindow Technologies Inc.,0.00,0.00,0.00,0.00,0.00,0.00,0.00
COHN,Cohen & Co Inc.,0.00,0.00,0.00,0.00,0.00,0.00,0.00
SOS,SOS Ltd,0.00,0.00,0.00,0.00,0.00,0.00,0.00
SDOT,Sadot Group Inc.,0.00,0.00,0.00,0.00,0.00,0.00,0.00
CLRO,CLEARONE INC,0.00,0.00,0.00,0.00,0.00,0.00,0.00
SPCB,SuperCom Ltd,0.00,0.00,0.00,0.00,0.00,0.00,0.00
CARM,Carisma Therapeutics Inc.,0.00,0.00,0.00,0.00,0.00,0.00,0.00
GREE,Greenidge Generation Holdings Inc.,0.00,0.00,0.00,0.00,0.00,0.00,0.00
CAPT,Captivision Inc.,0.00,0.00,0.00,0.00,0.00,0.00,0.00
ELSE,ELECTRO SENSORS INC,0.00,0.00,0.00,0.00,0.00,0.00,0.00
GIGM,GIGAMEDIA Ltd,0.00,0.00,0.00,0.00,0.00,0.00,0.00
EDTK,Skillful Craftsman Education Technology Ltd,0.00,0.00,0.00,0.00,0.00,0.00,0.00
RAPH,Raphael Pharmaceutical Inc.,0.00,0.00,0.00,0.00,0.00,0.00,0.00
NITO,N2OFF Inc.,0.00,0.00,0.00,0.00,0.00,0.00,0.00
CWBHF,Charlotte's Web Holdings Inc.,0.00,0.00,0.00,0.00,0.00,0.00,0.00
IZM,ICZOOM Group Inc.,0.00,0.00,0.00,0.00,0.00,0.00,0.00
PFSB,PFS Bancorp Inc.,0.00,0.00,0.00,0.00,0.00,0.00,0.00
YYAI,Connexa Sports Technologies Inc.,0.00,0.00,0.00,0.00,0.00,0.00,0.00
PLAG,Planet Green Holdings Corp.,0.00,0.00,0.00,0.00,0.00,0.00,0.00
BTAI,BioXcel Therapeutics Inc.,0.00,0.00,0.00,0.00,0.00,0.00,0.00
NWGL,Nature Wood Group Ltd,0.00,0.00,0.00,0.00,0.00,0.00,0.00
BFRG,BullFrog AI Holdings Inc.,0.00,0.00,0.00,0.00,0.00,0.00,0.00
YHC,LQR House Inc.,0.00,0.00,0.00,0.00,0.00,0.00,0.00
NXTT,Next Technology Holding Inc.,0.00,0.00,0.00,0.00,0.00,0.00,0.00
CLIK,Click Holdings Ltd.,0.00,0.00,0.00,0.00,0.00,0.00,0.00
LOCL,Local Bounti Corporation/DE,0.00,0.00,0.00,0.00,0.00,0.00,0.00
SNTI,Senti Biosciences Inc.,0.00,0.00,0.00,0.00,0.00,0.00,0.00
JFU,9F Inc.,0.00,0.00,0.00,0.00,0.00,0.00,0.00
AASP,GLOBAL ACQUISITIONS Corp,0.00,0.00,0.00,0.00,0.00,0.00,0.00
XTKG,X3 Holdings Co. Ltd.,0.00,0.00,0.00,0.00,0.00,0.00,0.00
NNUP,NOCOPI TECHNOLOGIES INC/MD/,0.00,0.00,0.00,0.00,0.00,0.00,0.00
IPM,INTELLIGENT PROTECTION MANAGEMENT CORP.,0.00,0.00,0.00,0.00,0.00,0.00,0.00
WVVI,WILLAMETTE VALLEY VINEYARDS INC,0.00,0.00,0.00,0.00,0.00,0.00,0.00
RCG,RENN Fund Inc.,0.00,0.00,0.00,0.00,0.00,0.00,0.00
ZEOX,Zeo ScientifiX Inc.,0.00,0.00,0.00,0.00,0.00,0.00,0.00
BCTX,BriaCell Therapeutics Corp.,0.00,0.00,0.00,0.00,0.00,0.00,0.00
MTVA,MetaVia Inc.,0.00,0.00,0.00,0.00,0.00,0.00,0.00
MEIP,MEI Pharma Inc.,0.00,0.00,0.00,0.00,0.00,0.00,0.00
WNLV,Winvest Group Ltd,0.00,0.00,0.00,0.00,0.00,0.00,0.00
RETO,ReTo Eco-Solutions Inc.,0.00,0.00,0.00,0.00,0.00,0.00,0.00
BHV,BLACKROCK VIRGINIA MUNICIPAL BOND TRUST,0.00,0.00,0.00,0.00,0.00,0.00,0.00
JDZG,JIADE Ltd,0.00,0.00,0.00,0.00,0.00,0.00,0.00
MGIH,Millennium Group International Holdings Ltd,0.00,0.00,0.00,0.00,0.00,0.00,0.00
GLXG,Galaxy Payroll Group Ltd,0.00,0.00,0.00,0.00,0.00,0.00,0.00
AIEV,Thunder Power Holdings Inc.,0.00,0.00,0.00,0.00,0.00,0.00,0.00
RLBY,RELIABILITY INC,0.00,0.00,0.00,0.00,0.00,0.00,0.00
GEBRF,Greenbriar Sustainable Living Inc.,0.00,0.00,0.00,0.00,0.00,0.00,0.00
DUO,Fangdd Network Group Ltd.,0.00,0.00,0.00,0.00,0.00,0.00,0.00
SONM,SONIM TECHNOLOGIES INC,0.00,0.00,0.00,0.00,0.00,0.00,0.00
EKSO,EKSO BIONICS HOLDINGS INC.,0.00,0.00,0.00,0.00,0.00,0.00,0.00
NRXS,Neuraxis INC,0.00,0.00,0.00,0.00,0.00,0.00,0.00
HITC,Healthcare Integrated Technologies Inc.,0.00,0.00,0.00,0.00,0.00,0.00,0.00
NXU,Nxu Inc.,0.00,0.00,0.00,0.00,0.00,0.00,0.00
CRVO,CervoMed Inc.,0.00,0.00,0.00,0.00,0.00,0.00,0.00
LIQT,LIQTECH INTERNATIONAL INC,0.00,0.00,0.00,0.00,0.00,0.00,0.00
SPPL,SIMPPLE LTD.,0.00,0.00,0.00,0.00,0.00,0.00,0.00
GRFX,Graphex Group Ltd,0.00,0.00,0.00,0.00,0.00,0.00,0.00
DEVS,DevvStream Corp.,0.00,0.00,0.00,0.00,0.00,0.00,0.00
CRTG,CORETEC GROUP INC.,0.00,0.00,0.00,0.00,0.00,0.00,0.00
JCTC,JEWETT CAMERON TRADING CO LTD,0.00,0.00,0.00,0.00,0.00,0.00,0.00
GLYC,GLYCOMIMETICS INC,0.00,0.00,0.00,0.00,0.00,0.00,0.00
MNTS,Momentus Inc.,0.00,0.00,0.00,0.00,0.00,0.00,0.00
CLDI,Calidi Biotherapeutics Inc.,0.00,0.00,0.00,0.00,0.00,0.00,0.00
HCWC,HEALTHY CHOICE WELLNESS CORP.,0.00,0.00,0.00,0.00,0.00,0.00,0.00
MDRR,Medalist Diversified REIT Inc.,0.00,0.00,0.00,0.00,0.00,0.00,0.00
NKGN,NKGen Biotech Inc.,0.00,0.00,0.00,0.00,0.00,0.00,0.00
SAIH,SAIHEAT Ltd,0.00,0.00,0.00,0.00,0.00,0.00,0.00
SGLA,Sino Green Land Corp.,0.00,0.00,0.00,0.00,0.00,0.00,0.00
GLAI,Global AI Inc.,0.00,0.00,0.00,0.00,0.00,0.00,0.00
CPOP,Pop Culture Group Co. Ltd,0.00,0.00,0.00,0.00,0.00,0.00,0.00
HCWB,HCW Biologics Inc.,0.00,0.00,0.00,0.00,0.00,0.00,0.00
TBTC,TABLE TRAC INC,0.00,0.00,0.00,0.00,0.00,0.00,0.00
SYBX,SYNLOGIC INC.,0.00,0.00,0.00,0.00,0.00,0.00,0.00
MIGI,Mawson Infrastructure Group Inc.,0.00,0.00,0.00,0.00,0.00,0.00,0.00
BBGI,BEASLEY BROADCAST GROUP INC,0.00,0.00,0.00,0.00,0.00,0.00,0.00
LOBO,LOBO EV TECHNOLOGIES LTD,0.00,0.00,0.00,0.00,0.00,0.00,0.00
BFNH,BIOFORCE NANOSCIENCES HOLDINGS INC.,0.00,0.00,0.00,0.00,0.00,0.00,0.00
JL,J-Long Group Ltd,0.00,0.00,0.00,0.00,0.00,0.00,0.00
LFWD,Lifeward Ltd.,0.00,0.00,0.00,0.00,0.00,0.00,0.00
LYT,Lytus Technologies Holdings PTV. Ltd.,0.00,0.00,0.00,0.00,0.00,0.00,0.00
GOEV,Canoo Inc.,0.00,0.00,0.00,0.00,0.00,0.00,0.00
GLBZ,GLEN BURNIE BANCORP,0.00,0.00,0.00,0.00,0.00,0.00,0.00
FLGC,Flora Growth Corp.,0.00,0.00,0.00,0.00,0.00,0.00,0.00
LNKS,Linkers Industries Ltd,0.00,0.00,0.00,0.00,0.00,0.00,0.00
PNST,Pinstripes Holdings Inc.,0.00,0.00,0.00,0.00,0.00,0.00,0.00
AQMS,Aqua Metals Inc.,0.00,0.00,0.00,0.00,0.00,0.00,0.00
SUGP,SU Group Holdings Ltd,0.00,0.00,0.00,0.00,0.00,0.00,0.00
ABTS,Abits Group Inc,0.00,0.00,0.00,0.00,0.00,0.00,0.00
EXDW,Exceed World Inc.,0.00,0.00,0.00,0.00,0.00,0.00,0.00
DTSS,DATASEA INC.,0.00,0.00,0.00,0.00,0.00,0.00,0.00
IPA,ImmunoPrecise Antibodies Ltd.,0.00,0.00,0.00,0.00,0.00,0.00,0.00
SKK,SKK Holdings Ltd,0.00,0.00,0.00,0.00,0.00,0.00,0.00
CLNV,Clean Vision Corp,0.00,0.00,0.00,0.00,0.00,0.00,0.00
DMN,Damon Inc.,0.00,0.00,0.00,0.00,0.00,0.00,0.00
YHGJ,YUNHONG GREEN CTI LTD.,0.00,0.00,0.00,0.00,0.00,0.00,0.00
NEPH,NEPHROS INC,0.00,0.00,0.00,0.00,0.00,0.00,0.00
PRPH,ProPhase Labs Inc.,0.00,0.00,0.00,0.00,0.00,0.00,0.00
QMMM,QMMM Holdings Ltd,0.00,0.00,0.00,0.00,0.00,0.00,0.00
BRN,BARNWELL INDUSTRIES INC,0.00,0.00,0.00,0.00,0.00,0.00,0.00
CING,Cingulate Inc.,0.00,0.00,0.00,0.00,0.00,0.00,0.00
GNOLF,GENOIL INC,0.00,0.00,0.00,0.00,0.00,0.00,0.00
AUST,Austin Gold Corp.,0.00,0.00,0.00,0.00,0.00,0.00,0.00
KNW,KNOW LABS INC.,0.00,0.00,0.00,0.00,0.00,0.00,0.00
DATS,DatChat Inc.,0.00,0.00,0.00,0.00,0.00,0.00,0.00
CFOO,China Foods Holdings Ltd.,0.00,0.00,0.00,0.00,0.00,0.00,0.00
QZMRF,QUARTZ MOUNTAIN RESOURCES LTD,0.00,0.00,0.00,0.00,0.00,0.00,0.00
SRLZF,Salazar Resources Ltd,0.00,0.00,0.00,0.00,0.00,0.00,0.00
PIAC,PRINCETON CAPITAL CORP,0.00,0.00,0.00,0.00,0.00,0.00,0.00
PMNT,Perfect Moment Ltd.,0.00,0.00,0.00,0.00,0.00,0.00,0.00
ILAG,Intelligent Living Application Group Inc.,0.00,0.00,0.00,0.00,0.00,0.00,0.00
CDT,CONDUIT PHARMACEUTICALS INC.,0.00,0.00,0.00,0.00,0.00,0.00,0.00
SANW,S&W Seed Co,0.00,0.00,0.00,0.00,0.00,0.00,0.00
NCL,Northann Corp.,0.00,0.00,0.00,0.00,0.00,0.00,0.00
WISA,WISA TECHNOLOGIES INC.,0.00,0.00,0.00,0.00,0.00,0.00,0.00
GXAI,GAXOS.AI INC.,0.00,0.00,0.00,0.00,0.00,0.00,0.00
LICN,Lichen China Ltd,0.00,0.00,0.00,0.00,0.00,0.00,0.00
QSJC,TANCHENG GROUP CO. LTD.,0.00,0.00,0.00,0.00,0.00,0.00,0.00
GUER,Guerrilla RF Inc.,0.00,0.00,0.00,0.00,0.00,0.00,0.00
ENMI,DH ENCHANTMENT INC.,0.00,0.00,0.00,0.00,0.00,0.00,0.00
TAIT,TAITRON COMPONENTS INC,0.00,0.00,0.00,0.00,0.00,0.00,0.00
SPRB,SPRUCE BIOSCIENCES INC.,0.00,0.00,0.00,0.00,0.00,0.00,0.00
PT,Pintec Technology Holdings Ltd,0.00,0.00,0.00,0.00,0.00,0.00,0.00
CVR,CHICAGO RIVET & MACHINE CO,0.00,0.00,0.00,0.00,0.00,0.00,0.00
ERNA,Eterna Therapeutics Inc.,0.00,0.00,0.00,0.00,0.00,0.00,0.00
MEGL,Magic Empire Global Ltd,0.00,0.00,0.00,0.00,0.00,0.00,0.00
COEP,Coeptis Therapeutics Holdings Inc.,0.00,0.00,0.00,0.00,0.00,0.00,0.00
NERV,Minerva Neurosciences Inc.,0.00,0.00,0.00,0.00,0.00,0.00,0.00
ENFY,Enlightify Inc.,0.00,0.00,0.00,0.00,0.00,0.00,0.00
TETOF,Tectonic Metals Inc.,0.00,0.00,0.00,0.00,0.00,0.00,0.00
MSPR,MSP Recovery Inc.,0.00,0.00,0.00,0.00,0.00,0.00,0.00
CISO,CISO Global Inc.,0.00,0.00,0.00,0.00,0.00,0.00,0.00
STRM,STREAMLINE HEALTH SOLUTIONS INC.,0.00,0.00,0.00,0.00,0.00,0.00,0.00
XIN,Xinyuan Real Estate Co. Ltd.,0.00,0.00,0.00,0.00,0.00,0.00,0.00
XTLB,XTL BIOPHARMACEUTICALS LTD,0.00,0.00,0.00,0.00,0.00,0.00,0.00
FMST,Foremost Clean Energy Ltd.,0.00,0.00,0.00,0.00,0.00,0.00,0.00
HTOO,Fusion Fuel Green PLC,0.00,0.00,0.00,0.00,0.00,0.00,0.00
USEA,United Maritime Corp,0.00,0.00,0.00,0.00,0.00,0.00,0.00
RMCO,Royalty Management Holding Corp,0.00,0.00,0.00,0.00,0.00,0.00,0.00
QYOUF,QYOU Media Inc.,0.00,0.00,0.00,0.00,0.00,0.00,0.00
SWAG,Stran & Company Inc.,0.00,0.00,0.00,0.00,0.00,0.00,0.00
CHHE,China Health Industries Holdings Inc.,0.00,0.00,0.00,0.00,0.00,0.00,0.00
COSM,Cosmos Health Inc.,0.00,0.00,0.00,0.00,0.00,0.00,0.00
ARBB,ARB IOT Group Ltd,0.00,0.00,0.00,0.00,0.00,0.00,0.00
MYNA,Mynaric AG,0.00,0.00,0.00,0.00,0.00,0.00,0.00
UPYY,UPAY,0.00,0.00,0.00,0.00,0.00,0.00,0.00
AEON,AEON Biopharma Inc.,0.00,0.00,0.00,0.00,0.00,0.00,0.00
APCX,AppTech Payments Corp.,0.00,0.00,0.00,0.00,0.00,0.00,0.00
RMSL,RemSleep Holdings Inc.,0.00,0.00,0.00,0.00,0.00,0.00,0.00
ADN,ADVENT TECHNOLOGIES HOLDINGS INC.,0.00,0.00,0.00,0.00,0.00,0.00,0.00
NZERF,New Zealand Energy Corp.,0.00,0.00,0.00,0.00,0.00,0.00,0.00
AWX,AVALON HOLDINGS CORP,0.00,0.00,0.00,0.00,0.00,0.00,0.00
MSBB,Mercer Bancorp Inc.,0.00,0.00,0.00,0.00,0.00,0.00,0.00
TKLF,Tokyo Lifestyle Co. Ltd.,0.00,0.00,0.00,0.00,0.00,0.00,0.00
CWD,CaliberCos Inc.,0.00,0.00,0.00,0.00,0.00,0.00,0.00
CHUC,Charlie's Holdings Inc.,0.00,0.00,0.00,0.00,0.00,0.00,0.00
UEEC,United Health Products Inc.,0.00,0.00,0.00,0.00,0.00,0.00,0.00
FLYE,Fly-E Group Inc.,0.00,0.00,0.00,0.00,0.00,0.00,0.00
JZXN,Jiuzi Holdings Inc.,0.00,0.00,0.00,0.00,0.00,0.00,0.00
AIRI,AIR INDUSTRIES GROUP,0.00,0.00,0.00,0.00,0.00,0.00,0.00
JRSS,JRSIS HEALTH CARE Corp,0.00,0.00,0.00,0.00,0.00,0.00,0.00
PHIL,PHI GROUP INC,0.00,0.00,0.00,0.00,0.00,0.00,0.00
GNS,Genius Group Ltd,0.00,0.00,0.00,0.00,0.00,0.00,0.00
EQS,EQUUS TOTAL RETURN INC.,0.00,0.00,0.00,0.00,0.00,0.00,0.00
JBDI,JBDI Holdings Ltd,0.00,0.00,0.00,0.00,0.00,0.00,0.00
MRAI,Marpai Inc.,0.00,0.00,0.00,0.00,0.00,0.00,0.00
USNU,Elite Health Systems Inc.,0.00,0.00,0.00,0.00,0.00,0.00,0.00
MAPPF,PROSTAR HOLDINGS INC. /BC,0.00,0.00,0.00,0.00,0.00,0.00,0.00
UAVS,AgEagle Aerial Systems Inc.,0.00,0.00,0.00,0.00,0.00,0.00,0.00
BOF,BranchOut Food Inc.,0.00,0.00,0.00,0.00,0.00,0.00,0.00
EDUC,EDUCATIONAL DEVELOPMENT CORP,0.00,0.00,0.00,0.00,0.00,0.00,0.00
QURT,Quarta-Rad Inc.,0.00,0.00,0.00,0.00,0.00,0.00,0.00
SRRE,SUNRISE REAL ESTATE GROUP INC,0.00,0.00,0.00,0.00,0.00,0.00,0.00
KDOZF,KIDOZ INC.,0.00,0.00,0.00,0.00,0.00,0.00,0.00
LUCY,Innovative Eyewear Inc,0.00,0.00,0.00,0.00,0.00,0.00,0.00
STLY,HG Holdings Inc.,0.00,0.00,0.00,0.00,0.00,0.00,0.00
JGLDF,Japan Gold Corp.,0.00,0.00,0.00,0.00,0.00,0.00,0.00
HOTH,Hoth Therapeutics Inc.,0.00,0.00,0.00,0.00,0.00,0.00,0.00
DUKR,DUKE Robotics Corp.,0.00,0.00,0.00,0.00,0.00,0.00,0.00
LBCMF,Libero Copper & Gold Corp,0.00,0.00,0.00,0.00,0.00,0.00,0.00
SPND,SPINDLETOP OIL & GAS CO,0.00,0.00,0.00,0.00,0.00,0.00,0.00
VAUCF,Viva Gold Corp.,0.00,0.00,0.00,0.00,0.00,0.00,0.00
PHGE,BiomX Inc.,0.00,0.00,0.00,0.00,0.00,0.00,0.00
SNTW,Summit Networks Inc.,0.00,0.00,0.00,0.00,0.00,0.00,0.00
ADGM,Adagio Medical Holdings Inc.,0.00,0.00,0.00,0.00,0.00,0.00,0.00
TIRX,TIAN RUIXIANG HOLDINGS LTD,0.00,0.00,0.00,0.00,0.00,0.00,0.00
CMLS,CUMULUS MEDIA INC,0.00,0.00,0.00,0.00,0.00,0.00,0.00
ACXP,Acurx Pharmaceuticals Inc.,0.00,0.00,0.00,0.00,0.00,0.00,0.00
GRNQ,Greenpro Capital Corp.,0.00,0.00,0.00,0.00,0.00,0.00,0.00
YQ,17 Education & Technology Group Inc.,0.00,0.00,0.00,0.00,0.00,0.00,0.00
PSIG,PS International Group Ltd.,0.00,0.00,0.00,0.00,0.00,0.00,0.00
MMA,MIXED MARTIAL ARTS GROUP LTD,0.00,0.00,0.00,0.00,0.00,0.00,0.00
AIM,AIM ImmunoTech Inc.,0.00,0.00,0.00,0.00,0.00,0.00,0.00
APTO,Aptose Biosciences Inc.,0.00,0.00,0.00,0.00,0.00,0.00,0.00
DDC,DDC Enterprise Ltd,0.00,0.00,0.00,0.00,0.00,0.00,0.00
KWIK,KwikClick Inc.,0.00,0.00,0.00,0.00,0.00,0.00,0.00
GOVB,Gouverneur Bancorp Inc./MD/,0.00,0.00,0.00,0.00,0.00,0.00,0.00
LCFY,Locafy Ltd,0.00,0.00,0.00,0.00,0.00,0.00,0.00
PAIYY,Aesthetic Medical International Holdings Group Ltd,0.00,0.00,0.00,0.00,0.00,0.00,0.00
MBIO,MUSTANG BIO INC.,0.00,0.00,0.00,0.00,0.00,0.00,0.00
NCI,Neo-Concept International Group Holdings Ltd,0.00,0.00,0.00,0.00,0.00,0.00,0.00
SBEV,SPLASH BEVERAGE GROUP INC.,0.00,0.00,0.00,0.00,0.00,0.00,0.00
PET,Wag! Group Co.,0.00,0.00,0.00,0.00,0.00,0.00,0.00
CNFR,Conifer Holdings Inc.,0.00,0.00,0.00,0.00,0.00,0.00,0.00
BIAF,bioAffinity Technologies Inc.,0.00,0.00,0.00,0.00,0.00,0.00,0.00
LYRA,Lyra Therapeutics Inc.,0.00,0.00,0.00,0.00,0.00,0.00,0.00
IMNN,Imunon Inc.,0.00,0.00,0.00,0.00,0.00,0.00,0.00
ABVE,Above Food Ingredients Inc.,0.00,0.00,0.00,0.00,0.00,0.00,0.00
CJJD,China Jo-Jo Drugstores Inc.,0.00,0.00,0.00,0.00,0.00,0.00,0.00
GWTI,GREENWAY TECHNOLOGIES INC,0.00,0.00,0.00,0.00,0.00,0.00,0.00
TRUG,TruGolf Holdings Inc.,0.00,0.00,0.00,0.00,0.00,0.00,0.00
RYDE,Ryde Group Ltd,0.00,0.00,0.00,0.00,0.00,0.00,0.00
EEIQ,EpicQuest Education Group International Ltd,0.00,0.00,0.00,0.00,0.00,0.00,0.00
RLMD,RELMADA THERAPEUTICS INC.,0.00,0.00,0.00,0.00,0.00,0.00,0.00
SNSE,Sensei Biotherapeutics Inc.,0.00,0.00,0.00,0.00,0.00,0.00,0.00
CRWE,Crown Equity Holdings Inc.,0.00,0.00,0.00,0.00,0.00,0.00,0.00
BGXX,Bright Green Corp,0.00,0.00,0.00,0.00,0.00,0.00,0.00
ALUR,ALLURION TECHNOLOGIES INC.,0.00,0.00,0.00,0.00,0.00,0.00,0.00
CLEV,Concrete Leveling Systems Inc,0.00,0.00,0.00,0.00,0.00,0.00,0.00
PETZ,TDH Holdings Inc.,0.00,0.00,0.00,0.00,0.00,0.00,0.00
RIME,Algorhythm Holdings Inc.,0.00,0.00,0.00,0.00,0.00,0.00,0.00
TXMD,TherapeuticsMD Inc.,0.00,0.00,0.00,0.00,0.00,0.00,0.00
JUPGF,Jupiter Gold Corp,0.00,0.00,0.00,0.00,0.00,0.00,0.00
HWH,HWH International Inc.,0.00,0.00,0.00,0.00,0.00,0.00,0.00
SMTK,SmartKem Inc.,0.00,0.00,0.00,0.00,0.00,0.00,0.00
TWG,Top Wealth Group Holding Ltd,0.00,0.00,0.00,0.00,0.00,0.00,0.00
SSKN,STRATA Skin Sciences Inc.,0.00,0.00,0.00,0.00,0.00,0.00,0.00
LGCB,Linkage Global Inc,0.00,0.00,0.00,0.00,0.00,0.00,0.00
BHIL,Benson Hill Inc.,0.00,0.00,0.00,0.00,0.00,0.00,0.00
SPRS,SURGE COMPONENTS INC,0.00,0.00,0.00,0.00,0.00,0.00,0.00
XERI,XERIANT INC.,0.00,0.00,0.00,0.00,0.00,0.00,0.00
OTLC,Oncotelic Therapeutics Inc.,0.00,0.00,0.00,0.00,0.00,0.00,0.00
CEIN,CAMBER ENERGY INC.,0.00,0.00,0.00,0.00,0.00,0.00,0.00
PCST,PURE CAPITAL SOLUTIONS INC.,0.00,0.00,0.00,0.00,0.00,0.00,0.00
IVDA,Iveda Solutions Inc.,0.00,0.00,0.00,0.00,0.00,0.00,0.00
AGSS,AMERIGUARD SECURITY SERVICES INC.,0.00,0.00,0.00,0.00,0.00,0.00,0.00
BMNR,BITMINE IMMERSION TECHNOLOGIES INC.,0.00,0.00,0.00,0.00,0.00,0.00,0.00
EYEN,EYENOVIA INC.,0.00,0.00,0.00,0.00,0.00,0.00,0.00
BNET,BION ENVIRONMENTAL TECHNOLOGIES INC,0.00,0.00,0.00,0.00,0.00,0.00,0.00
GWAV,Greenwave Technology Solutions Inc.,0.00,0.00,0.00,0.00,0.00,0.00,0.00
JAGX,Jaguar Health Inc.,0.00,0.00,0.00,0.00,0.00,0.00,0.00
KAPA,Kairos Pharma LTD.,0.00,0.00,0.00,0.00,0.00,0.00,0.00
DLPN,Dolphin Entertainment Inc.,0.00,0.00,0.00,0.00,0.00,0.00,0.00
APLM,Apollomics Inc.,0.00,0.00,0.00,0.00,0.00,0.00,0.00
QMCI,QUOTEMEDIA INC,0.00,0.00,0.00,0.00,0.00,0.00,0.00
MTR,MESA ROYALTY TRUST/TX,0.00,0.00,0.00,0.00,0.00,0.00,0.00
SEED,Origin Agritech LTD,0.00,0.00,0.00,0.00,0.00,0.00,0.00
UBXG,U-BX Technology Ltd.,0.00,0.00,0.00,0.00,0.00,0.00,0.00
KNGRF,Kingsmen Resources Ltd.,0.00,0.00,0.00,0.00,0.00,0.00,0.00
WBUY,WEBUY GLOBAL LTD,0.00,0.00,0.00,0.00,0.00,0.00,0.00
BPT,BP PRUDHOE BAY ROYALTY TRUST,0.00,0.00,0.00,0.00,0.00,0.00,0.00
BSLK,Bolt Projects Holdings Inc.,0.00,0.00,0.00,0.00,0.00,0.00,0.00
CLRB,Cellectar Biosciences Inc.,0.00,0.00,0.00,0.00,0.00,0.00,0.00
MI,NFT Ltd,0.00,0.00,0.00,0.00,0.00,0.00,0.00
CYN,Cyngn Inc.,0.00,0.00,0.00,0.00,0.00,0.00,0.00
GMM,Global Mofy AI Ltd,0.00,0.00,0.00,0.00,0.00,0.00,0.00
GITS,Global Interactive Technologies Inc.,0.00,0.00,0.00,0.00,0.00,0.00,0.00
PGFF,Pioneer Green Farms Inc.,0.00,0.00,0.00,0.00,0.00,0.00,0.00
PC,Premium Catering (Holdings) Ltd,0.00,0.00,0.00,0.00,0.00,0.00,0.00
IMTH,INNOVATIVE MEDTECH INC.,0.00,0.00,0.00,0.00,0.00,0.00,0.00
UGRO,urban-gro Inc.,0.00,0.00,0.00,0.00,0.00,0.00,0.00
ASTC,ASTROTECH Corp,0.00,0.00,0.00,0.00,0.00,0.00,0.00
BCLI,BRAINSTORM CELL THERAPEUTICS INC.,0.00,0.00,0.00,0.00,0.00,0.00,0.00
IVDN,INNOVATIVE DESIGNS INC,0.00,0.00,0.00,0.00,0.00,0.00,0.00
NCRA,NOCERA INC.,0.00,0.00,0.00,0.00,0.00,0.00,0.00
IMRN,Immuron Ltd,0.00,0.00,0.00,0.00,0.00,0.00,0.00
INDP,Indaptus Therapeutics Inc.,0.00,0.00,0.00,0.00,0.00,0.00,0.00
TSBX,Turnstone Biologics Corp.,0.00,0.00,0.00,0.00,0.00,0.00,0.00
BRTX,BioRestorative Therapies Inc.,0.00,0.00,0.00,0.00,0.00,0.00,0.00
CSCI,COSCIENS Biopharma Inc.,0.00,0.00,0.00,0.00,0.00,0.00,0.00
NTRP,NextTrip Inc.,0.00,0.00,0.00,0.00,0.00,0.00,0.00
CMCT,Creative Media & Community Trust Corp,0.00,0.00,0.00,0.00,0.00,0.00,0.00
ENZN,ENZON PHARMACEUTICALS INC.,0.00,0.00,0.00,0.00,0.00,0.00,0.00
AIMD,Ainos Inc.,0.00,0.00,0.00,0.00,0.00,0.00,0.00
PEV,PHOENIX MOTOR INC.,0.00,0.00,0.00,0.00,0.00,0.00,0.00
ATIP,ATI Physical Therapy Inc.,0.00,0.00,0.00,0.00,0.00,0.00,0.00
GTII,GLOBAL TECH INDUSTRIES GROUP INC.,0.00,0.00,0.00,0.00,0.00,0.00,0.00
XELB,XCel Brands Inc.,0.00,0.00,0.00,0.00,0.00,0.00,0.00
BNZI,Banzai International Inc.,0.00,0.00,0.00,0.00,0.00,0.00,0.00
BETRF,BetterLife Pharma Inc.,0.00,0.00,0.00,0.00,0.00,0.00,0.00
FFNTF,4Front Ventures Corp.,0.00,0.00,0.00,0.00,0.00,0.00,0.00
SCND,SCIENTIFIC INDUSTRIES INC,0.00,0.00,0.00,0.00,0.00,0.00,0.00
KTEL,KonaTel Inc.,0.00,0.00,0.00,0.00,0.00,0.00,0.00
GVH,Globavend Holdings Ltd,0.00,0.00,0.00,0.00,0.00,0.00,0.00
CJET,Chijet Motor Company Inc.,0.00,0.00,0.00,0.00,0.00,0.00,0.00
VVPR,VivoPower International PLC,0.00,0.00,0.00,0.00,0.00,0.00,0.00
KLTO,Klotho Neurosciences Inc.,0.00,0.00,0.00,0.00,0.00,0.00,0.00
ZONE,CleanCore Solutions Inc.,0.00,0.00,0.00,0.00,0.00,0.00,0.00
CYCA,CYTTA CORP.,0.00,0.00,0.00,0.00,0.00,0.00,0.00
YERBF,YERBAE BRANDS CORP.,0.00,0.00,0.00,0.00,0.00,0.00,0.00
HAO,Haoxi Health Technology Ltd,0.00,0.00,0.00,0.00,0.00,0.00,0.00
PPBT,PURPLE BIOTECH LTD.,0.00,0.00,0.00,0.00,0.00,0.00,0.00
LMFA,LM FUNDING AMERICA INC.,0.00,0.00,0.00,0.00,0.00,0.00,0.00
AWH,Aspira Women's Health Inc.,0.00,0.00,0.00,0.00,0.00,0.00,0.00
CUBT,Curative Biotechnology Inc,0.00,0.00,0.00,0.00,0.00,0.00,0.00
CLWT,EURO TECH HOLDINGS CO LTD,0.00,0.00,0.00,0.00,0.00,0.00,0.00
WMLLF,Wealth Minerals Ltd.,0.00,0.00,0.00,0.00,0.00,0.00,0.00
FDCT,FDCTECH INC.,0.00,0.00,0.00,0.00,0.00,0.00,0.00
AYTU,AYTU BIOPHARMA INC,0.00,0.00,0.00,0.00,0.00,0.00,0.00
GDHG,GOLDEN HEAVEN GROUP HOLDINGS LTD.,0.00,0.00,0.00,0.00,0.00,0.00,0.00
PMCB,PharmaCyte Biotech Inc.,0.00,0.00,0.00,0.00,0.00,0.00,0.00
SCKT,SOCKET MOBILE INC.,0.00,0.00,0.00,0.00,0.00,0.00,0.00
VRAX,Virax Biolabs Group Ltd,0.00,0.00,0.00,0.00,0.00,0.00,0.00
SGMA,SIGMATRON INTERNATIONAL INC,0.00,0.00,0.00,0.00,0.00,0.00,0.00
VRMMQ,Vroom Inc.,0.00,0.00,0.00,0.00,0.00,0.00,0.00
CTCX,Carmell Corp,0.00,0.00,0.00,0.00,0.00,0.00,0.00
BURU,Nuburu Inc.,0.00,0.00,0.00,0.00,0.00,0.00,0.00
ZCAR,Zoomcar Holdings Inc.,0.00,0.00,0.00,0.00,0.00,0.00,0.00
TLPH,TALPHERA INC.,0.00,0.00,0.00,0.00,0.00,0.00,0.00
EVGN,Evogene Ltd.,0.00,0.00,0.00,0.00,0.00,0.00,0.00
ILAL,International Land Alliance Inc.,0.00,0.00,0.00,0.00,0.00,0.00,0.00
INTI,Inhibitor Therapeutics Inc.,0.00,0.00,0.00,0.00,0.00,0.00,0.00
BTCY,BIOTRICITY INC.,0.00,0.00,0.00,0.00,0.00,0.00,0.00
AEI,Alset Inc.,0.00,0.00,0.00,0.00,0.00,0.00,0.00
APDN,APPLIED DNA SCIENCES INC,0.00,0.00,0.00,0.00,0.00,0.00,0.00
MHUA,Meihua International Medical Technologies Co. Ltd.,0.00,0.00,0.00,0.00,0.00,0.00,0.00
SOAR,Volato Group Inc.,0.00,0.00,0.00,0.00,0.00,0.00,0.00
BMNM,BIMINI CAPITAL MANAGEMENT INC.,0.00,0.00,0.00,0.00,0.00,0.00,0.00
BHAT,Blue Hat Interactive Entertainment Technology,0.00,0.00,0.00,0.00,0.00,0.00,0.00
BTBD,BT Brands Inc.,0.00,0.00,0.00,0.00,0.00,0.00,0.00
KPRX,KIORA PHARMACEUTICALS INC,0.00,0.00,0.00,0.00,0.00,0.00,0.00
ROMA,Roma Green Finance Ltd,0.00,0.00,0.00,0.00,0.00,0.00,0.00
OMH,Ohmyhome Ltd,0.00,0.00,0.00,0.00,0.00,0.00,0.00
LILIF,Argentina Lithium & Energy Corp.,0.00,0.00,0.00,0.00,0.00,0.00,0.00
CANF,Can-Fite BioPharma Ltd.,0.00,0.00,0.00,0.00,0.00,0.00,0.00
ATEK,Athena Technology Acquisition Corp. II,0.00,0.00,0.00,0.00,0.00,0.00,0.00
BCDA,BioCardia Inc.,0.00,0.00,0.00,0.00,0.00,0.00,0.00
AIHS,Senmiao Technology Ltd,0.00,0.00,0.00,0.00,0.00,0.00,0.00
BREA,Brera Holdings PLC,0.00,0.00,0.00,0.00,0.00,0.00,0.00
ARTW,ARTS WAY MANUFACTURING CO INC,0.00,0.00,0.00,0.00,0.00,0.00,0.00
VS,Versus Systems Inc.,0.00,0.00,0.00,0.00,0.00,0.00,0.00
RVYL,RYVYL Inc.,0.00,0.00,0.00,0.00,0.00,0.00,0.00
QTI,QT IMAGING HOLDINGS INC.,0.00,0.00,0.00,0.00,0.00,0.00,0.00
MSN,EMERSON RADIO CORP,0.00,0.00,0.00,0.00,0.00,0.00,0.00
MFI,mF International Ltd,0.00,0.00,0.00,0.00,0.00,0.00,0.00
MYNZ,MAINZ BIOMED N.V.,0.00,0.00,0.00,0.00,0.00,0.00,0.00
MKDW,MKDWELL Tech Inc.,0.00,0.00,0.00,0.00,0.00,0.00,0.00
MSTH,Mystic Holdings Inc./NV,0.00,0.00,0.00,0.00,0.00,0.00,0.00
APM,Aptorum Group Ltd,0.00,0.00,0.00,0.00,0.00,0.00,0.00
PFHO,PACIFIC HEALTH CARE ORGANIZATION INC,0.00,0.00,0.00,0.00,0.00,0.00,0.00
ACPS,AC Partners Inc.,0.00,0.00,0.00,0.00,0.00,0.00,0.00
CREV,Carbon Revolution Public Ltd Co,0.00,0.00,0.00,0.00,0.00,0.00,0.00
LRHC,La Rosa Holdings Corp.,0.00,0.00,0.00,0.00,0.00,0.00,0.00
GHST,GHST World Inc.,0.00,0.00,0.00,0.00,0.00,0.00,0.00
TCRI,TechCom Inc.,0.00,0.00,0.00,0.00,0.00,0.00,0.00
VINE,Fresh Vine Wine Inc.,0.00,0.00,0.00,0.00,0.00,0.00,0.00
LISMF,LITHIUM SOUTH DEVELOPMENT Corp,0.00,0.00,0.00,0.00,0.00,0.00,0.00
INBP,INTEGRATED BIOPHARMA INC,0.00,0.00,0.00,0.00,0.00,0.00,0.00
HWNI,HIGH WIRE NETWORKS INC.,0.00,0.00,0.00,0.00,0.00,0.00,0.00
VISL,Vislink Technologies Inc.,0.00,0.00,0.00,0.00,0.00,0.00,0.00
MMTRS,MILLS MUSIC TRUST,0.00,0.00,0.00,0.00,0.00,0.00,0.00
PURE,PURE BIOSCIENCE INC.,0.00,0.00,0.00,0.00,0.00,0.00,0.00
MOJO,EQUATOR Beverage Co,0.00,0.00,0.00,0.00,0.00,0.00,0.00
ENSC,Ensysce Biosciences Inc.,0.00,0.00,0.00,0.00,0.00,0.00,0.00
TIKK,TEL INSTRUMENT ELECTRONICS CORP,0.00,0.00,0.00,0.00,0.00,0.00,0.00
MWG,Multi Ways Holdings Ltd,0.00,0.00,0.00,0.00,0.00,0.00,0.00
AMST,Amesite Inc.,0.00,0.00,0.00,0.00,0.00,0.00,0.00
CUTR,CUTERA INC,0.00,0.00,0.00,0.00,0.00,0.00,0.00
AEMD,AETHLON MEDICAL INC,0.00,0.00,0.00,0.00,0.00,0.00,0.00
XCRT,Xcelerate Inc.,0.00,0.00,0.00,0.00,0.00,0.00,0.00
DXYN,DIXIE GROUP INC,0.00,0.00,0.00,0.00,0.00,0.00,0.00
CARV,CARVER BANCORP INC,0.00,0.00,0.00,0.00,0.00,0.00,0.00
SLE,Super League Enterprise Inc.,0.00,0.00,0.00,0.00,0.00,0.00,0.00
CBDS,Dogecoin Cash Inc.,0.00,0.00,0.00,0.00,0.00,0.00,0.00
BOXL,Boxlight Corp,0.00,0.00,0.00,0.00,0.00,0.00,0.00
PBSV,Pharma-Bio Serv Inc.,0.00,0.00,0.00,0.00,0.00,0.00,0.00
IONI,I-ON Digital Corp.,0.00,0.00,0.00,0.00,0.00,0.00,0.00
POAI,Predictive Oncology Inc.,0.00,0.00,0.00,0.00,0.00,0.00,0.00
OP,OceanPal Inc.,0.00,0.00,0.00,0.00,0.00,0.00,0.00
DFCO,DALRADA FINANCIAL CORP,0.00,0.00,0.00,0.00,0.00,0.00,0.00
NYMXF,NYMOX PHARMACEUTICAL CORP,0.00,0.00,0.00,0.00,0.00,0.00,0.00
SQFT,Presidio Property Trust Inc.,0.00,0.00,0.00,0.00,0.00,0.00,0.00
WINSF,Wins Finance Holdings Inc.,0.00,0.00,0.00,0.00,0.00,0.00,0.00
SPRC,SciSparc Ltd.,0.00,0.00,0.00,0.00,0.00,0.00,0.00
NROM,NOBLE ROMANS INC,0.00,0.00,0.00,0.00,0.00,0.00,0.00
GIPR,GENERATION INCOME PROPERTIES INC.,0.00,0.00,0.00,0.00,0.00,0.00,0.00
GTHP,GUIDED THERAPEUTICS INC,0.00,0.00,0.00,0.00,0.00,0.00,0.00
STME,Stimcell Energetics Inc.,0.00,0.00,0.00,0.00,0.00,0.00,0.00
ORGS,Orgenesis Inc.,0.00,0.00,0.00,0.00,0.00,0.00,0.00
INTJ,Intelligent Group Ltd,0.00,0.00,0.00,0.00,0.00,0.00,0.00
WATT,Energous Corp,0.00,0.00,0.00,0.00,0.00,0.00,0.00
DPLS,DarkPulse Inc.,0.00,0.00,0.00,0.00,0.00,0.00,0.00
LEDS,SemiLEDs Corp,0.00,0.00,0.00,0.00,0.00,0.00,0.00
PRPO,Precipio Inc.,0.00,0.00,0.00,0.00,0.00,0.00,0.00
SRM,SRM Entertainment Inc.,0.00,0.00,0.00,0.00,0.00,0.00,0.00
JPOTF,Jackpot Digital Inc.,0.00,0.00,0.00,0.00,0.00,0.00,0.00
SDCH,SideChannel Inc.,0.00,0.00,0.00,0.00,0.00,0.00,0.00
EONR,EON Resources Inc.,0.00,0.00,0.00,0.00,0.00,0.00,0.00
KAVL,Kaival Brands Innovations Group Inc.,0.00,0.00,0.00,0.00,0.00,0.00,0.00
CYCN,Cyclerion Therapeutics Inc.,0.00,0.00,0.00,0.00,0.00,0.00,0.00
IDAI,T Stamp Inc,0.00,0.00,0.00,0.00,0.00,0.00,0.00
CTNT,CHEETAH NET SUPPLY CHAIN SERVICE INC.,0.00,0.00,0.00,0.00,0.00,0.00,0.00
VGFCQ,Very Good Food Co Inc.,0.00,0.00,0.00,0.00,0.00,0.00,0.00
ICU,SeaStar Medical Holding Corp,0.00,0.00,0.00,0.00,0.00,0.00,0.00
BRGX,BIOREGENX INC.,0.00,0.00,0.00,0.00,0.00,0.00,0.00
CHEK,Check-Cap Ltd,0.00,0.00,0.00,0.00,0.00,0.00,0.00
GSIW,Garden Stage Ltd,0.00,0.00,0.00,0.00,0.00,0.00,0.00
NSFDF,NXT Energy Solutions Inc.,0.00,0.00,0.00,0.00,0.00,0.00,0.00
CNSP,CNS Pharmaceuticals Inc.,0.00,0.00,0.00,0.00,0.00,0.00,0.00
MARPS,MARINE PETROLEUM TRUST,0.00,0.00,0.00,0.00,0.00,0.00,0.00
SOGP,Sound Group Inc.,0.00,0.00,0.00,0.00,0.00,0.00,0.00
BFRI,Biofrontera Inc.,0.00,0.00,0.00,0.00,0.00,0.00,0.00
GV,Visionary Holdings Inc.,0.00,0.00,0.00,0.00,0.00,0.00,0.00
HIHO,HIGHWAY HOLDINGS LTD,0.00,0.00,0.00,0.00,0.00,0.00,0.00
SILO,Silo Pharma Inc.,0.00,0.00,0.00,0.00,0.00,0.00,0.00
HLGN,Heliogen Inc.,0.00,0.00,0.00,0.00,0.00,0.00,0.00
ASNS,ACTELIS NETWORKS INC,0.00,0.00,0.00,0.00,0.00,0.00,0.00
YJ,Yunji Inc.,0.00,0.00,0.00,0.00,0.00,0.00,0.00
TRLEF,Trillion Energy International Inc.,0.00,0.00,0.00,0.00,0.00,0.00,0.00
ELWS,Earlyworks Co. Ltd.,0.00,0.00,0.00,0.00,0.00,0.00,0.00
TGCB,Tego Cyber Inc.,0.00,0.00,0.00,0.00,0.00,0.00,0.00
PBMLF,Pacific Booker Minerals Inc.,0.00,0.00,0.00,0.00,0.00,0.00,0.00
LCTC,Lifeloc Technologies Inc,0.00,0.00,0.00,0.00,0.00,0.00,0.00
ADXN,Addex Therapeutics Ltd.,0.00,0.00,0.00,0.00,0.00,0.00,0.00
CAUD,Collective Audience Inc.,0.00,0.00,0.00,0.00,0.00,0.00,0.00
ICDX,Incordex Corp.,0.00,0.00,0.00,0.00,0.00,0.00,0.00
KDLY,Kindly MD Inc.,0.00,0.00,0.00,0.00,0.00,0.00,0.00
NMGX,Nano Magic Inc.,0.00,0.00,0.00,0.00,0.00,0.00,0.00
MRM,Medirom Healthcare Technologies Inc.,0.00,0.00,0.00,0.00,0.00,0.00,0.00
MOND,Mondee Holdings Inc.,0.00,0.00,0.00,0.00,0.00,0.00,0.00
ELVG,Elvictor Group Inc.,0.00,0.00,0.00,0.00,0.00,0.00,0.00
ECTM,ECA Marcellus Trust I,0.00,0.00,0.00,0.00,0.00,0.00,0.00
GRAM,Gold Flora Corp.,0.00,0.00,0.00,0.00,0.00,0.00,0.00
PKKFF,Tenet Fintech Group Inc.,0.00,0.00,0.00,0.00,0.00,0.00,0.00
WTO,UTime Ltd,0.00,0.00,0.00,0.00,0.00,0.00,0.00
HLRTF,Hillcrest Energy Technologies Ltd.,0.00,0.00,0.00,0.00,0.00,0.00,0.00
KSEZ,Kinetic Seas Inc.,0.00,0.00,0.00,0.00,0.00,0.00,0.00
POLA,Polar Power Inc.,0.00,0.00,0.00,0.00,0.00,0.00,0.00
BLMZ,BloomZ Inc.,0.00,0.00,0.00,0.00,0.00,0.00,0.00
SNGX,SOLIGENIX INC.,0.00,0.00,0.00,0.00,0.00,0.00,0.00
GLVT,GREENLIT VENTURES INC.,0.00,0.00,0.00,0.00,0.00,0.00,0.00
IMG,CIMG Inc.,0.00,0.00,0.00,0.00,0.00,0.00,0.00
NURO,NeuroMetrix Inc.,0.00,0.00,0.00,0.00,0.00,0.00,0.00
FXBY,FOXBY CORP.,0.00,0.00,0.00,0.00,0.00,0.00,0.00
LWLW,Longwen Group Corp.,0.00,0.00,0.00,0.00,0.00,0.00,0.00
NUVI,Emo Capital Corp.,0.00,0.00,0.00,0.00,0.00,0.00,0.00
TESI,Titan Environmental Solutions Inc.,0.00,0.00,0.00,0.00,0.00,0.00,0.00
CERO,CERO THERAPEUTICS HOLDINGS INC.,0.00,0.00,0.00,0.00,0.00,0.00,0.00
IBG,Innovation Beverage Group Ltd,0.00,0.00,0.00,0.00,0.00,0.00,0.00
GURE,GULF RESOURCES INC.,0.00,0.00,0.00,0.00,0.00,0.00,0.00
FGI,FGI Industries Ltd.,0.00,0.00,0.00,0.00,0.00,0.00,0.00
OPGN,OPGEN INC,0.00,0.00,0.00,0.00,0.00,0.00,0.00
AIAD,AiAdvertising Inc.,0.00,0.00,0.00,0.00,0.00,0.00,0.00
THMG,THUNDER MOUNTAIN GOLD INC,0.00,0.00,0.00,0.00,0.00,0.00,0.00
LDWY,LENDWAY INC.,0.00,0.00,0.00,0.00,0.00,0.00,0.00
JNVR,Janover Inc.,0.00,0.00,0.00,0.00,0.00,0.00,0.00
SKAS,Saker Aviation Services Inc.,0.00,0.00,0.00,0.00,0.00,0.00,0.00
AHNR,ATHENA GOLD CORP,0.00,0.00,0.00,0.00,0.00,0.00,0.00
TPET,Trio Petroleum Corp.,0.00,0.00,0.00,0.00,0.00,0.00,0.00
RDHL,RedHill Biopharma Ltd.,0.00,0.00,0.00,0.00,0.00,0.00,0.00
IMCC,IM Cannabis Corp.,0.00,0.00,0.00,0.00,0.00,0.00,0.00
PBM,PSYENCE BIOMEDICAL LTD.,0.00,0.00,0.00,0.00,0.00,0.00,0.00
RDGA,RIDGEFIELD ACQUISITION CORP,0.00,0.00,0.00,0.00,0.00,0.00,0.00
DSNY,DESTINY MEDIA TECHNOLOGIES INC,0.00,0.00,0.00,0.00,0.00,0.00,0.00
QNTM,Quantum Biopharma Ltd.,0.00,0.00,0.00,0.00,0.00,0.00,0.00
HOFV,Hall of Fame Resort & Entertainment Co,0.00,0.00,0.00,0.00,0.00,0.00,0.00
ECRO,ECC Capital CORP,0.00,0.00,0.00,0.00,0.00,0.00,0.00
MITQ,MOVING iMAGE TECHNOLOGIES INC.,0.00,0.00,0.00,0.00,0.00,0.00,0.00
OTRK,Ontrak Inc.,0.00,0.00,0.00,0.00,0.00,0.00,0.00
XWEL,XWELL Inc.,0.00,0.00,0.00,0.00,0.00,0.00,0.00
NFTN,NFiniTi inc.,0.00,0.00,0.00,0.00,0.00,0.00,0.00
WAFU,Wah Fu Education Group Ltd,0.00,0.00,0.00,0.00,0.00,0.00,0.00
IPDN,Professional Diversity Network Inc.,0.00,0.00,0.00,0.00,0.00,0.00,0.00
SGLY,Singularity Future Technology Ltd.,0.00,0.00,0.00,0.00,0.00,0.00,0.00
SRAX,SRAX Inc.,0.00,0.00,0.00,0.00,0.00,0.00,0.00
MTPP,MOUNTAIN TOP PROPERTIES INC.,0.00,0.00,0.00,0.00,0.00,0.00,0.00
TCTM,TCTM Kids IT Education Inc.,0.00,0.00,0.00,0.00,0.00,0.00,0.00
NBIO,Nascent Biotech Inc.,0.00,0.00,0.00,0.00,0.00,0.00,0.00
DSS,DSS INC.,0.00,0.00,0.00,0.00,0.00,0.00,0.00
JCSE,JE Cleantech Holdings Ltd,0.00,0.00,0.00,0.00,0.00,0.00,0.00
HYZN,Hyzon Motors Inc.,0.00,0.00,0.00,0.00,0.00,0.00,0.00
DOMH,Dominari Holdings Inc.,0.00,0.00,0.00,0.00,0.00,0.00,0.00
FHLD,Freedom Holdings Inc.,0.00,0.00,0.00,0.00,0.00,0.00,0.00
APVO,Aptevo Therapeutics Inc.,0.00,0.00,0.00,0.00,0.00,0.00,0.00
PTOP,Peer To Peer Network,0.00,0.00,0.00,0.00,0.00,0.00,0.00
STRR,STAR EQUITY HOLDINGS INC.,0.00,0.00,0.00,0.00,0.00,0.00,0.00
VIRX,Viracta Therapeutics Inc.,0.00,0.00,0.00,0.00,0.00,0.00,0.00
AAUAF,ALMADEN MINERALS LTD,0.00,0.00,0.00,0.00,0.00,0.00,0.00
CASK,Heritage Distilling Holding Company Inc.,0.00,0.00,0.00,0.00,0.00,0.00,0.00
PNBK,PATRIOT NATIONAL BANCORP INC,0.00,0.00,0.00,0.00,0.00,0.00,0.00
SMREF,SUN SUMMIT MINERALS CORP.,0.00,0.00,0.00,0.00,0.00,0.00,0.00
BTOG,BIT ORIGIN Ltd,0.00,0.00,0.00,0.00,0.00,0.00,0.00
VINC,Vincerx Pharma Inc.,0.00,0.00,0.00,0.00,0.00,0.00,0.00
SLTN,SILVERTON ENERGY INC.,0.00,0.00,0.00,0.00,0.00,0.00,0.00
LIFD,LFTD PARTNERS INC.,0.00,0.00,0.00,0.00,0.00,0.00,0.00
VMAR,Vision Marine Technologies Inc.,0.00,0.00,0.00,0.00,0.00,0.00,0.00
BLTH,AMERICAN BATTERY MATERIALS INC.,0.00,0.00,0.00,0.00,0.00,0.00,0.00
GLTO,Galecto Inc.,0.00,0.00,0.00,0.00,0.00,0.00,0.00
GOGR,Go Green Global Technologies Corp.,0.00,0.00,0.00,0.00,0.00,0.00,0.00
LXEH,Lixiang Education Holding Co. Ltd.,0.00,0.00,0.00,0.00,0.00,0.00,0.00
TNLX,TRANS LUX Corp,0.00,0.00,0.00,0.00,0.00,0.00,0.00
RKDA,Arcadia Biosciences Inc.,0.00,0.00,0.00,0.00,0.00,0.00,0.00
MFBI,Monroe Federal Bancorp Inc.,0.00,0.00,0.00,0.00,0.00,0.00,0.00
TIGCF,Triumph Gold Corp.,0.00,0.00,0.00,0.00,0.00,0.00,0.00
EFOI,ENERGY FOCUS INC/DE,0.00,0.00,0.00,0.00,0.00,0.00,0.00
KZIA,KAZIA THERAPEUTICS LTD,0.00,0.00,0.00,0.00,0.00,0.00,0.00
TGL,TREASURE GLOBAL INC,0.00,0.00,0.00,0.00,0.00,0.00,0.00
TTOO,T2 Biosystems Inc.,0.00,0.00,0.00,0.00,0.00,0.00,0.00
SRNW,Stratos Renewables Corp,0.00,0.00,0.00,0.00,0.00,0.00,0.00
ANTE,AIRNET TECHNOLOGY INC.,0.00,0.00,0.00,0.00,0.00,0.00,0.00
PSTV,PLUS THERAPEUTICS INC.,0.00,0.00,0.00,0.00,0.00,0.00,0.00
PCMC,PUBLIC CO MANAGEMENT CORP,0.00,0.00,0.00,0.00,0.00,0.00,0.00
SSY,SUNLINK HEALTH SYSTEMS INC,0.00,0.00,0.00,0.00,0.00,0.00,0.00
VBIX,Viewbix Inc.,0.00,0.00,0.00,0.00,0.00,0.00,0.00
PAVM,PAVmed Inc.,0.00,0.00,0.00,0.00,0.00,0.00,0.00
GRI,GRI Bio Inc.,0.00,0.00,0.00,0.00,0.00,0.00,0.00
VEEE,Twin Vee PowerCats Co.,0.00,0.00,0.00,0.00,0.00,0.00,0.00
MGRX,MANGOCEUTICALS INC.,0.00,0.00,0.00,0.00,0.00,0.00,0.00
GNPX,Genprex Inc.,0.00,0.00,0.00,0.00,0.00,0.00,0.00
GULTU,Gulf Coast Ultra Deep Royalty Trust,0.00,0.00,0.00,0.00,0.00,0.00,0.00
BON,Bon Natural Life Ltd,0.00,0.00,0.00,0.00,0.00,0.00,0.00
CMND,Clearmind Medicine Inc.,0.00,0.00,0.00,0.00,0.00,0.00,0.00
MRIN,MARIN SOFTWARE INC,0.00,0.00,0.00,0.00,0.00,0.00,0.00
CRKN,Crown Electrokinetics Corp.,0.00,0.00,0.00,0.00,0.00,0.00,0.00
BZYR,BURZYNSKI RESEARCH INSTITUTE INC,0.00,0.00,0.00,0.00,0.00,0.00,0.00
KRKR,36Kr Holdings Inc.,0.00,0.00,0.00,0.00,0.00,0.00,0.00
BLBX,BLACKBOXSTOCKS INC.,0.00,0.00,0.00,0.00,0.00,0.00,0.00
JWEL,Jowell Global Ltd.,0.00,0.00,0.00,0.00,0.00,0.00,0.00
ULY,Urgent.ly Inc.,0.00,0.00,0.00,0.00,0.00,0.00,0.00
ADIL,ADIAL PHARMACEUTICALS INC.,0.00,0.00,0.00,0.00,0.00,0.00,0.00
RSMXF,Regency Silver Corp.,0.00,0.00,0.00,0.00,0.00,0.00,0.00
TWOH,Two Hands Corp,0.00,0.00,0.00,0.00,0.00,0.00,0.00
CHNR,CHINA NATURAL RESOURCES INC,0.00,0.00,0.00,0.00,0.00,0.00,0.00
FFLO,Free Flow USA Inc.,0.00,0.00,0.00,0.00,0.00,0.00,0.00
CEAD,CEA Industries Inc.,0.00,0.00,0.00,0.00,0.00,0.00,0.00
NLSP,NLS Pharmaceutics Ltd.,0.00,0.00,0.00,0.00,0.00,0.00,0.00
EVOK,Evoke Pharma Inc,0.00,0.00,0.00,0.00,0.00,0.00,0.00
TRXA,T-REX Acquisition Corp.,0.00,0.00,0.00,0.00,0.00,0.00,0.00
ELAB,PMGC Holdings Inc.,0.00,0.00,0.00,0.00,0.00,0.00,0.00
AMBO,Ambow Education Holding Ltd.,0.00,0.00,0.00,0.00,0.00,0.00,0.00
CBIH,Cannabis Bioscience International Holdings Inc.,0.00,0.00,0.00,0.00,0.00,0.00,0.00
ABVC,ABVC BIOPHARMA INC.,0.00,0.00,0.00,0.00,0.00,0.00,0.00
FOXO,FOXO TECHNOLOGIES INC.,0.00,0.00,0.00,0.00,0.00,0.00,0.00
VERB,Verb Technology Company Inc.,0.00,0.00,0.00,0.00,0.00,0.00,0.00
QIND,Quality Industrial Corp.,0.00,0.00,0.00,0.00,0.00,0.00,0.00
MCUJF,MEDICURE INC,0.00,0.00,0.00,0.00,0.00,0.00,0.00
EGTYF,Eguana Technologies Inc.,0.00,0.00,0.00,0.00,0.00,0.00,0.00
ONVO,ORGANOVO HOLDINGS INC.,0.00,0.00,0.00,0.00,0.00,0.00,0.00
ONFO,Onfolio Holdings Inc,0.00,0.00,0.00,0.00,0.00,0.00,0.00
GBR,New Concept Energy Inc.,0.00,0.00,0.00,0.00,0.00,0.00,0.00
VSMR,VERIFY SMART CORP.,0.00,0.00,0.00,0.00,0.00,0.00,0.00
XBIO,Xenetic Biosciences Inc.,0.00,0.00,0.00,0.00,0.00,0.00,0.00
EDSA,Edesa Biotech Inc.,0.00,0.00,0.00,0.00,0.00,0.00,0.00
AEHL,Antelope Enterprise Holdings Ltd,0.00,0.00,0.00,0.00,0.00,0.00,0.00
PNYG,Pony Group Inc.,0.00,0.00,0.00,0.00,0.00,0.00,0.00
ALZN,Alzamend Neuro Inc.,0.00,0.00,0.00,0.00,0.00,0.00,0.00
CVSI,CV Sciences Inc.,0.00,0.00,0.00,0.00,0.00,0.00,0.00
BGLC,BioNexus Gene Lab Corp,0.00,0.00,0.00,0.00,0.00,0.00,0.00
BABB,BAB INC.,0.00,0.00,0.00,0.00,0.00,0.00,0.00
JTAI,Jet.AI Inc.,0.00,0.00,0.00,0.00,0.00,0.00,0.00
LIMX,Limitless X Holdings Inc.,0.00,0.00,0.00,0.00,0.00,0.00,0.00
PLRZ,Polyrizon Ltd.,0.00,0.00,0.00,0.00,0.00,0.00,0.00
SYRS,Syros Pharmaceuticals Inc.,0.00,0.00,0.00,0.00,0.00,0.00,0.00
FTFT,Future FinTech Group Inc.,0.00,0.00,0.00,0.00,0.00,0.00,0.00
CREG,Smart Powerr Corp.,0.00,0.00,0.00,0.00,0.00,0.00,0.00
HCTI,Healthcare Triangle Inc.,0.00,0.00,0.00,0.00,0.00,0.00,0.00
FORD,Forward Industries Inc.,0.00,0.00,0.00,0.00,0.00,0.00,0.00
ANVI,ANVI GLOBAL HOLDINGS INC.,0.00,0.00,0.00,0.00,0.00,0.00,0.00
BMTM,Bright Mountain Media Inc.,0.00,0.00,0.00,0.00,0.00,0.00,0.00
KLYG,Kelyniam Global Inc.,0.00,0.00,0.00,0.00,0.00,0.00,0.00
GRHI,GOLD ROCK HOLDINGS INC.,0.00,0.00,0.00,0.00,0.00,0.00,0.00
GTBP,GT Biopharma Inc.,0.00,0.00,0.00,0.00,0.00,0.00,0.00
BKYI,BIO KEY INTERNATIONAL INC,0.00,0.00,0.00,0.00,0.00,0.00,0.00
APYP,APPYEA INC,0.00,0.00,0.00,0.00,0.00,0.00,0.00
TRBMF,TORQ RESOURCES INC.,0.00,0.00,0.00,0.00,0.00,0.00,0.00
SBFM,Sunshine Biopharma Inc.,0.00,0.00,0.00,0.00,0.00,0.00,0.00
EDBL,Edible Garden AG Inc,0.00,0.00,0.00,0.00,0.00,0.00,0.00
VMNT,Vemanti Group Inc.,0.00,0.00,0.00,0.00,0.00,0.00,0.00
BENF,Beneficient,0.00,0.00,0.00,0.00,0.00,0.00,0.00
CNEY,CN ENERGY GROUP. INC.,0.00,0.00,0.00,0.00,0.00,0.00,0.00
VEST,Vestiage Inc.,0.00,0.00,0.00,0.00,0.00,0.00,0.00
BRQSF,Borqs Technologies Inc.,0.00,0.00,0.00,0.00,0.00,0.00,0.00
INBS,INTELLIGENT BIO SOLUTIONS INC.,0.00,0.00,0.00,0.00,0.00,0.00,0.00
TNON,Tenon Medical Inc.,0.00,0.00,0.00,0.00,0.00,0.00,0.00
BMRA,BIOMERICA INC,0.00,0.00,0.00,0.00,0.00,0.00,0.00
LBSR,LIBERTY STAR URANIUM & METALS CORP.,0.00,0.00,0.00,0.00,0.00,0.00,0.00
ASRE,Astra Energy Inc.,0.00,0.00,0.00,0.00,0.00,0.00,0.00
SPFX,STANDARD PREMIUM FINANCE HOLDINGS INC.,0.00,0.00,0.00,0.00,0.00,0.00,0.00
PALI,PALISADE BIO INC.,0.00,0.00,0.00,0.00,0.00,0.00,0.00
BIGGQ,BIG LOTS INC,0.00,0.00,0.00,0.00,0.00,0.00,0.00
CHRO,Channel Therapeutics Corp,0.00,0.00,0.00,0.00,0.00,0.00,0.00
UNQL,Unique Logistics International Inc.,0.00,0.00,0.00,0.00,0.00,0.00,0.00
SYRA,Syra Health Corp,0.00,0.00,0.00,0.00,0.00,0.00,0.00
HSTA,Hestia Insight Inc.,0.00,0.00,0.00,0.00,0.00,0.00,0.00
VRPX,Virpax Pharmaceuticals Inc.,0.00,0.00,0.00,0.00,0.00,0.00,0.00
YGMZ,MingZhu Logistics Holdings Ltd,0.00,0.00,0.00,0.00,0.00,0.00,0.00
KIQSF,KELSO TECHNOLOGIES INC,0.00,0.00,0.00,0.00,0.00,0.00,0.00
EJH,E-Home Household Service Holdings Ltd,0.00,0.00,0.00,0.00,0.00,0.00,0.00
GSUN,Golden Sun Health Technology Group Ltd,0.00,0.00,0.00,0.00,0.00,0.00,0.00
LTRY,Lottery.com Inc.,0.00,0.00,0.00,0.00,0.00,0.00,0.00
OVTZ,OCULUS VISIONTECH INC.,0.00,0.00,0.00,0.00,0.00,0.00,0.00
MBRX,Moleculin Biotech Inc.,0.00,0.00,0.00,0.00,0.00,0.00,0.00
REBN,Reborn Coffee Inc.,0.00,0.00,0.00,0.00,0.00,0.00,0.00
AIJTY,Jianpu Technology Inc.,0.00,0.00,0.00,0.00,0.00,0.00,0.00
ZDPY,Zoned Properties Inc.,0.00,0.00,0.00,0.00,0.00,0.00,0.00
ADMT,ADM TRONICS UNLIMITED INC.,0.00,0.00,0.00,0.00,0.00,0.00,0.00
IVP,INSPIRE VETERINARY PARTNERS INC.,0.00,0.00,0.00,0.00,0.00,0.00,0.00
BLMH,BLUM HOLDINGS INC.,0.00,0.00,0.00,0.00,0.00,0.00,0.00
ECIA,ENCISION INC,0.00,0.00,0.00,0.00,0.00,0.00,0.00
UUU,UNIVERSAL SECURITY INSTRUMENTS INC,0.00,0.00,0.00,0.00,0.00,0.00,0.00
CISS,C3is Inc.,0.00,0.00,0.00,0.00,0.00,0.00,0.00
CETX,CEMTREX INC,0.00,0.00,0.00,0.00,0.00,0.00,0.00
VSME,VS MEDIA Holdings Ltd,0.00,0.00,0.00,0.00,0.00,0.00,0.00
MGOL,MGO Global Inc.,0.00,0.00,0.00,0.00,0.00,0.00,0.00
VADP,Vado Corp.,0.00,0.00,0.00,0.00,0.00,0.00,0.00
DROR,Dror Ortho-Design Inc.,0.00,0.00,0.00,0.00,0.00,0.00,0.00
NMREF,Namibia Critical Metals Inc.,0.00,0.00,0.00,0.00,0.00,0.00,0.00
BAOS,Baosheng Media Group Holdings Ltd,0.00,0.00,0.00,0.00,0.00,0.00,0.00
JXG,JX Luxventure Group Inc.,0.00,0.00,0.00,0.00,0.00,0.00,0.00
BICX,BioCorRx Inc.,0.00,0.00,0.00,0.00,0.00,0.00,0.00
LIXT,LIXTE BIOTECHNOLOGY HOLDINGS INC.,0.00,0.00,0.00,0.00,0.00,0.00,0.00
EVAX,Evaxion Biotech A/S,0.00,0.00,0.00,0.00,0.00,0.00,0.00
AGTX,Agentix Corp.,0.00,0.00,0.00,0.00,0.00,0.00,0.00
LKCO,Luokung Technology Corp.,0.00,0.00,0.00,0.00,0.00,0.00,0.00
QWTR,Quest Water Global Inc.,0.00,0.00,0.00,0.00,0.00,0.00,0.00
STEK,Stemtech Corp,0.00,0.00,0.00,0.00,0.00,0.00,0.00
MSGM,Motorsport Games Inc.,0.00,0.00,0.00,0.00,0.00,0.00,0.00
FWFW,FLYWHEEL ADVANCED TECHNOLOGY INC.,0.00,0.00,0.00,0.00,0.00,0.00,0.00
BBLR,Bubblr Inc.,0.00,0.00,0.00,0.00,0.00,0.00,0.00
MARK,REMARK HOLDINGS INC.,0.00,0.00,0.00,0.00,0.00,0.00,0.00
VIPZ,VIP Play Inc.,0.00,0.00,0.00,0.00,0.00,0.00,0.00
SNTG,Sentage Holdings Inc.,0.00,0.00,0.00,0.00,0.00,0.00,0.00
SIGY,Sigyn Therapeutics Inc.,0.00,0.00,0.00,0.00,0.00,0.00,0.00
KANT,KINETA INC./DE,0.00,0.00,0.00,0.00,0.00,0.00,0.00
CLSH,CLS Holdings USA Inc.,0.00,0.00,0.00,0.00,0.00,0.00,0.00
MVNC,Marvion Inc.,0.00,0.00,0.00,0.00,0.00,0.00,0.00
AMIX,Autonomix Medical Inc.,0.00,0.00,0.00,0.00,0.00,0.00,0.00
LEBGF,Legible Inc.,0.00,0.00,0.00,0.00,0.00,0.00,0.00
ATPC,Agape ATP Corp,0.00,0.00,0.00,0.00,0.00,0.00,0.00
QNRX,Quoin Pharmaceuticals Ltd.,0.00,0.00,0.00,0.00,0.00,0.00,0.00
ZAPP,Zapp Electric Vehicles Group Ltd,0.00,0.00,0.00,0.00,0.00,0.00,0.00
OLKR,OpenLocker Holdings Inc.,0.00,0.00,0.00,0.00,0.00,0.00,0.00
GLMD,Galmed Pharmaceuticals Ltd.,0.00,0.00,0.00,0.00,0.00,0.00,0.00
EFSH,1847 Holdings LLC,0.00,0.00,0.00,0.00,0.00,0.00,0.00
RBTC,Rubicon Technologies Inc.,0.00,0.00,0.00,0.00,0.00,0.00,0.00
PRTG,PORTAGE BIOTECH INC.,0.00,0.00,0.00,0.00,0.00,0.00,0.00
KWE,KWESST Micro Systems Inc.,0.00,0.00,0.00,0.00,0.00,0.00,0.00
NMHI,Nature's Miracle Holding Inc.,0.00,0.00,0.00,0.00,0.00,0.00,0.00
DNMR,Danimer Scientific Inc.,0.00,0.00,0.00,0.00,0.00,0.00,0.00
ROYL,Royale Energy Inc.,0.00,0.00,0.00,0.00,0.00,0.00,0.00
STKH,Steakholder Foods Ltd.,0.00,0.00,0.00,0.00,0.00,0.00,0.00
INTV,INTEGRATED VENTURES INC.,0.00,0.00,0.00,0.00,0.00,0.00,0.00
XYLB,XY Labs Inc.,0.00,0.00,0.00,0.00,0.00,0.00,0.00
AYRO,AYRO Inc.,0.00,0.00,0.00,0.00,0.00,0.00,0.00
NIVF,NewGenIvf Group Ltd,0.00,0.00,0.00,0.00,0.00,0.00,0.00
SONN,Sonnet BioTherapeutics Holdings Inc.,0.00,0.00,0.00,0.00,0.00,0.00,0.00
ATNF,180 Life Sciences Corp.,0.00,0.00,0.00,0.00,0.00,0.00,0.00
EDXC,Endexx Corp,0.00,0.00,0.00,0.00,0.00,0.00,0.00
PNXP,PINEAPPLE EXPRESS CANNABIS Co,0.00,0.00,0.00,0.00,0.00,0.00,0.00
FOMI,FORMATION MINERALS INC.,0.00,0.00,0.00,0.00,0.00,0.00,0.00
PRSO,Peraso Inc.,0.00,0.00,0.00,0.00,0.00,0.00,0.00
FVTI,Fortune Valley Treasures Inc.,0.00,0.00,0.00,0.00,0.00,0.00,0.00
JFBR,Jeffs' Brands Ltd,0.00,0.00,0.00,0.00,0.00,0.00,0.00
BMXI,BROOKMOUNT EXPLORATIONS INC,0.00,0.00,0.00,0.00,0.00,0.00,0.00
GARWF,Golden Arrow Resources Corp,0.00,0.00,0.00,0.00,0.00,0.00,0.00
CTHR,CHARLES & COLVARD LTD,0.00,0.00,0.00,0.00,0.00,0.00,0.00
CPMD,CANNAPHARMARX INC.,0.00,0.00,0.00,0.00,0.00,0.00,0.00
GPUS,Hyperscale Data Inc.,0.00,0.00,0.00,0.00,0.00,0.00,0.00
ALLR,Allarity Therapeutics Inc.,0.00,0.00,0.00,0.00,0.00,0.00,0.00
BLNC,Balance Labs Inc.,0.00,0.00,0.00,0.00,0.00,0.00,0.00
MITI,Mitesco Inc.,0.00,0.00,0.00,0.00,0.00,0.00,0.00
IFBD,Infobird Co. Ltd,0.00,0.00,0.00,0.00,0.00,0.00,0.00
SHMY,Synergy Empire Ltd,0.00,0.00,0.00,0.00,0.00,0.00,0.00
ASST,Asset Entities Inc.,0.00,0.00,0.00,0.00,0.00,0.00,0.00
LNTO,LELANTOS HOLDINGS INC.,0.00,0.00,0.00,0.00,0.00,0.00,0.00
OHCS,Optimus Healthcare Services Inc.,0.00,0.00,0.00,0.00,0.00,0.00,0.00
SINT,Sintx Technologies Inc.,0.00,0.00,0.00,0.00,0.00,0.00,0.00
BKUH,Bakhu Holdings Corp.,0.00,0.00,0.00,0.00,0.00,0.00,0.00
LFLY,Leafly Holdings Inc. /DE,0.00,0.00,0.00,0.00,0.00,0.00,0.00
CRYM,Cryomass Technologies Inc.,0.00,0.00,0.00,0.00,0.00,0.00,0.00
NUWE,Nuwellis Inc.,0.00,0.00,0.00,0.00,0.00,0.00,0.00
YJGJ,YIJIA GROUP CORP.,0.00,0.00,0.00,0.00,0.00,0.00,0.00
XPON,Expion360 Inc.,0.00,0.00,0.00,0.00,0.00,0.00,0.00
ILUS,Ilustrato Pictures International Inc.,0.00,0.00,0.00,0.00,0.00,0.00,0.00
HYEX,HEALTHY EXTRACTS INC.,0.00,0.00,0.00,0.00,0.00,0.00,0.00
RYES,Rise Gold Corp.,0.00,0.00,0.00,0.00,0.00,0.00,0.00
NCNA,NuCana plc,0.00,0.00,0.00,0.00,0.00,0.00,0.00
NVFY,Nova Lifestyle Inc.,0.00,0.00,0.00,0.00,0.00,0.00,0.00
AAMTF,Armada Mercantile Ltd,0.00,0.00,0.00,0.00,0.00,0.00,0.00
KNOS,KRONOS ADVANCED TECHNOLOGIES INC,0.00,0.00,0.00,0.00,0.00,0.00,0.00
ATXG,ADDENTAX GROUP CORP.,0.00,0.00,0.00,0.00,0.00,0.00,0.00
INKW,Greene Concepts Inc,0.00,0.00,0.00,0.00,0.00,0.00,0.00
GTLL,GLOBAL TECHNOLOGIES LTD,0.00,0.00,0.00,0.00,0.00,0.00,0.00
IMTE,Integrated Media Technology Ltd,0.00,0.00,0.00,0.00,0.00,0.00,0.00
LVRLF,CordovaCann Corp.,0.00,0.00,0.00,0.00,0.00,0.00,0.00
BWMG,Brownie's Marine Group Inc,0.00,0.00,0.00,0.00,0.00,0.00,0.00
ABTI,ALTEROLA BIOTECH INC.,0.00,0.00,0.00,0.00,0.00,0.00,0.00
HLYK,HealthLynked Corp,0.00,0.00,0.00,0.00,0.00,0.00,0.00
CPMV,Mosaic ImmunoEngineering Inc.,0.00,0.00,0.00,0.00,0.00,0.00,0.00
OST,Ostin Technology Group Co. Ltd.,0.00,0.00,0.00,0.00,0.00,0.00,0.00
PW,Power REIT,0.00,0.00,0.00,0.00,0.00,0.00,0.00
SNPX,Synaptogenix Inc.,0.00,0.00,0.00,0.00,0.00,0.00,0.00
PSYCF,Psyched Wellness Ltd.,0.00,0.00,0.00,0.00,0.00,0.00,0.00
ITP,IT TECH PACKAGING INC.,0.00,0.00,0.00,0.00,0.00,0.00,0.00
MGON,MEGOLA INC,0.00,0.00,0.00,0.00,0.00,0.00,0.00
VTAK,Catheter Precision Inc.,0.00,0.00,0.00,0.00,0.00,0.00,0.00
MDCE,Medical Care Technologies Inc.,0.00,0.00,0.00,0.00,0.00,0.00,0.00
URZEF,URZ3 ENERGY CORP.,0.00,0.00,0.00,0.00,0.00,0.00,0.00
RSCF,REFLECT SCIENTIFIC INC.,0.00,0.00,0.00,0.00,0.00,0.00,0.00
YOSH,Yoshiharu Global Co.,0.00,0.00,0.00,0.00,0.00,0.00,0.00
CVAT,Cavitation Technologies Inc.,0.00,0.00,0.00,0.00,0.00,0.00,0.00
REVB,REVELATION BIOSCIENCES INC.,0.00,0.00,0.00,0.00,0.00,0.00,0.00
WLDS,Wearable Devices Ltd.,0.00,0.00,0.00,0.00,0.00,0.00,0.00
STSS,Sharps Technology Inc.,0.00,0.00,0.00,0.00,0.00,0.00,0.00
ENVB,Enveric Biosciences Inc.,0.00,0.00,0.00,0.00,0.00,0.00,0.00
SRCO,SPARTA COMMERCIAL SERVICES INC.,0.00,0.00,0.00,0.00,0.00,0.00,0.00
OGEN,ORAGENICS INC,0.00,0.00,0.00,0.00,0.00,0.00,0.00
MYCB,My City Builders Inc.,0.00,0.00,0.00,0.00,0.00,0.00,0.00
YBGJ,Yubo International Biotech Ltd,0.00,0.00,0.00,0.00,0.00,0.00,0.00
CBMJ,CONSERVATIVE BROADCAST MEDIA & PUBLISHING INC.,0.00,0.00,0.00,0.00,0.00,0.00,0.00
OCTO,Eightco Holdings Inc.,0.00,0.00,0.00,0.00,0.00,0.00,0.00
RHE,REGIONAL HEALTH PROPERTIES INC,0.00,0.00,0.00,0.00,0.00,0.00,0.00
TOVX,Theriva Biologics Inc.,0.00,0.00,0.00,0.00,0.00,0.00,0.00
OBLG,Oblong Inc.,0.00,0.00,0.00,0.00,0.00,0.00,0.00
XRTX,XORTX Therapeutics Inc.,0.00,0.00,0.00,0.00,0.00,0.00,0.00
DQWS,DSwiss Inc,0.00,0.00,0.00,0.00,0.00,0.00,0.00
BPTH,BIO-PATH HOLDINGS INC.,0.00,0.00,0.00,0.00,0.00,0.00,0.00
XONI,Xtreme One Entertainment Inc.,0.00,0.00,0.00,0.00,0.00,0.00,0.00
SUNE,SUNation Energy Inc.,0.00,0.00,0.00,0.00,0.00,0.00,0.00
ACUT,Accustem Sciences Inc.,0.00,0.00,0.00,0.00,0.00,0.00,0.00
OCLN,ORIGINCLEAR INC.,0.00,0.00,0.00,0.00,0.00,0.00,0.00
MULN,MULLEN AUTOMOTIVE INC.,0.00,0.00,0.00,0.00,0.00,0.00,0.00
UPXI,UPEXI INC.,0.00,0.00,0.00,0.00,0.00,0.00,0.00
OZSC,OZOP ENERGY SOLUTIONS INC.,0.00,0.00,0.00,0.00,0.00,0.00,0.00
ONCO,Onconetix Inc.,0.00,0.00,0.00,0.00,0.00,0.00,0.00
RNVA,Rennova Health Inc.,0.00,0.00,0.00,0.00,0.00,0.00,0.00
LMRMF,Lomiko Metals Inc.,0.00,0.00,0.00,0.00,0.00,0.00,0.00
CPHI,CHINA PHARMA HOLDINGS INC.,0.00,0.00,0.00,0.00,0.00,0.00,0.00
TPHS,Trinity Place Holdings Inc.,0.00,0.00,0.00,0.00,0.00,0.00,0.00
LGHL,Lion Group Holding Ltd,0.00,0.00,0.00,0.00,0.00,0.00,0.00
CELZ,CREATIVE MEDICAL TECHNOLOGY HOLDINGS INC.,0.00,0.00,0.00,0.00,0.00,0.00,0.00
SBIG,SpringBig Holdings Inc.,0.00,0.00,0.00,0.00,0.00,0.00,0.00
LTUM,Lithium Corp,0.00,0.00,0.00,0.00,0.00,0.00,0.00
BTTR,Better Choice Co Inc.,0.00,0.00,0.00,0.00,0.00,0.00,0.00
TRNR,Interactive Strength Inc.,0.00,0.00,0.00,0.00,0.00,0.00,0.00
PAPL,Pineapple Financial Inc.,0.00,0.00,0.00,0.00,0.00,0.00,0.00
IDXG,INTERPACE BIOSCIENCES INC.,0.00,0.00,0.00,0.00,0.00,0.00,0.00
FAMI,Farmmi Inc.,0.00,0.00,0.00,0.00,0.00,0.00,0.00
EAST,Eastside Distilling Inc.,0.00,0.00,0.00,0.00,0.00,0.00,0.00
HIRU,HIRU Corp,0.00,0.00,0.00,0.00,0.00,0.00,0.00
GETR,Getaround Inc,0.00,0.00,0.00,0.00,0.00,0.00,0.00
THAR,Tharimmune Inc.,0.00,0.00,0.00,0.00,0.00,0.00,0.00
AVCRF,Avricore Health Inc.,0.00,0.00,0.00,0.00,0.00,0.00,0.00
GRST,ETHEMA HEALTH Corp,0.00,0.00,0.00,0.00,0.00,0.00,0.00
RGFC,Real Good Food Company Inc.,0.00,0.00,0.00,0.00,0.00,0.00,0.00
ALID,Allied Corp.,0.00,0.00,0.00,0.00,0.00,0.00,0.00
TRCC,TRACCOM INC.,0.00,0.00,0.00,0.00,0.00,0.00,0.00
LUVU,Luvu Brands Inc.,0.00,0.00,0.00,0.00,0.00,0.00,0.00
TBLT,Toughbuilt Industries Inc,0.00,0.00,0.00,0.00,0.00,0.00,0.00
ZVSA,ZyVersa Therapeutics Inc.,0.00,0.00,0.00,0.00,0.00,0.00,0.00
HEPA,Hepion Pharmaceuticals Inc.,0.00,0.00,0.00,0.00,0.00,0.00,0.00
ALRTF,ALR Technologies SG Ltd.,0.00,0.00,0.00,0.00,0.00,0.00,0.00
ATXI,AVENUE THERAPEUTICS INC.,0.00,0.00,0.00,0.00,0.00,0.00,0.00
SVBL,SILVER BULL RESOURCES INC.,0.00,0.00,0.00,0.00,0.00,0.00,0.00
CNTGF,Centogene N.V.,0.00,0.00,0.00,0.00,0.00,0.00,0.00
ALBT,Avalon GloboCare Corp.,0.00,0.00,0.00,0.00,0.00,0.00,0.00
BUDZ,WEED INC.,0.00,0.00,0.00,0.00,0.00,0.00,0.00
BQ,Boqii Holding Ltd,0.00,0.00,0.00,0.00,0.00,0.00,0.00
OLB,OLB GROUP INC.,0.00,0.00,0.00,0.00,0.00,0.00,0.00
SHMP,NaturalShrimp Inc,0.00,0.00,0.00,0.00,0.00,0.00,0.00
PTPI,Petros Pharmaceuticals Inc.,0.00,0.00,0.00,0.00,0.00,0.00,0.00
SEAV,SEATech Ventures Corp.,0.00,0.00,0.00,0.00,0.00,0.00,0.00
ABCFF,ABACUS MINING & EXPLORATION CORP,0.00,0.00,0.00,0.00,0.00,0.00,0.00
CCCP,Crona Corp.,0.00,0.00,0.00,0.00,0.00,0.00,0.00
SMX,SMX (Security Matters) Public Ltd Co,0.00,0.00,0.00,0.00,0.00,0.00,0.00
PKTX,ProtoKinetix Inc.,0.00,0.00,0.00,0.00,0.00,0.00,0.00
IGEX,Indo Global Exchange(s) Pte Ltd.,0.00,0.00,0.00,0.00,0.00,0.00,0.00
HGYN,HONG YUAN HOLDING GROUP,0.00,0.00,0.00,0.00,0.00,0.00,0.00
NAYA,NAYA Biosciences Inc.,0.00,0.00,0.00,0.00,0.00,0.00,0.00
CNET,ZW Data Action Technologies Inc.,0.00,0.00,0.00,0.00,0.00,0.00,0.00
FUST,FUSE GROUP HOLDING INC.,0.00,0.00,0.00,0.00,0.00,0.00,0.00
AGRI,AGRIFORCE GROWING SYSTEMS LTD.,0.00,0.00,0.00,0.00,0.00,0.00,0.00
AREB,AMERICAN REBEL HOLDINGS INC,0.00,0.00,0.00,0.00,0.00,0.00,0.00
LIPO,LIPELLA PHARMACEUTICALS INC.,0.00,0.00,0.00,0.00,0.00,0.00,0.00
ARTL,ARTELO BIOSCIENCES INC.,0.00,0.00,0.00,0.00,0.00,0.00,0.00
UCLE,US NUCLEAR CORP.,0.00,0.00,0.00,0.00,0.00,0.00,0.00
LGMK,LogicMark Inc.,0.00,0.00,0.00,0.00,0.00,0.00,0.00
IWSH,Wright Investors Service Holdings Inc.,0.00,0.00,0.00,0.00,0.00,0.00,0.00
BRST,Broad Street Realty Inc.,0.00,0.00,0.00,0.00,0.00,0.00,0.00
ASTI,Ascent Solar Technologies Inc.,0.00,0.00,0.00,0.00,0.00,0.00,0.00
MYSZ,My Size Inc.,0.00,0.00,0.00,0.00,0.00,0.00,0.00
TNFA,TNF Pharmaceuticals Inc.,0.00,0.00,0.00,0.00,0.00,0.00,0.00
SGD,Safe & Green Development Corp,0.00,0.00,0.00,0.00,0.00,0.00,0.00
SNOA,Sonoma Pharmaceuticals Inc.,0.00,0.00,0.00,0.00,0.00,0.00,0.00
VRVR,VIRTUAL INTERACTIVE TECHNOLOGIES CORP.,0.00,0.00,0.00,0.00,0.00,0.00,0.00
HCNWF,Hypercharge Networks Corp.,0.00,0.00,0.00,0.00,0.00,0.00,0.00
STAF,Staffing 360 Solutions Inc.,0.00,0.00,0.00,0.00,0.00,0.00,0.00
GESI,General European Strategic Investments Inc.,0.00,0.00,0.00,0.00,0.00,0.00,0.00
ORMNF,OREX MINERALS INC,0.00,0.00,0.00,0.00,0.00,0.00,0.00
TOFB,TOFUTTI BRANDS INC,0.00,0.00,0.00,0.00,0.00,0.00,0.00
NCNCF,noco-noco Inc.,0.00,0.00,0.00,0.00,0.00,0.00,0.00
AAUGF,AERO ENERGY Ltd,0.00,0.00,0.00,0.00,0.00,0.00,0.00
NBY,NovaBay Pharmaceuticals Inc.,0.00,0.00,0.00,0.00,0.00,0.00,0.00
SOPA,SOCIETY PASS INCORPORATED.,0.00,0.00,0.00,0.00,0.00,0.00,0.00
HSCS,HeartSciences Inc.,0.00,0.00,0.00,0.00,0.00,0.00,0.00
PTIX,Protagenic Therapeutics Inc.\new,0.00,0.00,0.00,0.00,0.00,0.00,0.00
GEGP,GOLD ENTERTAINMENT GROUP INC,0.00,0.00,0.00,0.00,0.00,0.00,0.00
KTTA,Pasithea Therapeutics Corp.,0.00,0.00,0.00,0.00,0.00,0.00,0.00
NCPL,Netcapital Inc.,0.00,0.00,0.00,0.00,0.00,0.00,0.00
ICON,Icon Energy Corp,0.00,0.00,0.00,0.00,0.00,0.00,0.00
FRGT,Freight Technologies Inc.,0.00,0.00,0.00,0.00,0.00,0.00,0.00
LGIQ,LOGIQ INC.,0.00,0.00,0.00,0.00,0.00,0.00,0.00
LPTV,Loop Media Inc.,0.00,0.00,0.00,0.00,0.00,0.00,0.00
CANN,TREES Corp (Colorado),0.00,0.00,0.00,0.00,0.00,0.00,0.00
DHCC,DIAMONDHEAD CASINO CORP,0.00,0.00,0.00,0.00,0.00,0.00,0.00
SHPH,Shuttle Pharmaceuticals Holdings Inc.,0.00,0.00,0.00,0.00,0.00,0.00,0.00
TCBP,TC BioPharm (Holdings) plc,0.00,0.00,0.00,0.00,0.00,0.00,0.00
WHLR,Wheeler Real Estate Investment Trust Inc.,0.00,0.00,0.00,0.00,0.00,0.00,0.00
BITTF,BITTERROOT RESOURCES LTD,0.00,0.00,0.00,0.00,0.00,0.00,0.00
INM,InMed Pharmaceuticals Inc.,0.00,0.00,0.00,0.00,0.00,0.00,0.00
MTNB,Matinas BioPharma Holdings Inc.,0.00,0.00,0.00,0.00,0.00,0.00,0.00
SENR,Strategic Environmental & Energy Resources Inc.,0.00,0.00,0.00,0.00,0.00,0.00,0.00
RELI,Reliance Global Group Inc.,0.00,0.00,0.00,0.00,0.00,0.00,0.00
ATCH,AtlasClear Holdings Inc.,0.00,0.00,0.00,0.00,0.00,0.00,0.00
RSLS,ReShape Lifesciences Inc.,0.00,0.00,0.00,0.00,0.00,0.00,0.00
WORX,SCWorx Corp.,0.00,0.00,0.00,0.00,0.00,0.00,0.00
ALTX,ALTEX INDUSTRIES INC,0.00,0.00,0.00,0.00,0.00,0.00,0.00
BCAN,Femto Technologies Inc.,0.00,0.00,0.00,0.00,0.00,0.00,0.00
DWTX,Dogwood Therapeutics Inc.,0.00,0.00,0.00,0.00,0.00,0.00,0.00
SNES,SenesTech Inc.,0.00,0.00,0.00,0.00,0.00,0.00,0.00
NUGN,Livento Group Inc.,0.00,0.00,0.00,0.00,0.00,0.00,0.00
SLXN,Silexion Therapeutics Corp,0.00,0.00,0.00,0.00,0.00,0.00,0.00
QLGN,Qualigen Therapeutics Inc.,0.00,0.00,0.00,0.00,0.00,0.00,0.00
NDRA,ENDRA Life Sciences Inc.,0.00,0.00,0.00,0.00,0.00,0.00,0.00
SISI,SHINECO INC.,0.00,0.00,0.00,0.00,0.00,0.00,0.00
CIPI,Correlate Energy Corp.,0.00,0.00,0.00,0.00,0.00,0.00,0.00
GNLN,Greenlane Holdings Inc.,0.00,0.00,0.00,0.00,0.00,0.00,0.00
XYLO,XYLO TECHNOLOGIES LTD,0.00,0.00,0.00,0.00,0.00,0.00,0.00
SYTA,Siyata Mobile Inc.,0.00,0.00,0.00,0.00,0.00,0.00,0.00
CBLO,C2 BlockchainInc.,0.00,0.00,0.00,0.00,0.00,0.00,0.00
NEWH,NewHydrogen Inc.,0.00,0.00,0.00,0.00,0.00,0.00,0.00
AQB,AQUABOUNTY TECHNOLOGIES INC,0.00,0.00,0.00,0.00,0.00,0.00,0.00
EOSS,EOS INC.,0.00,0.00,0.00,0.00,0.00,0.00,0.00
FUNI,Hypha Labs Inc.,0.00,0.00,0.00,0.00,0.00,0.00,0.00
SCNI,Scinai Immunotherapeutics Ltd.,0.00,0.00,0.00,0.00,0.00,0.00,0.00
YCBD,cbdMD Inc.,0.00,0.00,0.00,0.00,0.00,0.00,0.00
STTDF,Standard Uranium Ltd.,0.00,0.00,0.00,0.00,0.00,0.00,0.00
UOKA,MDJM LTD,0.00,0.00,0.00,0.00,0.00,0.00,0.00
SNAX,STRYVE FOODS INC.,0.00,0.00,0.00,0.00,0.00,0.00,0.00
BMMJ,BODY & MIND INC.,0.00,0.00,0.00,0.00,0.00,0.00,0.00
TTNP,TITAN PHARMACEUTICALS INC,0.00,0.00,0.00,0.00,0.00,0.00,0.00
VERO,Venus Concept Inc.,0.00,0.00,0.00,0.00,0.00,0.00,0.00
LUXH,LUXURBAN HOTELS INC.,0.00,0.00,0.00,0.00,0.00,0.00,0.00
CLRI,Cleartronic Inc.,0.00,0.00,0.00,0.00,0.00,0.00,0.00
AUUD,AUDDIA INC.,0.00,0.00,0.00,0.00,0.00,0.00,0.00
PHIO,Phio Pharmaceuticals Corp.,0.00,0.00,0.00,0.00,0.00,0.00,0.00
TIVC,Tivic Health Systems Inc.,0.00,0.00,0.00,0.00,0.00,0.00,0.00
WOLV,Wolverine Resources Corp.,0.00,0.00,0.00,0.00,0.00,0.00,0.00
CYAN,CYANOTECH CORP,0.00,0.00,0.00,0.00,0.00,0.00,0.00
BRVO,Bravo Multinational Inc.,0.00,0.00,0.00,0.00,0.00,0.00,0.00
FHSEY,First High-School Education Group Co. Ltd.,0.00,0.00,0.00,0.00,0.00,0.00,0.00
KXIN,Kaixin Holdings,0.00,0.00,0.00,0.00,0.00,0.00,0.00
ICCT,iCoreConnect Inc.,0.00,0.00,0.00,0.00,0.00,0.00,0.00
NRRWF,Nuran Wireless Inc.,0.00,0.00,0.00,0.00,0.00,0.00,0.00
ENTO,Entero Therapeutics Inc.,0.00,0.00,0.00,0.00,0.00,0.00,0.00
ALCE,Alternus Clean Energy Inc.,0.00,0.00,0.00,0.00,0.00,0.00,0.00
GRTX,Galera Therapeutics Inc.,0.00,0.00,0.00,0.00,0.00,0.00,0.00
EBYH,Strainsforpains Inc.,0.00,0.00,0.00,0.00,0.00,0.00,0.00
CNNN,ConneXionONE Corp.,0.00,0.00,0.00,0.00,0.00,0.00,0.00
PRFX,PAINREFORM LTD.,0.00,0.00,0.00,0.00,0.00,0.00,0.00
XXII,22nd Century Group Inc.,0.00,0.00,0.00,0.00,0.00,0.00,0.00
SPGC,Sacks Parente Golf Inc.,0.00,0.00,0.00,0.00,0.00,0.00,0.00
AZTR,Azitra Inc.,0.00,0.00,0.00,0.00,0.00,0.00,0.00
TARSF,Silver North Resources Ltd.,0.00,0.00,0.00,0.00,0.00,0.00,0.00
TCRT,Alaunos Therapeutics Inc.,0.00,0.00,0.00,0.00,0.00,0.00,0.00
LDSN,Luduson G Inc.,0.00,0.00,0.00,0.00,0.00,0.00,0.00
ALDA,ATLANTICA INC,0.00,0.00,0.00,0.00,0.00,0.00,0.00
EGMCF,EMERGENT METALS CORP.,0.00,0.00,0.00,0.00,0.00,0.00,0.00
PCSA,Processa Pharmaceuticals Inc.,0.00,0.00,0.00,0.00,0.00,0.00,0.00
CYCC,Cyclacel Pharmaceuticals Inc.,0.00,0.00,0.00,0.00,0.00,0.00,0.00
VYND,Vynleads Inc.,0.00,0.00,0.00,0.00,0.00,0.00,0.00
QRON,Qrons Inc.,0.00,0.00,0.00,0.00,0.00,0.00,0.00
BLFR,Bluefire Equipment Corp,0.00,0.00,0.00,0.00,0.00,0.00,0.00
GPOX,GPO Plus Inc.,0.00,0.00,0.00,0.00,0.00,0.00,0.00
SGBX,SAFE & GREEN HOLDINGS CORP.,0.00,0.00,0.00,0.00,0.00,0.00,0.00
BACK,IMAC Holdings Inc.,0.00,0.00,0.00,0.00,0.00,0.00,0.00
NVVE,Nuvve Holding Corp.,0.00,0.00,0.00,0.00,0.00,0.00,0.00
ISPC,iSpecimen Inc.,0.00,0.00,0.00,0.00,0.00,0.00,0.00
HWKE,Hawkeye Systems Inc.,0.00,0.00,0.00,0.00,0.00,0.00,0.00
NULGF,NuLegacy Gold Corp,0.00,0.00,0.00,0.00,0.00,0.00,0.00
SNRG,SusGlobal Energy Corp.,0.00,0.00,0.00,0.00,0.00,0.00,0.00
AVRW,Avenir Wellness Solutions Inc.,0.00,0.00,0.00,0.00,0.00,0.00,0.00
DRMA,Dermata Therapeutics Inc.,0.00,0.00,0.00,0.00,0.00,0.00,0.00
BLIS,NAPC Defense Inc.,0.00,0.00,0.00,0.00,0.00,0.00,0.00
BDRX,Biodexa Pharmaceuticals Plc,0.00,0.00,0.00,0.00,0.00,0.00,0.00
VEVMQ,VICINITY MOTOR CORP,0.00,0.00,0.00,0.00,0.00,0.00,0.00
TLLTF,TILT Holdings Inc.,0.00,0.00,0.00,0.00,0.00,0.00,0.00
SVRE,SaverOne 2014 Ltd.,0.00,0.00,0.00,0.00,0.00,0.00,0.00
ADTX,Aditxt Inc.,0.00,0.00,0.00,0.00,0.00,0.00,0.00
ODYY,Odyssey Health Inc.,0.00,0.00,0.00,0.00,0.00,0.00,0.00
TC,TuanChe Ltd,0.00,0.00,0.00,0.00,0.00,0.00,0.00
ENSV,Enservco Corp,0.00,0.00,0.00,0.00,0.00,0.00,0.00
BBLG,Bone Biologics Corp,0.00,0.00,0.00,0.00,0.00,0.00,0.00
VIRA,NEURALBASE AI LTD.,0.00,0.00,0.00,0.00,0.00,0.00,0.00
HSDT,HELIUS MEDICAL TECHNOLOGIES INC.,0.00,0.00,0.00,0.00,0.00,0.00,0.00
DGLY,DIGITAL ALLY INC.,0.00,0.00,0.00,0.00,0.00,0.00,0.00
SXTP,60 DEGREES PHARMACEUTICALS INC.,0.00,0.00,0.00,0.00,0.00,0.00,0.00
VCNX,VACCINEX INC.,0.00,0.00,0.00,0.00,0.00,0.00,0.00
WHLT,CHASE PACKAGING CORP,0.00,0.00,0.00,0.00,0.00,0.00,0.00
SUIC,SUIC Worldwide Holdings Ltd.,0.00,0.00,0.00,0.00,0.00,0.00,0.00
WINT,WINDTREE THERAPEUTICS INC /DE/,0.00,0.00,0.00,0.00,0.00,0.00,0.00
STQN,STRATEGIC ACQUISITIONS INC /NV/,0.00,0.00,0.00,0.00,0.00,0.00,0.00
VYCO,VYCOR MEDICAL INC,0.00,0.00,0.00,0.00,0.00,0.00,0.00
FERN,Fernhill Corp,0.00,0.00,0.00,0.00,0.00,0.00,0.00
SMCE,SMC Entertainment Inc.,0.00,0.00,0.00,0.00,0.00,0.00,0.00
VPRB,VPR Brands LP.,0.00,0.00,0.00,0.00,0.00,0.00,0.00
SLRX,Salarius Pharmaceuticals Inc.,0.00,0.00,0.00,0.00,0.00,0.00,0.00
TAOP,Taoping Inc.,0.00,0.00,0.00,0.00,0.00,0.00,0.00
RNAZ,Transcode Therapeutics Inc.,0.00,0.00,0.00,0.00,0.00,0.00,0.00
TRCK,Track Group Inc.,0.00,0.00,0.00,0.00,0.00,0.00,0.00
AHRO,Authentic Holdings Inc.,0.00,0.00,0.00,0.00,0.00,0.00,0.00
OMQS,OMNIQ Corp.,0.00,0.00,0.00,0.00,0.00,0.00,0.00
VLCN,Volcon Inc.,0.00,0.00,0.00,0.00,0.00,0.00,0.00
HGAS,Global Gas Corp,0.00,0.00,0.00,0.00,0.00,0.00,0.00
BPTSY,Biophytis SA,0.00,0.00,0.00,0.00,0.00,0.00,0.00
FMNJ,Franklin Mining Inc.,0.00,0.00,0.00,0.00,0.00,0.00,0.00
AKAN,AKANDA CORP.,0.00,0.00,0.00,0.00,0.00,0.00,0.00
MAGE,MAGELLAN COPPER & GOLD INC.,0.00,0.00,0.00,0.00,0.00,0.00,0.00
ZPHYF,ZEPHYR MINERALS LTD.,0.00,0.00,0.00,0.00,0.00,0.00,0.00
LOGQ,Coyni Inc.,0.00,0.00,0.00,0.00,0.00,0.00,0.00
AAGH,America Great Health,0.00,0.00,0.00,0.00,0.00,0.00,0.00
USAQ,QHSLab Inc.,0.00,0.00,0.00,0.00,0.00,0.00,0.00
FEMFF,FE Battery Metals Corp.,0.00,0.00,0.00,0.00,0.00,0.00,0.00
SBET,SharpLink Gaming Inc.,0.00,0.00,0.00,0.00,0.00,0.00,0.00
FRES,Fresh2 Group Ltd,0.00,0.00,0.00,0.00,0.00,0.00,0.00
CHEV,Charging Robotics Inc.,0.00,0.00,0.00,0.00,0.00,0.00,0.00
OWPC,One World Products Inc.,0.00,0.00,0.00,0.00,0.00,0.00,0.00
HMMR,HAMMER FIBER OPTICS HOLDINGS CORP,0.00,0.00,0.00,0.00,0.00,0.00,0.00
TOGI,TurnOnGreen Inc.,0.00,0.00,0.00,0.00,0.00,0.00,0.00
KCRD,Kindcard Inc.,0.00,0.00,0.00,0.00,0.00,0.00,0.00
VPER,VIPER NETWORKS INC,0.00,0.00,0.00,0.00,0.00,0.00,0.00
BJDX,Bluejay Diagnostics Inc.,0.00,0.00,0.00,0.00,0.00,0.00,0.00
ALDS,APPlife Digital Solutions Inc,0.00,0.00,0.00,0.00,0.00,0.00,0.00
SXTC,China SXT Pharmaceuticals Inc.,0.00,0.00,0.00,0.00,0.00,0.00,0.00
CRCE,Circle Energy Inc./NV,0.00,0.00,0.00,0.00,0.00,0.00,0.00
NAOV,NanoVibronix Inc.,0.00,0.00,0.00,0.00,0.00,0.00,0.00
SGN,Signing Day Sports Inc.,0.00,0.00,0.00,0.00,0.00,0.00,0.00
BRWC,Birdie Win Corp,0.00,0.00,0.00,0.00,0.00,0.00,0.00
AVGR,Avinger Inc,0.00,0.00,0.00,0.00,0.00,0.00,0.00
GCTK,Glucotrack Inc.,0.00,0.00,0.00,0.00,0.00,0.00,0.00
SRSG,SPIRITS TIME INTERNATIONAL INC.,0.00,0.00,0.00,0.00,0.00,0.00,0.00
SCPX,Scorpius Holdings Inc.,0.00,0.00,0.00,0.00,0.00,0.00,0.00
ENGC,ENGLOBAL CORP,0.00,0.00,0.00,0.00,0.00,0.00,0.00
WLYW,Wally World Media Inc,0.00,0.00,0.00,0.00,0.00,0.00,0.00
VTNRQ,Vertex Energy Inc.,0.00,0.00,0.00,0.00,0.00,0.00,0.00
ABQQ,AB INTERNATIONAL GROUP CORP.,0.00,0.00,0.00,0.00,0.00,0.00,0.00
LBUY,LEAFBUYER TECHNOLOGIES INC.,0.00,0.00,0.00,0.00,0.00,0.00,0.00
ATMH,ALL THINGS MOBILE ANALYTIC INC.,0.00,0.00,0.00,0.00,0.00,0.00,0.00
SNBH,SENTIENT BRANDS HOLDINGS INC.,0.00,0.00,0.00,0.00,0.00,0.00,0.00
RAASY,Cloopen Group Holding Ltd,0.00,0.00,0.00,0.00,0.00,0.00,0.00
MINM,MINIM INC.,0.00,0.00,0.00,0.00,0.00,0.00,0.00
BGAVF,Bravada Gold Corp,0.00,0.00,0.00,0.00,0.00,0.00,0.00
NVOS,Novo Integrated Sciences Inc.,0.00,0.00,0.00,0.00,0.00,0.00,0.00
ILST,INTERNATIONAL STAR INC,0.00,0.00,0.00,0.00,0.00,0.00,0.00
PBLA,Panbela Therapeutics Inc.,0.00,0.00,0.00,0.00,0.00,0.00,0.00
KRFG,OneSolution Technology Inc.,0.00,0.00,0.00,0.00,0.00,0.00,0.00
MMND,MASTERMIND INC.,0.00,0.00,0.00,0.00,0.00,0.00,0.00
JEWL,Adamas One Corp.,0.00,0.00,0.00,0.00,0.00,0.00,0.00
EEGI,Eline Entertainment Group Inc.,0.00,0.00,0.00,0.00,0.00,0.00,0.00
YBCN,Yong Bai Chao New Retail Corp,0.00,0.00,0.00,0.00,0.00,0.00,0.00
GTCH,GBT Technologies Inc.,0.00,0.00,0.00,0.00,0.00,0.00,0.00
RMESF,RED METAL RESOURCES LTD.,0.00,0.00,0.00,0.00,0.00,0.00,0.00
UK,Ucommune International Ltd,0.00,0.00,0.00,0.00,0.00,0.00,0.00
OILCF,Permex Petroleum Corp,0.00,0.00,0.00,0.00,0.00,0.00,0.00
CRGH,Carriage House Event Center Inc.,0.00,0.00,0.00,0.00,0.00,0.00,0.00
EAWD,Energy & Water Development Corp,0.00,0.00,0.00,0.00,0.00,0.00,0.00
CMGR,Clubhouse Media Group Inc.,0.00,0.00,0.00,0.00,0.00,0.00,0.00
GBLX,GB SCIENCES INC,0.00,0.00,0.00,0.00,0.00,0.00,0.00
TRVN,TREVENA INC,0.00,0.00,0.00,0.00,0.00,0.00,0.00
SHWZ,Medicine Man Technologies Inc.,0.00,0.00,0.00,0.00,0.00,0.00,0.00
REOS,ReoStar Energy CORP,0.00,0.00,0.00,0.00,0.00,0.00,0.00
HUML,Humble Energy Inc./FL,0.00,0.00,0.00,0.00,0.00,0.00,0.00
SONG,Music Licensing Inc.,0.00,0.00,0.00,0.00,0.00,0.00,0.00
CRCW,Crypto Co,0.00,0.00,0.00,0.00,0.00,0.00,0.00
TSOI,THERAPEUTIC SOLUTIONS INTERNATIONAL INC.,0.00,0.00,0.00,0.00,0.00,0.00,0.00
EZGO,EZGO Technologies Ltd.,0.00,0.00,0.00,0.00,0.00,0.00,0.00
MNTR,Mentor Capital Inc.,0.00,0.00,0.00,0.00,0.00,0.00,0.00
MRNJ,METATRON APPS INC.,0.00,0.00,0.00,0.00,0.00,0.00,0.00
NRIS,Norris Industries Inc.,0.00,0.00,0.00,0.00,0.00,0.00,0.00
AUMN,Golden Minerals Co,0.00,0.00,0.00,0.00,0.00,0.00,0.00
AFIB,Acutus Medical Inc.,0.00,0.00,0.00,0.00,0.00,0.00,0.00
ATYG,Saxon Capital Group Inc./DE,0.00,0.00,0.00,0.00,0.00,0.00,0.00
PMVC,PMV Consumer Acquisition Corp.,0.00,0.00,0.00,0.00,0.00,0.00,0.00
SKVI,SKINVISIBLE INC.,0.00,0.00,0.00,0.00,0.00,0.00,0.00
NVSGF,Nevada Sunrise Metals Corp.,0.00,0.00,0.00,0.00,0.00,0.00,0.00
KRBP,Kiromic Biopharma Inc.,0.00,0.00,0.00,0.00,0.00,0.00,0.00
EQOSQ,EQONEX Ltd,0.00,0.00,0.00,0.00,0.00,0.00,0.00
FECOF,FEC Resources Inc.,0.00,0.00,0.00,0.00,0.00,0.00,0.00
GMER,GOOD GAMING INC.,0.00,0.00,0.00,0.00,0.00,0.00,0.00
HHHEF,37 CAPITAL INC,0.00,0.00,0.00,0.00,0.00,0.00,0.00
TANH,TANTECH HOLDINGS LTD,0.00,0.00,0.00,0.00,0.00,0.00,0.00
MRPT,MACREPORT NET INC,0.00,0.00,0.00,0.00,0.00,0.00,0.00
ASII,Accredited Solutions Inc.,0.00,0.00,0.00,0.00,0.00,0.00,0.00
UPC,Universe Pharmaceuticals INC,0.00,0.00,0.00,0.00,0.00,0.00,0.00
ACON,Aclarion Inc.,0.00,0.00,0.00,0.00,0.00,0.00,0.00
BEGI,BLACKSTAR ENTERPRISE GROUP INC.,0.00,0.00,0.00,0.00,0.00,0.00,0.00
PRSI,PORTSMOUTH SQUARE INC,0.00,0.00,0.00,0.00,0.00,0.00,0.00
LAAB,Startech Labs Inc.,0.00,0.00,0.00,0.00,0.00,0.00,0.00
ARRT,Artisan Consumer Goods Inc.,0.00,0.00,0.00,0.00,0.00,0.00,0.00
AETHF,Aether Global Innovations Corp.,0.00,0.00,0.00,0.00,0.00,0.00,0.00
HLLK,HALLMARK VENTURE GROUP INC.,0.00,0.00,0.00,0.00,0.00,0.00,0.00
KAYS,Kaya Holdings Inc.,0.00,0.00,0.00,0.00,0.00,0.00,0.00
CAPC,CAPSTONE COMPANIES INC.,0.00,0.00,0.00,0.00,0.00,0.00,0.00
LQWC,LIFEQUEST WORLD CORP.,0.00,0.00,0.00,0.00,0.00,0.00,0.00
GLFH,Galenfeha Inc.,0.00,0.00,0.00,0.00,0.00,0.00,0.00
IMII,INCEPTION MINING INC.,0.00,0.00,0.00,0.00,0.00,0.00,0.00
VYST,Vystar Corp,0.00,0.00,0.00,0.00,0.00,0.00,0.00
CWBR,CohBar Inc.,0.00,0.00,0.00,0.00,0.00,0.00,0.00
PLSH,PANACEA LIFE SCIENCES HOLDINGS INC.,0.00,0.00,0.00,0.00,0.00,0.00,0.00
GNTOF,GENTOR RESOURCES INC.,0.00,0.00,0.00,0.00,0.00,0.00,0.00
PGOL,PATRIOT GOLD CORP,0.00,0.00,0.00,0.00,0.00,0.00,0.00
SRGZ,Star Gold Corp.,0.00,0.00,0.00,0.00,0.00,0.00,0.00
SONX,Sonendo Inc.,0.00,0.00,0.00,0.00,0.00,0.00,0.00
PTCO,PetroGas Co,0.00,0.00,0.00,0.00,0.00,0.00,0.00
BSPK,Bespoke Extracts Inc.,0.00,0.00,0.00,0.00,0.00,0.00,0.00
VEII,Value Exchange International Inc.,0.00,0.00,0.00,0.00,0.00,0.00,0.00
PAXH,PREAXIA HEALTH CARE PAYMENT SYSTEMS INC.,0.00,0.00,0.00,0.00,0.00,0.00,0.00
AVPMF,AVRUPA MINERALS LTD.,0.00,0.00,0.00,0.00,0.00,0.00,0.00
NGTF,NightFood Holdings Inc.,0.00,0.00,0.00,0.00,0.00,0.00,0.00
SPEV,SHOREPOWER TECHNOLOGIES INC.,0.00,0.00,0.00,0.00,0.00,0.00,0.00
CBDL,CBD Life Sciences Inc.,0.00,0.00,0.00,0.00,0.00,0.00,0.00
ADD,Color Star Technology Co. Ltd.,0.00,0.00,0.00,0.00,0.00,0.00,0.00
ENRT,Enertopia Corp.,0.00,0.00,0.00,0.00,0.00,0.00,0.00
DREM,Dream Homes & Development Corp.,0.00,0.00,0.00,0.00,0.00,0.00,0.00
NWCN,NETWORK CN INC,0.00,0.00,0.00,0.00,0.00,0.00,0.00
DBGI,Digital Brands Group Inc.,0.00,0.00,0.00,0.00,0.00,0.00,0.00
CSUI,CANNABIS SUISSE CORP.,0.00,0.00,0.00,0.00,0.00,0.00,0.00
RGBP,Regen BioPharma Inc,0.00,0.00,0.00,0.00,0.00,0.00,0.00
ASFT,Appsoft Technologies Inc.,0.00,0.00,0.00,0.00,0.00,0.00,0.00
MVLA,Movella Holdings Inc.,0.00,0.00,0.00,0.00,0.00,0.00,0.00
DYNT,DYNATRONICS CORP,0.00,0.00,0.00,0.00,0.00,0.00,0.00
ATAO,ALTAIR INTERNATIONAL CORP.,0.00,0.00,0.00,0.00,0.00,0.00,0.00
GRTSQ,Gritstone bio Inc.,0.00,0.00,0.00,0.00,0.00,0.00,0.00
BSFC,Blue Star Foods Corp.,0.00,0.00,0.00,0.00,0.00,0.00,0.00
MMEX,MMEX Resources Corp,0.00,0.00,0.00,0.00,0.00,0.00,0.00
EBZT,Everything Blockchain Inc.,0.00,0.00,0.00,0.00,0.00,0.00,0.00
ESMC,ESCALON MEDICAL CORP,0.00,0.00,0.00,0.00,0.00,0.00,0.00
ISCO,International Stem Cell CORP,0.00,0.00,0.00,0.00,0.00,0.00,0.00
LADX,LadRx Corp,0.00,0.00,0.00,0.00,0.00,0.00,0.00
EVFM,Evofem Biosciences Inc.,0.00,0.00,0.00,0.00,0.00,0.00,0.00
WAST,WASTE ENERGY CORP.,0.00,0.00,0.00,0.00,0.00,0.00,0.00
FMHS,FARMHOUSE INC. /NV,0.00,0.00,0.00,0.00,0.00,0.00,0.00
MCOM,micromobility.com Inc.,0.00,0.00,0.00,0.00,0.00,0.00,0.00
CAMG,CAM GROUP INC.,0.00,0.00,0.00,0.00,0.00,0.00,0.00
MLRT,Metalert Inc.,0.00,0.00,0.00,0.00,0.00,0.00,0.00
BOTY,LINGERIE FIGHTING CHAMPIONSHIPS INC.,0.00,0.00,0.00,0.00,0.00,0.00,0.00
EMMA,Emmaus Life Sciences Inc.,0.00,0.00,0.00,0.00,0.00,0.00,0.00
JPPYY,Jupai Holdings Ltd,0.00,0.00,0.00,0.00,0.00,0.00,0.00
CONC,CONECTISYS CORP,0.00,0.00,0.00,0.00,0.00,0.00,0.00
VNUE,VNUE Inc.,0.00,0.00,0.00,0.00,0.00,0.00,0.00
AKTSQ,Akoustis Technologies Inc.,0.00,0.00,0.00,0.00,0.00,0.00,0.00
CBDY,Target Group Inc.,0.00,0.00,0.00,0.00,0.00,0.00,0.00
ADIA,Adia Nutrition Inc.,0.00,0.00,0.00,0.00,0.00,0.00,0.00
JFIL,Jubilant Flame International Ltd,0.00,0.00,0.00,0.00,0.00,0.00,0.00
SOBR,SOBR Safe Inc.,0.00,0.00,0.00,0.00,0.00,0.00,0.00
RGTPQ,POLARITYTE INC.,0.00,0.00,0.00,0.00,0.00,0.00,0.00
YCRM,Yuenglings Ice Cream Corp,0.00,0.00,0.00,0.00,0.00,0.00,0.00
GLAE,GlassBridge Enterprises Inc.,0.00,0.00,0.00,0.00,0.00,0.00,0.00
FRCB,FIRST REPUBLIC BANK,0.00,0.00,0.00,0.00,0.00,0.00,0.00
PIKM,KIDPIK CORP.,0.00,0.00,0.00,0.00,0.00,0.00,0.00
WDDD,WORLDS INC,0.00,0.00,0.00,0.00,0.00,0.00,0.00
NUMD,Nu-Med Plus Inc.,0.00,0.00,0.00,0.00,0.00,0.00,0.00
CMGO,CMG HOLDINGS GROUP INC.,0.00,0.00,0.00,0.00,0.00,0.00,0.00
NXEN,NEXIEN BIOPHARMA INC.,0.00,0.00,0.00,0.00,0.00,0.00,0.00
GRLF,GREEN LEAF INNOVATIONS INC,0.00,0.00,0.00,0.00,0.00,0.00,0.00
ACAN,AmeriCann Inc.,0.00,0.00,0.00,0.00,0.00,0.00,0.00
ARTH,Arch Therapeutics Inc.,0.00,0.00,0.00,0.00,0.00,0.00,0.00
BTAX,Biostax Corp.,0.00,0.00,0.00,0.00,0.00,0.00,0.00
MEXGF,Mexican Gold Mining Corp.,0.00,0.00,0.00,0.00,0.00,0.00,0.00
VHAI,Vocodia Holdings Corp,0.00,0.00,0.00,0.00,0.00,0.00,0.00
CBDW,1606 CORP.,0.00,0.00,0.00,0.00,0.00,0.00,0.00
SYIN,Synbio International Inc.,0.00,0.00,0.00,0.00,0.00,0.00,0.00
SAML,Samsara Luggage Inc.,0.00,0.00,0.00,0.00,0.00,0.00,0.00
PXMD,PaxMedica Inc.,0.00,0.00,0.00,0.00,0.00,0.00,0.00
GSPI,Green Star Products Inc.,0.00,0.00,0.00,0.00,0.00,0.00,0.00
IPSI,Innovative Payment Solutions Inc.,0.00,0.00,0.00,0.00,0.00,0.00,0.00
KDCE,KID CASTLE EDUCATIONAL CORP,0.00,0.00,0.00,0.00,0.00,0.00,0.00
CLOW,Cloudweb Inc.,0.00,0.00,0.00,0.00,0.00,0.00,0.00
QPRC,QUEST PATENT RESEARCH CORP,0.00,0.00,0.00,0.00,0.00,0.00,0.00
FRZT,Freeze Tag Inc.,0.00,0.00,0.00,0.00,0.00,0.00,0.00
TPTW,TPT GLOBAL TECH INC.,0.00,0.00,0.00,0.00,0.00,0.00,0.00
DBMM,Digital Brand Media & Marketing Group Inc.,0.00,0.00,0.00,0.00,0.00,0.00,0.00
VNTH,Nano Mobile Healthcare Inc.,0.00,0.00,0.00,0.00,0.00,0.00,0.00
GCAN,Greater Cannabis Company Inc.,0.00,0.00,0.00,0.00,0.00,0.00,0.00
BOTH,BIOETHICS LTD,0.00,0.00,0.00,0.00,0.00,0.00,0.00
GSTX,Graphene & Solar Technologies Ltd,0.00,0.00,0.00,0.00,0.00,0.00,0.00
DTII,DEFENSE TECHNOLOGIES INTERNATIONAL CORP.,0.00,0.00,0.00,0.00,0.00,0.00,0.00
CLDVF,Web3 Ventures Inc.,0.00,0.00,0.00,0.00,0.00,0.00,0.00
GRVE,GROOVE BOTANICALS INC.,0.00,0.00,0.00,0.00,0.00,0.00,0.00
PAPA,Papa Medical Inc.,0.00,0.00,0.00,0.00,0.00,0.00,0.00
TLSS,Transportation & Logistics Systems Inc.,0.00,0.00,0.00,0.00,0.00,0.00,0.00
NRHI,Natural Resource Holdings Inc.,0.00,0.00,0.00,0.00,0.00,0.00,0.00
EMDF,E Med Future Inc.,0.00,0.00,0.00,0.00,0.00,0.00,0.00
CCTC,Catalyst Crew Technologies Corp.,0.00,0.00,0.00,0.00,0.00,0.00,0.00
GFMH,Goliath Film & Media Holdings,0.00,0.00,0.00,0.00,0.00,0.00,0.00
SSOK,Sunstock Inc.,0.00,0.00,0.00,0.00,0.00,0.00,0.00
LEJUY,Leju Holdings Ltd,0.00,0.00,0.00,0.00,0.00,0.00,0.00
KATX,KAT EXPLORATION INC.,0.00,0.00,0.00,0.00,0.00,0.00,0.00
MRZM,MARIZYME INC.,0.00,0.00,0.00,0.00,0.00,0.00,0.00
KEGS,1812 Brewing Company Inc.,0.00,0.00,0.00,0.00,0.00,0.00,0.00
MTLK,METALINK LTD,0.00,0.00,0.00,0.00,0.00,0.00,0.00
CBNT,C-Bond Systems Inc,0.00,0.00,0.00,0.00,0.00,0.00,0.00
NBND,NetBrands Corp.,0.00,0.00,0.00,0.00,0.00,0.00,0.00
CYTOF,Altamira Therapeutics Ltd.,0.00,0.00,0.00,0.00,0.00,0.00,0.00
RWGI,Rodedawg International Industries Inc.,0.00,0.00,0.00,0.00,0.00,0.00,0.00
VISM,VISIUM TECHNOLOGIES INC.,0.00,0.00,0.00,0.00,0.00,0.00,0.00
HIGR,Hi-Great Group Holding Co,0.00,0.00,0.00,0.00,0.00,0.00,0.00
MGTI,MGT CAPITAL INVESTMENTS INC.,0.00,0.00,0.00,0.00,0.00,0.00,0.00
ZRFY,Zerify Inc.,0.00,0.00,0.00,0.00,0.00,0.00,0.00
BLPG,Blue Line Protection Group Inc.,0.00,0.00,0.00,0.00,0.00,0.00,0.00
BDPT,BIOADAPTIVES INC.,0.00,0.00,0.00,0.00,0.00,0.00,0.00
SLDC,Telco Cuba Inc.,0.00,0.00,0.00,0.00,0.00,0.00,0.00
TBIO,Telesis Bio Inc.,0.00,0.00,0.00,0.00,0.00,0.00,0.00
NSTM,NovelStem International Corp.,0.00,0.00,0.00,0.00,0.00,0.00,0.00
TUPBQ,TUPPERWARE BRANDS CORP,0.00,0.00,0.00,0.00,0.00,0.00,0.00
SATT,SATIVUS TECH CORP.,0.00,0.00,0.00,0.00,0.00,0.00,0.00
AAGR,African Agriculture Holdings Inc.,0.00,0.00,0.00,0.00,0.00,0.00,0.00
VSOLF,THREE SIXTY SOLAR LTD.,0.00,0.00,0.00,0.00,0.00,0.00,0.00
VINOQ,Gaucho Group Holdings Inc.,0.00,0.00,0.00,0.00,0.00,0.00,0.00
AIXN,AiXin Life International Inc.,0.00,0.00,0.00,0.00,0.00,0.00,0.00
USLG,U.S. Lighting Group Inc.,0.00,0.00,0.00,0.00,0.00,0.00,0.00
MHTX,MANHATTAN SCIENTIFICS INC,0.00,0.00,0.00,0.00,0.00,0.00,0.00
ITOX,IIOT-OXYS Inc.,0.00,0.00,0.00,0.00,0.00,0.00,0.00
BISA,BALTIC INTERNATIONAL USA INC,0.00,0.00,0.00,0.00,0.00,0.00,0.00
OMTK,Omnitek Engineering Corp,0.00,0.00,0.00,0.00,0.00,0.00,0.00
SKFG,Stark Focus Group Inc.,0.00,0.00,0.00,0.00,0.00,0.00,0.00
NIHK,Video River Networks Inc.,0.00,0.00,0.00,0.00,0.00,0.00,0.00
CAPS,Capstone Holding Corp.,0.00,0.00,0.00,0.00,0.00,0.00,0.00
LGCP,Legion Capital Corp,0.00,0.00,0.00,0.00,0.00,0.00,0.00
GMPW,GIVEMEPOWER CORP,0.00,0.00,0.00,0.00,0.00,0.00,0.00
EMAX,Ecomax Inc,0.00,0.00,0.00,0.00,0.00,0.00,0.00
NNAX,New Momentum Corp.,0.00,0.00,0.00,0.00,0.00,0.00,0.00
SPEC,Spectaire Holdings Inc.,0.00,0.00,0.00,0.00,0.00,0.00,0.00
LSMG,Lode-Star Mining Inc.,0.00,0.00,0.00,0.00,0.00,0.00,0.00
QTTOY,Qutoutiao Inc.,0.00,0.00,0.00,0.00,0.00,0.00,0.00
STAL,Star Alliance International Corp.,0.00,0.00,0.00,0.00,0.00,0.00,0.00
TMGI,Marquie Group Inc.,0.00,0.00,0.00,0.00,0.00,0.00,0.00
ATVK,Ameritek Ventures Inc.,0.00,0.00,0.00,0.00,0.00,0.00,0.00
GSAC,GELSTAT CORP,0.00,0.00,0.00,0.00,0.00,0.00,0.00
ECPL,ECOPLUS INC,0.00,0.00,0.00,0.00,0.00,0.00,0.00
GSTC,GlobeStar Therapeutics Corp,0.00,0.00,0.00,0.00,0.00,0.00,0.00
DLOC,Digital Locations Inc.,0.00,0.00,0.00,0.00,0.00,0.00,0.00
NIMU,NON INVASIVE MONITORING SYSTEMS INC /FL/,0.00,0.00,0.00,0.00,0.00,0.00,0.00
BFYW,Better For You Wellness Inc.,0.00,0.00,0.00,0.00,0.00,0.00,0.00
RMTG,Regenerative Medical Technology Group Inc.,0.00,0.00,0.00,0.00,0.00,0.00,0.00
PDPG,Performance Drink Group Inc.,0.00,0.00,0.00,0.00,0.00,0.00,0.00
SMME,SmartMetric Inc.,0.00,0.00,0.00,0.00,0.00,0.00,0.00
GRPS,Trans American Aquaculture Inc,0.00,0.00,0.00,0.00,0.00,0.00,0.00
GAHC,Global Arena Holding Inc.,0.00,0.00,0.00,0.00,0.00,0.00,0.00
RSPI,RespireRx Pharmaceuticals Inc.,0.00,0.00,0.00,0.00,0.00,0.00,0.00
BIOLQ,BIOLASE INC,0.00,0.00,0.00,0.00,0.00,0.00,0.00
DCLT,Data Call Technologies,0.00,0.00,0.00,0.00,0.00,0.00,0.00
KOAN,Resonate Blends Inc.,0.00,0.00,0.00,0.00,0.00,0.00,0.00
INQD,Indoor Harvest Corp,0.00,0.00,0.00,0.00,0.00,0.00,0.00
BETSF,Bit Brother Ltd,0.00,0.00,0.00,0.00,0.00,0.00,0.00
BRGO,Bergio International Inc.,0.00,0.00,0.00,0.00,0.00,0.00,0.00
FLXT,FLEXPOINT SENSOR SYSTEMS INC,0.00,0.00,0.00,0.00,0.00,0.00,0.00
KITL,Kisses From Italy Inc.,0.00,0.00,0.00,0.00,0.00,0.00,0.00
JKSM,Jacksam Corp,0.00,0.00,0.00,0.00,0.00,0.00,0.00
CBIA,Blue Heaven Coffee Inc.,0.00,0.00,0.00,0.00,0.00,0.00,0.00
DXFFY,Dunxin Financial Holdings Ltd,0.00,0.00,0.00,0.00,0.00,0.00,0.00
LOWLF,Lowell Farms Inc.,0.00,0.00,0.00,0.00,0.00,0.00,0.00
CTKYY,CooTek(Cayman)Inc.,0.00,0.00,0.00,0.00,0.00,0.00,0.00
PLTYF,Plastec Technologies Ltd.,0.00,0.00,0.00,0.00,0.00,0.00,0.00
EMED,Electromedical Technologies Inc,0.00,0.00,0.00,0.00,0.00,0.00,0.00
RAKR,Rainmaker Worldwide Inc.,0.00,0.00,0.00,0.00,0.00,0.00,0.00
VRTC,VERITEC INC,0.00,0.00,0.00,0.00,0.00,0.00,0.00
SEELQ,SEELOS THERAPEUTICS INC.,0.00,0.00,0.00,0.00,0.00,0.00,0.00
PPCB,Propanc Biopharma Inc.,0.00,0.00,0.00,0.00,0.00,0.00,0.00
CNBX,CNBX Pharmaceuticals Inc.,0.00,0.00,0.00,0.00,0.00,0.00,0.00
LEEN,Leopard Energy Inc.,0.00,0.00,0.00,0.00,0.00,0.00,0.00
AOXY,ADVANCED OXYGEN TECHNOLOGIES INC,0.00,0.00,0.00,0.00,0.00,0.00,0.00
VMHG,VICTORY MARINE HOLDINGS CORP,0.00,0.00,0.00,0.00,0.00,0.00,0.00
TLCC,TWINLAB CONSOLIDATED HOLDINGS INC.,0.00,0.00,0.00,0.00,0.00,0.00,0.00
NTBLQ,Notable Labs Ltd.,0.00,0.00,0.00,0.00,0.00,0.00,0.00
FINR,Fintech Scion Ltd,0.00,0.00,0.00,0.00,0.00,0.00,0.00
PTOS,P2 Solar Inc.,0.00,0.00,0.00,0.00,0.00,0.00,0.00
GPAK,Gamer Pakistan Inc,0.00,0.00,0.00,0.00,0.00,0.00,0.00
INND,INNERSCOPE HEARING TECHNOLOGIES INC.,0.00,0.00,0.00,0.00,0.00,0.00,0.00
SANP,SANTO MINING CORP.,0.00,0.00,0.00,0.00,0.00,0.00,0.00
BRSHF,Bruush Oral Care Inc.,0.00,0.00,0.00,0.00,0.00,0.00,0.00
USCTF,Roth CH Acquisition Co.,0.00,0.00,0.00,0.00,0.00,0.00,0.00
DGWR,Deep Green Waste & Recycling Inc.,0.00,0.00,0.00,0.00,0.00,0.00,0.00
MTEM,Molecular Templates Inc.,0.00,0.00,0.00,0.00,0.00,0.00,0.00
SPOWF,Strata Power Corp,0.00,0.00,0.00,0.00,0.00,0.00,0.00
YTENQ,YIELD10 BIOSCIENCE INC.,0.00,0.00,0.00,0.00,0.00,0.00,0.00
TMPOQ,Tempo Automation Holdings Inc.,0.00,0.00,0.00,0.00,0.00,0.00,0.00
PBIO,PRESSURE BIOSCIENCES INC,0.00,0.00,0.00,0.00,0.00,0.00,0.00
NEXI,NexImmune Inc.,0.00,0.00,0.00,0.00,0.00,0.00,0.00
FCHS,First Choice Healthcare Solutions Inc.,0.00,0.00,0.00,0.00,0.00,0.00,0.00
SHRG,SHARING SERVICES GLOBAL Corp,0.00,0.00,0.00,0.00,0.00,0.00,0.00
CWNOF,CHINESEWORLDNET COM INC,0.00,0.00,0.00,0.00,0.00,0.00,0.00
SING,SinglePoint Inc.,0.00,0.00,0.00,0.00,0.00,0.00,0.00
GTRL,Get Real USA Inc.,0.00,0.00,0.00,0.00,0.00,0.00,0.00
IONM,Assure Holdings Corp.,0.00,0.00,0.00,0.00,0.00,0.00,0.00
CMAXQ,CareMax Inc.,0.00,0.00,0.00,0.00,0.00,0.00,0.00
BOMO,bowmo Inc.,0.00,0.00,0.00,0.00,0.00,0.00,0.00
SDCCQ,SmileDirectClub Inc.,0.00,0.00,0.00,0.00,0.00,0.00,0.00
MGAM,Mobile Global Esports Inc.,0.00,0.00,0.00,0.00,0.00,0.00,0.00
AMMJ,American Cannabis Company Inc.,0.00,0.00,0.00,0.00,0.00,0.00,0.00
NUVOQ,Holdco Nuvo Group D.G Ltd.,0.00,0.00,0.00,0.00,0.00,0.00,0.00
TPIA,Mycotopia Therapies Inc.,0.00,0.00,0.00,0.00,0.00,0.00,0.00
XTIA,XTI Aerospace Inc.,0.00,0.00,0.00,0.00,0.00,0.00,0.00
ATDS,Data443 Risk Mitigation Inc.,0.00,0.00,0.00,0.00,0.00,0.00,0.00
IPIX,Innovation Pharmaceuticals Inc.,0.00,0.00,0.00,0.00,0.00,0.00,0.00
CIRX,CIRTRAN CORP,0.00,0.00,0.00,0.00,0.00,0.00,0.00
BANT,Bantec Inc.,0.00,0.00,0.00,0.00,0.00,0.00,0.00
FSTJ,First America Resources Corp,0.00,0.00,0.00,0.00,0.00,0.00,0.00
DBRM,DAYBREAK OIL & GAS INC.,0.00,0.00,0.00,0.00,0.00,0.00,0.00
DCFCQ,Tritium DCFC Ltd,0.00,0.00,0.00,0.00,0.00,0.00,0.00
STRG,STARGUIDE GROUP INC.,0.00,0.00,0.00,0.00,0.00,0.00,0.00
CUEN,Cuentas Inc.,0.00,0.00,0.00,0.00,0.00,0.00,0.00
ELYS,Elys BMG Group Inc.,0.00,0.00,0.00,0.00,0.00,0.00,0.00
GGEI,Green Giant Inc.,0.00,0.00,0.00,0.00,0.00,0.00,0.00
ACUR,ACURA PHARMACEUTICALS INC,0.00,0.00,0.00,0.00,0.00,0.00,0.00
XSNX,NovAccess Global Inc.,0.00,0.00,0.00,0.00,0.00,0.00,0.00
EBET,EBET Inc.,0.00,0.00,0.00,0.00,0.00,0.00,0.00
TTCFQ,Tattooed Chef Inc.,0.00,0.00,0.00,0.00,0.00,0.00,0.00
ISUNQ,ISUN INC.,0.00,0.00,0.00,0.00,0.00,0.00,0.00
GPLDF,GREAT PANTHER MINING Ltd,0.00,0.00,0.00,0.00,0.00,0.00,0.00
GROM,Grom Social Enterprises Inc.,0.00,0.00,0.00,0.00,0.00,0.00,0.00
ELIQQ,Electriq Power Holdings Inc.,0.00,0.00,0.00,0.00,0.00,0.00,0.00
NMRD,Nemaura Medical Inc.,0.00,0.00,0.00,0.00,0.00,0.00,0.00
UPHL,UpHealth Inc.,0.00,0.00,0.00,0.00,0.00,0.00,0.00
ARVLF,Arrival,0.00,0.00,0.00,0.00,0.00,0.00,0.00
DMTKQ,DermTech Inc.,0.00,0.00,0.00,0.00,0.00,0.00,0.00
BFICQ,BurgerFi International Inc.,0.00,0.00,0.00,0.00,0.00,0.00,0.00
BBIG,Vinco Ventures Inc.,0.00,0.00,0.00,0.00,0.00,0.00,0.00
RIBT,RiceBran Technologies,0.00,0.00,0.00,0.00,0.00,0.00,0.00
BIMI,BIMI Holdings Inc.,0.00,0.00,0.00,0.00,0.00,0.00,0.00
FUVV,Arcimoto Inc,0.00,0.00,0.00,0.00,0.00,0.00,0.00
DLAPQ,DELTA APPAREL INC,0.00,0.00,0.00,0.00,0.00,0.00,0.00
MMATQ,META MATERIALS INC.,0.00,0.00,0.00,0.00,0.00,0.00,0.00
WTRV,White River Energy Corp.,0.00,0.00,0.00,0.00,0.00,0.00,0.00
SUNWQ,Sunworks Inc.,0.00,0.00,0.00,0.00,0.00,0.00,0.00
ELOX,Eloxx Pharmaceuticals Inc.,0.00,0.00,0.00,0.00,0.00,0.00,0.00
NTHI,NEONC TECHNOLOGIES HOLDINGS INC.,0.00,0.00,0.00,0.00,0.00,0.00,0.00
DGNX,Diginex Ltd,0.00,0.00,0.00,0.00,0.00,0.00,0.00
HLTHQ,Cue Health Inc.,0.00,0.00,0.00,0.00,0.00,0.00,0.00
IGOT,FOMO WORLDWIDE INC.,0.00,0.00,0.00,0.00,0.00,0.00,0.00
NICH,NITCHES INC,0.00,0.00,0.00,0.00,0.00,0.00,0.00
COTI,CORETAG INC.,0.00,0.00,0.00,0.00,0.00,0.00,0.00
BABY,PishPosh Inc.,0.00,0.00,0.00,0.00,0.00,0.00,0.00
AAAU,Goldman Sachs Physical Gold ETF,0.00,0.00,0.00,0.00,0.00,0.00,0.00
AIDG,AIS Holdings Group Inc.,0.00,0.00,0.00,0.00,0.00,0.00,0.00
TFSA,Terra Income Fund 6 LLC,0.00,0.00,0.00,0.00,0.00,0.00,0.00
BIORQ,BIORA THERAPEUTICS INC.,0.00,0.00,0.00,0.00,0.00,0.00,0.00
CAST,FreeCast Inc.,0.00,0.00,0.00,0.00,0.00,0.00,0.00
MOMC,BLOCKHOLD CAPITAL CORP,0.00,0.00,0.00,0.00,0.00,0.00,0.00
BBNX,Beta Bionics Inc,0.00,0.00,0.00,0.00,0.00,0.00,0.00
AAGO,Aspargo Labs Inc.,0.00,0.00,0.00,0.00,0.00,0.00,0.00
BAR,GraniteShares Gold Trust,0.00,0.00,0.00,0.00,0.00,0.00,0.00
ARAI,Arrive AI Inc.,0.00,0.00,0.00,0.00,0.00,0.00,0.00
AILEQ,iLearningEngines Inc.,0.00,0.00,0.00,0.00,0.00,0.00,0.00
OAK-PA,Brookfield Oaktree Holdings LLC,0.00,0.00,0.00,0.00,0.00,0.00,0.00
UNL,United States 12 Month Natural Gas Fund LP,0.00,0.00,0.00,0.00,0.00,0.00,0.00
GLNS,Golden Star Resource Corp.,0.00,0.00,0.00,0.00,0.00,0.00,0.00
UDN,INVESCO DB US DOLLAR INDEX BEARISH FUND,0.00,0.00,0.00,0.00,0.00,0.00,0.00
UUP,Invesco DB US Dollar Index Bullish Fund,0.00,0.00,0.00,0.00,0.00,0.00,0.00
GJT,STRATS(SM) Trust for Allstate Corp Securities Series 2006-3,0.00,0.00,0.00,0.00,0.00,0.00,0.00
GJO,STRATS SM TRUST FOR WAL-MART STORES INC. SECURITIES SERIES 2005-4,0.00,0.00,0.00,0.00,0.00,0.00,0.00
BNO,United States Brent Oil Fund LP,0.00,0.00,0.00,0.00,0.00,0.00,0.00
LVDW,LiquidValue Development Inc.,0.00,0.00,0.00,0.00,0.00,0.00,0.00
JTGEY,CitibankN.A./ADR,0.00,0.00,0.00,0.00,0.00,0.00,0.00
PALL,abrdn Palladium ETF Trust,0.00,0.00,0.00,0.00,0.00,0.00,0.00
FETH,Fidelity Ethereum Fund,0.00,0.00,0.00,0.00,0.00,0.00,0.00
PRGY,IGTA Merger Sub Ltd,0.00,0.00,0.00,0.00,0.00,0.00,0.00
IOTR,iOThree Ltd,0.00,0.00,0.00,0.00,0.00,0.00,0.00
TLIH,Ten-League International Holdings Ltd,0.00,0.00,0.00,0.00,0.00,0.00,0.00
ENGS,Energys Group Ltd,0.00,0.00,0.00,0.00,0.00,0.00,0.00
MTSR,Metsera Inc.,0.00,0.00,0.00,0.00,0.00,0.00,0.00
YZRY,Gansu Yunzhao Ruyi Technology Development Co. Ltd.,0.00,0.00,0.00,0.00,0.00,0.00,0.00
LOKV,Live Oak Acquisition Corp. V,0.00,0.00,0.00,0.00,0.00,0.00,0.00
KFII,K&F GROWTH ACQUISITION CORP. II,0.00,0.00,0.00,0.00,0.00,0.00,0.00
LFS,LEIFRAS Co. Ltd.,0.00,0.00,0.00,0.00,0.00,0.00,0.00
AACB,Artius II Acquisition Inc.,0.00,0.00,0.00,0.00,0.00,0.00,0.00
LGPS,LOGPROSTYLE INC.,0.00,0.00,0.00,0.00,0.00,0.00,0.00
DLXY,Delixy Holdings Ltd,0.00,0.00,0.00,0.00,0.00,0.00,0.00
RYOJ,rYojbaba Co. Ltd.,0.00,0.00,0.00,0.00,0.00,0.00,0.00
AURS,Aurous Resources,0.00,0.00,0.00,0.00,0.00,0.00,0.00
WXM,WF International Ltd.,0.00,0.00,0.00,0.00,0.00,0.00,0.00
NUTR,NUSATRIP Inc,0.00,0.00,0.00,0.00,0.00,0.00,0.00
JFB,JFB Construction Holdings,0.00,0.00,0.00,0.00,0.00,0.00,0.00
FCHL,Fitness Champs Holdings Ltd,0.00,0.00,0.00,0.00,0.00,0.00,0.00
TGHL,GrowHub Ltd,0.00,0.00,0.00,0.00,0.00,0.00,0.00
DMNT,DMINT Inc.,0.00,0.00,0.00,0.00,0.00,0.00,0.00
BTC,Grayscale Bitcoin Mini Trust ETF,0.00,0.00,0.00,0.00,0.00,0.00,0.00
TMDE,TMD Energy Ltd,0.00,0.00,0.00,0.00,0.00,0.00,0.00
SDM,Smart Digital Group Ltd,0.00,0.00,0.00,0.00,0.00,0.00,0.00
COLA,Columbus Acquisition Corp/Cayman Islands,0.00,0.00,0.00,0.00,0.00,0.00,0.00
POAS,Phaos Technology (Cayman) Holdings Ltd,0.00,0.00,0.00,0.00,0.00,0.00,0.00
TOPW,Top Win International Ltd,0.00,0.00,0.00,0.00,0.00,0.00,0.00
SVCC,Stellar V Capital Corp. (Cayman Islands),0.00,0.00,0.00,0.00,0.00,0.00,0.00
MAYA,Maywood Acquisition Corp.,0.00,0.00,0.00,0.00,0.00,0.00,0.00
MGRT,Mega Fortune Co Ltd,0.00,0.00,0.00,0.00,0.00,0.00,0.00
JACS,Jackson Acquisition Co II,0.00,0.00,0.00,0.00,0.00,0.00,0.00
AHJK,Aimei Health Technology II Co. Ltd.,0.00,0.00,0.00,0.00,0.00,0.00,0.00
MJID,Majestic Ideal Holdings Ltd,0.00,0.00,0.00,0.00,0.00,0.00,0.00
FBGL,FBS Global Ltd,0.00,0.00,0.00,0.00,0.00,0.00,0.00
CRGT,Cortigent Inc.,0.00,0.00,0.00,0.00,0.00,0.00,0.00
TOPP,Toppoint Holdings Inc.,0.00,0.00,0.00,0.00,0.00,0.00,0.00
SLRA,SOLERA CORP.,0.00,0.00,0.00,0.00,0.00,0.00,0.00
EIIA,Eagle Point Institutional Income Fund,0.00,0.00,0.00,0.00,0.00,0.00,0.00
MANA,Grayscale Decentraland Trust (MANA),0.00,0.00,0.00,0.00,0.00,0.00,0.00
GLIV,Grayscale Livepeer Trust (LPT),0.00,0.00,0.00,0.00,0.00,0.00,0.00
GLNK,Grayscale Chainlink Trust (LINK),0.00,0.00,0.00,0.00,0.00,0.00,0.00
ETHV,VanEck Ethereum ETF,0.00,0.00,0.00,0.00,0.00,0.00,0.00
TSLVF,TIER ONE SILVER INC.,0.00,0.00,0.00,0.00,0.00,0.00,0.00
HVII,Hennessy Capital Investment Corp. VII,0.00,0.00,0.00,0.00,0.00,0.00,0.00
HODL,VanEck Bitcoin ETF,0.00,0.00,0.00,0.00,0.00,0.00,0.00
PYT,PPLUS Trust Series GSC-2,0.00,0.00,0.00,0.00,0.00,0.00,0.00
KTN,STRUCTURED PRODUCTS CORP CRED ENHANCE CORTS TR FOR AON CAP A,0.00,0.00,0.00,0.00,0.00,0.00,0.00
PMHS,Polomar Health Services Inc.,0.00,0.00,0.00,0.00,0.00,0.00,0.00
CHSCP,CHS INC,0.00,0.00,0.00,0.00,0.00,0.00,0.00
CDRPB,CEDAR REALTY TRUST INC.,0.00,0.00,0.00,0.00,0.00,0.00,0.00
ULVR,UNILEVER PLC,0.00,0.00,0.00,0.00,0.00,0.00,0.00
CTBB,QWEST CORP,0.00,0.00,0.00,0.00,0.00,0.00,0.00
GMCG,GLAMOORE Capital Group Co Ltd.,0.00,0.00,0.00,0.00,0.00,0.00,0.00
DXST,Decent Holding Inc.,0.00,0.00,0.00,0.00,0.00,0.00,0.00
RCT,RedCloud Holdings plc,0.00,0.00,0.00,0.00,0.00,0.00,0.00
GRAN,Grande Group Ltd/HK,0.00,0.00,0.00,0.00,0.00,0.00,0.00
XHLD,TEN Holdings Inc.,0.00,0.00,0.00,0.00,0.00,0.00,0.00
SKBL,Skyline Builders Group Holding Ltd,0.00,0.00,0.00,0.00,0.00,0.00,0.00
TTG,Transten Global Group Ltd,0.00,0.00,0.00,0.00,0.00,0.00,0.00
YDES,YD Bio Ltd,0.00,0.00,0.00,0.00,0.00,0.00,0.00
TWNP,Twin Hospitality Group Inc.,0.00,0.00,0.00,0.00,0.00,0.00,0.00
WTF,Waton Financial Ltd,0.00,0.00,0.00,0.00,0.00,0.00,0.00
PN,Skycorp Solar Group Ltd,0.00,0.00,0.00,0.00,0.00,0.00,0.00
LBRJ,Libera Gaming Operations Inc,0.00,0.00,0.00,0.00,0.00,0.00,0.00
DEFI,Tidal Commodities Trust I,0.00,0.00,0.00,0.00,0.00,0.00,0.00
IBIT,iShares Bitcoin Trust ETF,0.00,0.00,0.00,0.00,0.00,0.00,0.00
PICW,Pictureworks International Holdings Ltd,0.00,0.00,0.00,0.00,0.00,0.00,0.00
MRP,Millrose Properties Inc.,0.00,0.00,0.00,0.00,0.00,0.00,0.00
UFG,Uni-Fuels Holdings Ltd,0.00,0.00,0.00,0.00,0.00,0.00,0.00
ATHR,Aether Holdings Inc.,0.00,0.00,0.00,0.00,0.00,0.00,0.00
NAMM,Namib Minerals,0.00,0.00,0.00,0.00,0.00,0.00,0.00
WGRX,Wellgistics Health Inc.,0.00,0.00,0.00,0.00,0.00,0.00,0.00
EZBC,Franklin Templeton Digital Holdings Trust,0.00,0.00,0.00,0.00,0.00,0.00,0.00
KMYGY,Kumyang Co. Ltd./ADR,0.00,0.00,0.00,0.00,0.00,0.00,0.00
CRE,Cre8 Enterprise Ltd,0.00,0.00,0.00,0.00,0.00,0.00,0.00
ETHW,Bitwise Ethereum ETF,0.00,0.00,0.00,0.00,0.00,0.00,0.00
EWSB,EWSB Bancorp Inc. /MD/,0.00,0.00,0.00,0.00,0.00,0.00,0.00
SFDX,SFIDA X Inc.,0.00,0.00,0.00,0.00,0.00,0.00,0.00
KYTFY,Kyoto Financial Group Inc/ADR,0.00,0.00,0.00,0.00,0.00,0.00,0.00
YTTA,Nidar Infrastructure Ltd,0.00,0.00,0.00,0.00,0.00,0.00,0.00
BELR,Bell Rose Capital Inc.,0.00,0.00,0.00,0.00,0.00,0.00,0.00
STAK,STAK Inc.,0.00,0.00,0.00,0.00,0.00,0.00,0.00
YB,Yuanbao Inc.,0.00,0.00,0.00,0.00,0.00,0.00,0.00
SPHA,Shepherd Ave Capital Acquisition Corp,0.00,0.00,0.00,0.00,0.00,0.00,0.00
BLIV,BeLive Holdings,0.00,0.00,0.00,0.00,0.00,0.00,0.00
TMGX,Thoughtful Media Group Inc.,0.00,0.00,0.00,0.00,0.00,0.00,0.00
AAPG,ASCENTAGE PHARMA GROUP INTERNATIONAL,0.00,0.00,0.00,0.00,0.00,0.00,0.00
SNDK,Sandisk Corp,0.00,0.00,0.00,0.00,0.00,0.00,0.00
GFTTY,GFT Technologies SE/ADR,0.00,0.00,0.00,0.00,0.00,0.00,0.00
ATII,Archimedes Tech SPAC Partners II Co.,0.00,0.00,0.00,0.00,0.00,0.00,0.00
DMAA,Drugs Made In America Acquisition Corp.,0.00,0.00,0.00,0.00,0.00,0.00,0.00
CGGJ,Guo Jin Sheng Shi Gold Jewelry Group Holding Ltd,0.00,0.00,0.00,0.00,0.00,0.00,0.00
GTSG,GATES GROUP Inc.,0.00,0.00,0.00,0.00,0.00,0.00,0.00
DAIC ,CID Holdco Inc.,0.00,0.00,0.00,0.00,0.00,0.00,0.00
RHLD,Resolute Holdings Management Inc.,0.00,0.00,0.00,0.00,0.00,0.00,0.00
WSBK,Winchester Bancorp Inc./MD/,0.00,0.00,0.00,0.00,0.00,0.00,0.00
ELOG,Eastern International Ltd.,0.00,0.00,0.00,0.00,0.00,0.00,0.00
FTRK,Fast Track Group,0.00,0.00,0.00,0.00,0.00,0.00,0.00
MB,MASTERBEEF GROUP,0.00,0.00,0.00,0.00,0.00,0.00,0.00
DRDB,Roman DBDR Acquisition Corp. II,0.00,0.00,0.00,0.00,0.00,0.00,0.00
MTNE,CH4 Natural Solutions Acquisition Corp,0.00,0.00,0.00,0.00,0.00,0.00,0.00
JHKC,JuHe KC Holdings Ltd,0.00,0.00,0.00,0.00,0.00,0.00,0.00
CJMB,CALLAN JMB INC.,0.00,0.00,0.00,0.00,0.00,0.00,0.00
EHLD,Euroholdings Ltd.,0.00,0.00,0.00,0.00,0.00,0.00,0.00
HSPT,Horizon Space Acquisition II Corp.,0.00,0.00,0.00,0.00,0.00,0.00,0.00
MAMK,MaxsMaking Inc.,0.00,0.00,0.00,0.00,0.00,0.00,0.00
EZET,Franklin Ethereum Trust,0.00,0.00,0.00,0.00,0.00,0.00,0.00
ZGM,Zenta Group Co Ltd,0.00,0.00,0.00,0.00,0.00,0.00,0.00
MKR,707 Cayman Holdings Ltd.,0.00,0.00,0.00,0.00,0.00,0.00,0.00
PCLA,PicoCELA Inc.,0.00,0.00,0.00,0.00,0.00,0.00,0.00
NCT,Intercont (Cayman) Ltd,0.00,0.00,0.00,0.00,0.00,0.00,0.00
KIDZ,Classover Holdings Inc.,0.00,0.00,0.00,0.00,0.00,0.00,0.00
HPOT,Great Restaurant Development Holdings Ltd,0.00,0.00,0.00,0.00,0.00,0.00,0.00
CABI,EL-0713 Fund I a series of Roll Up Vehicles LP,0.00,0.00,0.00,0.00,0.00,0.00,0.00
SLGB,Smart Logistics Global Ltd,0.00,0.00,0.00,0.00,0.00,0.00,0.00
SYNSY,Syensqo SA/ADR,0.00,0.00,0.00,0.00,0.00,0.00,0.00
FGO,FG Holdings Ltd,0.00,0.00,0.00,0.00,0.00,0.00,0.00
BMGL,Basel Medical Group Ltd,0.00,0.00,0.00,0.00,0.00,0.00,0.00
HKPD,Hong Kong Pharma Digital Technology Holdings Ltd,0.00,0.00,0.00,0.00,0.00,0.00,0.00
GMHS,Gamehaus Holdings Inc.,0.00,0.00,0.00,0.00,0.00,0.00,0.00
ETHA,iShares Ethereum Trust ETF,0.00,0.00,0.00,0.00,0.00,0.00,0.00
SCAG,Scage Future,0.00,0.00,0.00,0.00,0.00,0.00,0.00
ICR-PA,InPoint Commercial Real Estate Income Inc.,0.00,0.00,0.00,0.00,0.00,0.00,0.00
OUNZ,VanEck Merk Gold ETF,0.00,0.00,0.00,0.00,0.00,0.00,0.00
CBGGF,Chain Bridge I,0.00,0.00,0.00,0.00,0.00,0.00,0.00
CUPR,Cuprina Holdings (Cayman) LTD,0.00,0.00,0.00,0.00,0.00,0.00,0.00
KWM,K Wave Media Ltd.,0.00,0.00,0.00,0.00,0.00,0.00,0.00
CETH,21Shares Core Ethereum ETF,0.00,0.00,0.00,0.00,0.00,0.00,0.00
QETH,Invesco Galaxy Ethereum ETF,0.00,0.00,0.00,0.00,0.00,0.00,0.00
LHAI,Linkhome Holdings Inc.,0.00,0.00,0.00,0.00,0.00,0.00,0.00
AGH,Aureus Greenway Holdings Inc,0.00,0.00,0.00,0.00,0.00,0.00,0.00
SYH,Mountain&Sea Health Inc.,0.00,0.00,0.00,0.00,0.00,0.00,0.00
KBSX,FST Corp.,0.00,0.00,0.00,0.00,0.00,0.00,0.00
MOLD,Molida Holding Group Co. Ltd,0.00,0.00,0.00,0.00,0.00,0.00,0.00
CFND,C1 Fund Inc.,0.00,0.00,0.00,0.00,0.00,0.00,0.00
NCG,HTL Capital Ltd.,0.00,0.00,0.00,0.00,0.00,0.00,0.00
ALPS,Alps Global Holding Pubco,0.00,0.00,0.00,0.00,0.00,0.00,0.00
CURX,Curanex Pharmaceuticals Inc,0.00,0.00,0.00,0.00,0.00,0.00,0.00
MDER,KVAC (Cayman) Ltd,0.00,0.00,0.00,0.00,0.00,0.00,0.00
MCTR,CTRL GROUP Ltd,0.00,0.00,0.00,0.00,0.00,0.00,0.00
WFF,WF Holding Ltd,0.00,0.00,0.00,0.00,0.00,0.00,0.00
HWEP,HW Electro Co. Ltd.,0.00,0.00,0.00,0.00,0.00,0.00,0.00
NNNN,Anbio Biotechnology,0.00,0.00,0.00,0.00,0.00,0.00,0.00
KNRX,KNOREX LTD.,0.00,0.00,0.00,0.00,0.00,0.00,0.00
FBIC,Functional Brands Inc.,0.00,0.00,0.00,0.00,0.00,0.00,0.00
KACLF,Kairous Acquisition Corp. Ltd,0.00,0.00,0.00,0.00,0.00,0.00,0.00
APXIF,APx Acquisition Corp. I,0.00,0.00,0.00,0.00,0.00,0.00,0.00
ESPA,Expectation Acquisition Corp,0.00,0.00,0.00,0.00,0.00,0.00,0.00
MAZE,Maze Therapeutics Inc.,0.00,0.00,0.00,0.00,0.00,0.00,0.00
BTCO,Invesco Galaxy Bitcoin ETF,0.00,0.00,0.00,0.00,0.00,0.00,0.00
GSOL,Grayscale Solana Trust (SOL),0.00,0.00,0.00,0.00,0.00,0.00,0.00
GACW,GACW Inc,0.00,0.00,0.00,0.00,0.00,0.00,0.00
FGDL,Franklin Templeton Holdings Trust,0.00,0.00,0.00,0.00,0.00,0.00,0.00
FFSH,Flag Fish Acquisition Corp,0.00,0.00,0.00,0.00,0.00,0.00,0.00
SUNH,Xuhang Holdings Ltd,0.00,0.00,0.00,0.00,0.00,0.00,0.00
AIMA,Aimfinity Investment Corp. I,0.00,0.00,0.00,0.00,0.00,0.00,0.00
MMCP,Mag Mile Capital Inc.,0.00,0.00,0.00,0.00,0.00,0.00,0.00
PIF,North Haven Private Income Fund LLC,0.00,0.00,0.00,0.00,0.00,0.00,0.00
BTCW,WisdomTree Bitcoin Fund,0.00,0.00,0.00,0.00,0.00,0.00,0.00
XSIAX,VOYA CREDIT INCOME FUND,0.00,0.00,0.00,0.00,0.00,0.00,0.00
NRUC,NATIONAL RURAL UTILITIES COOPERATIVE FINANCE CORP /DC/,0.00,0.00,0.00,0.00,0.00,0.00,0.00
FXB,Invesco CurrencyShares British Pound Sterling Trust,0.00,0.00,0.00,0.00,0.00,0.00,0.00
FXC,Invesco CurrencyShares Canadian Dollar Trust,0.00,0.00,0.00,0.00,0.00,0.00,0.00
ELC,ENTERGY LOUISIANA LLC,0.00,0.00,0.00,0.00,0.00,0.00,0.00
GEHDF,Great Eastern Holdings Ltd,0.00,0.00,0.00,0.00,0.00,0.00,0.00
ZCSH,Grayscale Zcash Trust (ZEC),0.00,0.00,0.00,0.00,0.00,0.00,0.00
TSM,TAIWAN SEMICONDUCTOR MANUFACTURING CO LTD,0.00,0.00,4.06,0.00,0.00,0.00,0.00
CGEH,Capstone Green Energy Holdings Inc.,0.00,0.00,0.00,0.00,0.00,0.00,0.00
CNCL,CANCER CAPITAL CORP,0.00,0.00,0.00,0.00,0.00,0.00,0.00
GJH,STRATS SM TRUST FOR U S CELL CORP SEC SERIES 2004 6,0.00,0.00,0.00,0.00,0.00,0.00,0.00
QVCD,QVC INC,0.00,0.00,0.00,0.00,0.00,0.00,0.00
MIFF,MIFFLINBURG BANCORP INC,0.00,0.00,0.00,0.00,0.00,0.00,0.00
IVHI,Invech Holdings Inc.,0.00,0.00,0.00,0.00,0.00,0.00,0.00
ZLME,Zhanling International Ltd,0.00,0.00,0.00,0.00,0.00,0.00,0.00
GLTR,abrdn Precious Metals Basket ETF Trust,0.00,0.00,0.00,0.00,0.00,0.00,0.00
SFD,SMITHFIELD FOODS INC,0.00,0.00,0.00,0.00,0.00,0.00,0.00
BNPZY,BNP PARIBAS,0.00,0.00,0.00,0.00,0.00,0.00,0.00
NHPAP,National Healthcare Properties Inc.,0.00,0.00,0.00,0.00,0.00,0.00,0.00
KTH,STRUCTURED PRODUCTS CORP CORTS TR FOR PECO ENERGY CAP TR III,0.00,0.00,0.00,0.00,0.00,0.00,0.00
GJP,STRATS(SM) TRUST FOR DOMINION RESOURCES INC. SECURITIES SERIES 2005-6,0.00,0.00,0.00,0.00,0.00,0.00,0.00
GJS,STRATS(SM) Trust for Goldman Sachs Group Securities Series 2006-2,0.00,0.00,0.00,0.00,0.00,0.00,0.00
RNTX,Rein Therapeutics Inc.,0.00,0.00,0.00,0.00,0.00,0.00,0.00
GPLB,Green Planet Bio Engineering Co. Ltd.,0.00,0.00,0.00,0.00,0.00,0.00,0.00
UGA,United States Gasoline Fund LP,0.00,0.00,0.00,0.00,0.00,0.00,0.00
ODRS,Outdoor Specialty Products Inc.,0.00,0.00,0.00,0.00,0.00,0.00,0.00
CSAI,CLOUDASTRUCTURE INC.,0.00,0.00,0.00,0.00,0.00,0.00,0.00
ETCG,Grayscale Ethereum Classic Trust (ETC),0.00,0.00,0.00,0.00,0.00,0.00,0.00
SIVR,abrdn Silver ETF Trust,0.00,0.00,0.00,0.00,0.00,0.00,0.00
SGOL,abrdn Gold ETF Trust,0.00,0.00,0.00,0.00,0.00,0.00,0.00
ETI-P,ENTERGY TEXAS INC.,0.00,0.00,0.00,0.00,0.00,0.00,0.00
FXA,Invesco CurrencyShares Australian Dollar Trust,0.00,0.00,0.00,0.00,0.00,0.00,0.00
FXF,Invesco CurrencyShares Swiss Franc Trust,0.00,0.00,0.00,0.00,0.00,0.00,0.00
HDLMY,HeidelbergCement AG,0.00,0.00,0.00,0.00,0.00,0.00,0.00
IPB,MERRILL LYNCH DEPOSITOR INC INDEXPLUS TRUST SERIES 2003-1,0.00,0.00,0.00,0.00,0.00,0.00,0.00
JBK,LEHMAN ABS CORP GOLDMAN SACHS CAP 1 SEC BACKED SER 2004-6,0.00,0.00,0.00,0.00,0.00,0.00,0.00
HZEN,Grayscale Horizen Trust (ZEN),0.00,0.00,0.00,0.00,0.00,0.00,0.00
TCSGQ,Container Store Group Inc.,0.00,0.00,0.00,0.00,0.00,0.00,0.00
BITB,Bitwise Bitcoin ETF,0.00,0.00,0.00,0.00,0.00,0.00,0.00
IAUM,iShares Gold Trust Micro,0.00,0.00,0.00,0.00,0.00,0.00,0.00
GJR,STRATS(SM) Trust for Procter & Gamble Securities Series 2006-1,0.00,0.00,0.00,0.00,0.00,0.00,0.00
USL,United States 12 Month Oil Fund LP,0.00,0.00,0.00,0.00,0.00,0.00,0.00
PPLT,abrdn Platinum ETF Trust,0.00,0.00,0.00,0.00,0.00,0.00,0.00
ICDIQ,Independence Contract Drilling Inc.,0.00,0.00,0.00,0.00,0.00,0.00,0.00
CPXTF,Siam Makro Public Co Limited/ADR,0.00,0.00,0.00,0.00,0.00,0.00,0.00
WETO,Webus International Ltd.,0.00,0.00,0.00,0.00,0.00,0.00,0.00
HXHX,Haoxin Holdings Ltd,0.00,0.00,0.00,0.00,0.00,0.00,0.00
ETHE,Grayscale Ethereum Trust ETF,0.00,0.00,0.00,0.00,0.00,0.00,0.00
TPTA,Terra Property Trust Inc.,0.00,0.00,0.00,0.00,0.00,0.00,0.00
GLDM,World Gold Trust,0.00,0.00,0.00,0.00,0.00,0.00,0.00
NOEM,CO2 Energy Transition Corp.,0.00,0.00,0.00,0.00,0.00,0.00,0.00
PDSRX,Principal Real Asset Fund,0.00,0.00,0.00,0.00,0.00,0.00,0.00
GXLM,Grayscale Stellar Lumens Trust (XLM),0.00,0.00,0.00,0.00,0.00,0.00,0.00
BYLT,Elite Performance Holding Corp,0.00,0.00,0.00,0.00,0.00,0.00,0.00
XPTFX,Federated Hermes Project & Trade Finance Tender Fund,0.00,0.00,0.00,0.00,0.00,0.00,0.00
ARKB,Ark 21Shares Bitcoin ETF,0.00,0.00,0.00,0.00,0.00,0.00,0.00
DDCIU,Diffuse Digital 30 LP,0.00,0.00,0.00,0.00,0.00,0.00,0.00
YMAT,J-Star Holding Co. Ltd.,0.00,0.00,0.00,0.00,0.00,0.00,0.00
FBTC,Fidelity Wise Origin Bitcoin Fund,0.00,0.00,0.00,0.00,0.00,0.00,0.00
ALSAF,Alpha Star Acquisition Corp,0.00,0.00,0.00,0.00,0.00,0.00,0.00
FPAQ,FPA ENERGY ACQUISITION CORP.,0.00,0.00,0.00,0.00,0.00,0.00,0.00
OCAC,Ocean Capital Acquisition Corp,0.00,0.00,0.00,0.00,0.00,0.00,0.00
EPWK,EPWK Holdings Ltd.,0.00,0.00,0.00,0.00,0.00,0.00,0.00
RYET,Ruanyun Edai Technology Inc.,0.00,0.00,0.00,0.00,0.00,0.00,0.00
APUS,Apimeds Pharmaceuticals US Inc.,0.00,0.00,0.00,0.00,0.00,0.00,0.00
DIMR,DIAMIR BIOSCIENCES CORP.,0.00,0.00,0.00,0.00,0.00,0.00,0.00
PLTM,GraniteShares Platinum Trust,0.00,0.00,0.00,0.00,0.00,0.00,0.00
BITW,Bitwise 10 Crypto Index Fund,0.00,0.00,0.00,0.00,0.00,0.00,0.00
VISTA,Vista Energy S.A.B. de C.V.,0.00,0.00,0.00,0.00,0.00,0.00,0.00
WDSP,World Scan Project Inc.,0.00,0.00,0.00,0.00,0.00,0.00,0.00
ITRE,IntriEnergy Inc.,0.00,0.00,0.00,0.00,0.00,0.00,0.00
GBAT,Grayscale Basic Attention Token Trust (BAT),0.00,0.00,0.00,0.00,0.00,0.00,0.00
BRRR,CoinShares Valkyrie Bitcoin Fund,0.00,0.00,0.00,0.00,0.00,0.00,0.00
CRTAF,Cartica Acquisition Corp,0.00,0.00,0.00,0.00,0.00,0.00,0.00
LIMN,Iris Parent Holding Corp.,0.00,0.00,0.00,0.00,0.00,0.00,0.00
FFFZ,Fuxing China Group Ltd,0.00,0.00,0.00,0.00,0.00,0.00,0.00
MGN,Megan Holdings Ltd.,0.00,0.00,0.00,0.00,0.00,0.00,0.00
EFB,Everfront Biotech Holding Co Ltd,0.00,0.00,0.00,0.00,0.00,0.00,0.00
CIGL,Concorde International Group Ltd.,0.00,0.00,0.00,0.00,0.00,0.00,0.00
USIC,Uncle's Ice Cream,0.00,0.00,0.00,0.00,0.00,0.00,0.00
FOFA,Qualis Innovations Inc.,0.00,0.00,0.00,0.00,0.00,0.00,0.00
MMVVF,MultiMetaVerse Holdings Ltd,0.00,0.00,0.00,0.00,0.00,0.00,0.00
OHHH,Orion Haus Homes & Hotels Inc.,0.00,0.00,0.00,0.00,0.00,0.00,0.00
TREO,Plum III Merger Corp.,0.00,0.00,0.00,0.00,0.00,0.00,0.00
RIBB,Ribbon Acquisition Corp.,0.00,0.00,0.00,0.00,0.00,0.00,0.00
FLOC,Flowco Holdings Inc.,0.00,0.00,0.00,0.00,0.00,0.00,0.00
RANG,Range Capital Acquisition Corp.,0.00,0.00,0.00,0.00,0.00,0.00,0.00
INR,INFINITY NATURAL RESOURCES INC.,0.00,0.00,0.00,0.00,0.00,0.00,0.00
SAGT,SAGTEC GLOBAL Ltd,0.00,0.00,0.00,0.00,0.00,0.00,0.00
HMR,Heidmar Maritime Holdings Corp.,0.00,0.00,0.00,0.00,0.00,0.00,0.00
CHPG,ChampionsGate Acquisition Corp,0.00,0.00,0.00,0.00,0.00,0.00,0.00
FMFC,Kandal M Venture Ltd,0.00,0.00,0.00,0.00,0.00,0.00,0.00
ETH,Grayscale Ethereum Mini Trust ETF,0.00,0.00,0.00,0.00,0.00,0.00,0.00
CHAR,Charlton Aria Acquisition Corp,0.00,0.00,0.00,0.00,0.00,0.00,0.00
MSGY,Masonglory Ltd,0.00,0.00,0.00,0.00,0.00,0.00,0.00
OMSE,OMS Energy Technologies Inc.,0.00,0.00,0.00,0.00,0.00,0.00,0.00
IPCX,Inflection Point Acquisition Corp. III,0.00,0.00,0.00,0.00,0.00,0.00,0.00
GCL,GCL Global Holdings Ltd,0.00,0.00,0.00,0.00,0.00,0.00,0.00
EMPG,Empro Group Inc.,0.00,0.00,0.00,0.00,0.00,0.00,0.00
GOOG,Alphabet Inc.,0.00,0.00,0.00,0.00,0.00,3.14,0.00
BMYMP,BRISTOL MYERS SQUIBB CO,0.00,0.00,0.00,0.00,0.00,0.00,0.00
USB-PA,US BANCORP \DE\,0.00,0.00,0.00,0.00,0.00,0.00,0.00
BRK-A,BERKSHIRE HATHAWAY INC,0.00,0.00,0.00,0.00,0.00,0.00,0.00
TSMWF,TAIWAN SEMICONDUCTOR MANUFACTURING CO LTD,0.00,0.00,0.00,0.00,0.00,0.00,0.00
NONOF,NOVO NORDISK A S,0.00,0.00,0.00,0.00,0.00,0.00,0.00
JPM-PC,JPMORGAN CHASE & CO,0.00,0.00,0.00,0.00,0.00,0.00,0.00
JPM-PD,JPMORGAN CHASE & CO,0.00,0.00,0.00,0.00,0.00,0.00,0.00
BML-PH,BANK OF AMERICA CORP /DE/,0.00,0.00,0.00,0.00,0.00,0.00,0.00
BML-PG,BANK OF AMERICA CORP /DE/,0.00,0.00,0.00,0.00,0.00,0.00,0.00
ASMLF,ASML HOLDING NV,0.00,0.00,0.00,0.00,0.00,0.00,0.00
SAPGF,SAP SE,0.00,0.00,0.00,0.00,0.00,0.00,0.00
BAC-PE,BANK OF AMERICA CORP /DE/,0.00,0.00,0.00,0.00,0.00,0.00,0.00
BML-PJ,BANK OF AMERICA CORP /DE/,0.00,0.00,0.00,0.00,0.00,0.00,0.00
BML-PL,BANK OF AMERICA CORP /DE/,0.00,0.00,0.00,0.00,0.00,0.00,0.00
BAC-PB,BANK OF AMERICA CORP /DE/,0.00,0.00,0.00,0.00,0.00,0.00,0.00
TOYOF,TOYOTA MOTOR CORP/,0.00,0.00,0.00,0.00,0.00,0.00,0.00
BAC-PK,BANK OF AMERICA CORP /DE/,0.00,0.00,0.00,0.00,0.00,0.00,0.00
PCCYF,PETROCHINA CO LTD,0.00,0.00,0.00,0.00,0.00,0.00,0.00
AZNCF,ASTRAZENECA PLC,0.00,0.00,0.00,0.00,0.00,0.00,0.00
NVSEF,NOVARTIS AG,0.00,0.00,0.00,0.00,0.00,0.00,0.00
RYDAF,Shell plc,0.00,0.00,0.00,0.00,0.00,0.00,0.00
WFC-PY,WELLS FARGO & COMPANY/MN,0.00,0.00,0.00,0.00,0.00,0.00,0.00
BABAF,Alibaba Group Holding Ltd,0.00,0.00,0.00,0.00,0.00,0.00,0.00
WFC-PL,WELLS FARGO & COMPANY/MN,0.00,0.00,0.00,0.00,0.00,0.00,0.00
HBCYF,HSBC HOLDINGS PLC,0.00,0.00,0.00,0.00,0.00,0.00,0.00
TBB,AT&T INC.,0.00,0.00,0.00,0.00,0.00,0.00,0.00
MBFJF,MITSUBISHI UFJ FINANCIAL GROUP INC,0.00,0.00,0.00,0.00,0.00,0.00,0.00
UL,UNILEVER PLC,0.00,0.00,0.00,0.00,0.00,0.00,0.00
UNLYF,UNILEVER PLC,0.00,0.00,0.00,0.00,0.00,0.00,0.00
BUDFF,Anheuser-Busch InBev SA/NV,0.00,0.00,0.00,0.00,0.00,0.00,0.00
EADSF,Airbus SE/ADR,0.00,0.00,0.00,0.00,0.00,0.00,0.00
TTFNF,TotalEnergies SE,0.00,0.00,0.00,0.00,0.00,0.00,0.00
SNEJF,Sony Group Corp,0.00,0.00,0.00,0.00,0.00,0.00,0.00
SNYNF,Sanofi,0.00,0.00,0.00,0.00,0.00,0.00,0.00
BHPLF,BHP Group Ltd,0.00,0.00,0.00,0.00,0.00,0.00,0.00
WFC-PC,WELLS FARGO & COMPANY/MN,0.00,0.00,0.00,0.00,0.00,0.00,0.00
CILJF,CHINA LIFE INSURANCE CO LTD,0.00,0.00,0.00,0.00,0.00,0.00,0.00
BPAQF,BP PLC,0.00,0.00,0.00,0.00,0.00,0.00,0.00
RTPPF,RIO TINTO PLC,0.00,0.00,0.00,0.00,0.00,0.00,0.00
NCRRP,NCR Voyix Corp,0.00,0.00,0.00,0.00,0.00,0.00,0.00
NTTYY,NIPPON TELEGRAPH & TELEPHONE CORP,0.00,0.00,0.00,0.00,0.00,0.00,0.00
ABLZF,ABB LTD,0.00,0.00,0.00,0.00,0.00,0.00,0.00
ABBNY,ABB LTD,0.00,0.00,0.00,0.00,0.00,0.00,0.00
SMFNF,SUMITOMO MITSUI FINANCIAL GROUP INC.,0.00,0.00,0.00,0.00,0.00,0.00,0.00
AIQUF,L AIR LIQUIDE SA /FI,0.00,0.00,0.00,0.00,0.00,0.00,0.00
CFRHF,COMPAGNIE FINANCIERE RICHEMONT AG /FI,0.00,0.00,0.00,0.00,0.00,0.00,0.00
STOHF,EQUINOR ASA,0.00,0.00,0.00,0.00,0.00,0.00,0.00
SNPMF,CHINA PETROLEUM & CHEMICAL CORP,0.00,0.00,0.00,0.00,0.00,0.00,0.00
GS-PA,GOLDMAN SACHS GROUP INC,0.00,0.00,0.00,0.00,0.00,0.00,0.00
MBGAF,DAIMLER AG,0.00,0.00,0.00,0.00,0.00,0.00,0.00
MS-PA,MORGAN STANLEY,0.00,0.00,0.00,0.00,0.00,0.00,0.00
GS-PD,GOLDMAN SACHS GROUP INC,0.00,0.00,0.00,0.00,0.00,0.00,0.00
BTAFF,British American Tobacco p.l.c.,0.00,0.00,0.00,0.00,0.00,0.00,0.00
USB-PH,US BANCORP \DE\,0.00,0.00,0.00,0.00,0.00,0.00,0.00
EBBNF,ENBRIDGE INC,0.00,0.00,0.00,0.00,0.00,0.00,0.00
TOELF,Tokyo Electron LTD,0.00,0.00,0.00,0.00,0.00,0.00,0.00
BNPQF,BNP PARIBAS,0.00,0.00,0.00,0.00,0.00,0.00,0.00
CTA-PB,EIDP Inc.,0.00,0.00,0.00,0.00,0.00,0.00,0.00
USB-PP,US BANCORP \DE\,0.00,0.00,0.00,0.00,0.00,0.00,0.00
PPRUF,Kering,0.00,0.00,0.00,0.00,0.00,0.00,0.00
BCDRF,Banco Santander S.A.,0.00,0.00,0.00,0.00,0.00,0.00,0.00
AMXOF,AMERICA MOVIL SAB DE CV/,0.00,0.00,0.00,0.00,0.00,0.00,0.00
GLCNF,Glencore plc/ADR,0.00,0.00,0.00,0.00,0.00,0.00,0.00
GLAXF,GSK plc,0.00,0.00,0.00,0.00,0.00,0.00,0.00
BNPQY,BNP PARIBAS,0.00,0.00,0.00,0.00,0.00,0.00,0.00
MS-PK,MORGAN STANLEY,0.00,0.00,0.00,0.00,0.00,0.00,0.00
DGEAF,DIAGEO PLC,0.00,0.00,0.00,0.00,0.00,0.00,0.00
MS-PI,MORGAN STANLEY,0.00,0.00,0.00,0.00,0.00,0.00,0.00
PBR-A,PETROBRAS - PETROLEO BRASILEIRO SA,0.00,0.00,0.00,0.00,0.00,0.00,0.00
MS-PF,MORGAN STANLEY,0.00,0.00,0.00,0.00,0.00,0.00,0.00
MS-PE,MORGAN STANLEY,0.00,0.00,0.00,0.00,0.00,0.00,0.00
FMCCT,FEDERAL HOME LOAN MORTGAGE CORP,0.00,0.00,0.00,0.00,0.00,0.00,0.00
RLXXF,RELX PLC,0.00,0.00,0.00,0.00,0.00,0.00,0.00
DUK-PA,Duke Energy CORP,0.00,0.00,0.00,0.00,0.00,0.00,0.00
NETTF,NetEase Inc.,0.00,0.00,0.00,0.00,0.00,0.00,0.00
EIPAF,ENI SPA,0.00,0.00,0.00,0.00,0.00,0.00,0.00
JDCMF,JD.com Inc.,0.00,0.00,0.00,0.00,0.00,0.00,0.00
CCZ,COMCAST CORP,0.00,0.00,0.00,0.00,0.00,0.00,0.00
BSQKZ,Block Inc.,0.00,0.00,0.00,0.00,0.00,0.00,0.00
WEBNF,WESTPAC BANKING CORP,0.00,0.00,0.00,0.00,0.00,0.00,0.00
MZHOF,MIZUHO FINANCIAL GROUP INC,0.00,0.00,0.00,0.00,0.00,0.00,0.00
SCHW-PD,SCHWAB CHARLES CORP,0.00,0.00,0.00,0.00,0.00,0.00,0.00
PPWLM,PACIFICORP /OR/,0.00,0.00,0.00,0.00,0.00,0.00,0.00
NGGTF,NATIONAL GRID PLC,0.00,0.00,0.00,0.00,0.00,0.00,0.00
BYMOF,Bayerische Motoren Werke AG/ADR,0.00,0.00,0.00,0.00,0.00,0.00,0.00
BAMXF,Bayerische Motoren Werke AG/ADR,0.00,0.00,0.00,0.00,0.00,0.00,0.00
DKILF,Daikin Industries Ltd,0.00,0.00,0.00,0.00,0.00,0.00,0.00
BECEF,BCE INC,0.00,0.00,0.00,0.00,0.00,0.00,0.00
SPG-PJ,SIMON PROPERTY GROUP INC /DE/,0.00,0.00,0.00,0.00,0.00,0.00,0.00
TNCAF,TC ENERGY CORP,0.00,0.00,0.00,0.00,0.00,0.00,0.00
INGVF,ING GROEP NV,0.00,0.00,0.00,0.00,0.00,0.00,0.00
MET-PA,METLIFE INC,0.00,0.00,0.00,0.00,0.00,0.00,0.00
HNDAF,HONDA MOTOR CO LTD,0.00,0.00,0.00,0.00,0.00,0.00,0.00
BAESF,BAE SYSTEMS PLC /FI/,0.00,0.00,0.00,0.00,0.00,0.00,0.00
MET-PE,METLIFE INC,0.00,0.00,0.00,0.00,0.00,0.00,0.00
TKPHF,TAKEDA PHARMACEUTICAL CO LTD,0.00,0.00,0.00,0.00,0.00,0.00,0.00
TRPCF,Trip.com Group Ltd,0.00,0.00,0.00,0.00,0.00,0.00,0.00
LLDTF,Lloyds Banking Group plc,0.00,0.00,0.00,0.00,0.00,0.00,0.00
PLDGP,Prologis Inc.,0.00,0.00,0.00,0.00,0.00,0.00,0.00
WOPEF,WOODSIDE ENERGY GROUP LTD,0.00,0.00,0.00,0.00,0.00,0.00,0.00
BBVXF,BANCO BILBAO VIZCAYA ARGENTARIA S.A.,0.00,0.00,0.00,0.00,0.00,0.00,0.00
HLNCF,Haleon plc,0.00,0.00,0.00,0.00,0.00,0.00,0.00
DNZOF,Denso Corp,0.00,0.00,0.00,0.00,0.00,0.00,0.00
TCANF,TC ENERGY CORP,0.00,0.00,0.00,0.00,0.00,0.00,0.00
PSA-PH,Public Storage,0.00,0.00,0.00,0.00,0.00,0.00,0.00
PPWLO,PACIFICORP /OR/,0.00,0.00,0.00,0.00,0.00,0.00,0.00
SVNDF,SEVEN & I HOLDINGS CO LTD,0.00,0.00,0.00,0.00,0.00,0.00,0.00
PUKPF,PRUDENTIAL PLC,0.00,0.00,0.00,0.00,0.00,0.00,0.00
BAMGF,BROOKFIELD Corp /ON/,0.00,0.00,0.00,0.00,0.00,0.00,0.00
MRAAF,Murata Manufacturing Co. Ltd./ADR,0.00,0.00,0.00,0.00,0.00,0.00,0.00
TCKRF,TECK RESOURCES LTD,0.00,0.00,0.00,0.00,0.00,0.00,0.00
CRARF,CREDIT AGRICOLE S A,0.00,0.00,0.00,0.00,0.00,0.00,0.00
ALL-PH,ALLSTATE CORP,0.00,0.00,0.00,0.00,0.00,0.00,0.00
PSA-PK,Public Storage,0.00,0.00,0.00,0.00,0.00,0.00,0.00
RBSPF,NatWest Group plc,0.00,0.00,0.00,0.00,0.00,0.00,0.00
ALL-PB,ALLSTATE CORP,0.00,0.00,0.00,0.00,0.00,0.00,0.00
FNCTF,ORANGE,0.00,0.00,0.00,0.00,0.00,0.00,0.00
FUJIF,FUJI PHOTO FILM CO LTD /FI,0.00,0.00,0.00,0.00,0.00,0.00,0.00
LEN-B,LENNAR CORP /NEW/,0.00,0.00,0.00,0.00,0.00,0.00,0.00
CAJPY,CANON INC,0.00,0.00,0.00,0.00,0.00,0.00,0.00
CIXPF,CaixaBank/ADR,0.00,0.00,0.00,0.00,0.00,0.00,0.00
FCNCB,FIRST CITIZENS BANCSHARES INC /DE/,0.00,0.00,0.00,0.00,0.00,0.00,0.00
BCLYF,BARCLAYS PLC,0.00,0.00,0.00,0.00,0.00,0.00,0.00
RSMDF,RESMED INC,0.00,0.00,0.00,0.00,0.00,0.00,0.00
ERIXF,ERICSSON LM TELEPHONE CO,0.00,0.00,0.00,0.00,0.00,0.00,0.00
HEI-A,HEICO CORP,0.00,0.00,0.00,0.00,0.00,0.00,0.00
LAAOF,Li Auto Inc.,0.00,0.00,0.00,0.00,0.00,0.00,0.00
ORXCF,ORIX CORP,0.00,0.00,0.00,0.00,0.00,0.00,0.00
TEFOF,TELEFONICA S A,0.00,0.00,0.00,0.00,0.00,0.00,0.00
BBDO,BANK BRADESCO,0.00,0.00,0.00,0.00,0.00,0.00,0.00
GNMSF,GENMAB A/S,0.00,0.00,0.00,0.00,0.00,0.00,0.00
BAIDF,Baidu Inc.,0.00,0.00,0.00,0.00,0.00,0.00,0.00
ANNSF,Aena S.A./ADR,0.00,0.00,0.00,0.00,0.00,0.00,0.00
DLR-PK,DIGITAL REALTY TRUST INC.,0.00,0.00,0.00,0.00,0.00,0.00,0.00
RCIAF,ROGERS COMMUNICATIONS INC,0.00,0.00,0.00,0.00,0.00,0.00,0.00
NOKBF,NOKIA CORP,0.00,0.00,0.00,0.00,0.00,0.00,0.00
HDELY,HeidelbergCement AG,0.00,0.00,0.00,0.00,0.00,0.00,0.00
CJPRF,CENTRAL JAPAN RAILWAY CO,0.00,0.00,0.00,0.00,0.00,0.00,0.00
AMSYF,ArcelorMittal,0.00,0.00,0.00,0.00,0.00,0.00,0.00
STMEF,STMicroelectronics N.V.,0.00,0.00,0.00,0.00,0.00,0.00,0.00
DLR-PJ,DIGITAL REALTY TRUST INC.,0.00,0.00,0.00,0.00,0.00,0.00,0.00
RYAOF,RYANAIR HOLDINGS PLC,0.00,0.00,0.00,0.00,0.00,0.00,0.00
MKC-V,MCCORMICK & CO INC,0.00,0.00,0.00,0.00,0.00,0.00,0.00
TNRSF,TENARIS SA,0.00,0.00,0.00,0.00,0.00,0.00,0.00
RSTRF,Restaurant Brands International Limited Partnership,0.00,0.00,0.00,0.00,0.00,0.00,0.00
FWONK,Liberty Media Corp,0.00,0.00,0.00,0.00,0.05,0.02,0.00
FWONA,Liberty Media Corp,0.00,0.00,0.00,0.00,0.01,0.00,0.00
CAJFF,CANON INC,0.00,0.00,0.00,0.00,0.00,0.00,0.00
SOJC,SOUTHERN CO,0.00,0.00,0.00,0.00,0.00,0.00,0.00
YAHOF,Yahoo! Japan Corp,0.00,0.00,0.00,0.00,0.00,0.00,0.00
VODPF,VODAFONE GROUP PUBLIC LTD CO,0.00,0.00,0.00,0.00,0.00,0.00,0.00
FOX,Fox Corp,0.00,0.00,0.00,0.00,0.03,0.00,0.06
COCSF,COCA COLA FEMSA SAB DE CV,0.00,0.00,0.00,0.00,0.00,0.00,0.00
STT-PG,STATE STREET CORP,0.00,0.00,0.00,0.00,0.00,0.00,0.00
PGPEF,PUBLICIS GROUPE SA,0.00,0.00,0.00,0.00,0.00,0.00,0.00
WLMIF,Wilmar International Ltd,0.00,0.00,0.00,0.00,0.00,0.00,0.00
EJPRF,EAST JAPAN RAILWAY CO /FI,0.00,0.00,0.00,0.00,0.00,0.00,0.00
FWONB,Liberty Media Corp,0.00,0.00,0.00,0.00,0.00,0.00,0.00
HIG-PG,HARTFORD FINANCIAL SERVICES GROUP INC.,0.00,0.00,0.00,0.00,0.00,0.00,0.00
FITBI,FIFTH THIRD BANCORP,0.00,0.00,0.00,0.00,0.00,0.00,0.00
DUKH,Duke Energy CORP,0.00,0.00,0.00,0.00,0.00,0.00,0.00
POAHF,Porsche Automobil Holding SE / ADR,0.00,0.00,0.00,0.00,0.00,0.00,0.00
RKLIF,RENTOKIL INITIAL PLC /FI,0.00,0.00,0.00,0.00,0.00,0.00,0.00
HRNNF,Hydro One Ltd,0.00,0.00,0.00,0.00,0.00,0.00,0.00
OMVJF,OMV AKTIENGESELLSCHAFT /FI,0.00,0.00,0.00,0.00,0.00,0.00,0.00
NRSCF,NOMURA HOLDINGS INC,0.00,0.00,0.00,0.00,0.00,0.00,0.00
SGSOF,SGS SOCIETE GENERALE DE SURVEILLANCE HOLDING SA /FI,0.00,0.00,0.00,0.00,0.00,0.00,0.00
Z,ZILLOW GROUP INC.,0.00,0.00,0.00,0.00,0.05,0.00,0.00
JHIUF,James Hardie Industries plc,0.00,0.00,0.00,0.00,0.00,0.00,0.00
PPERF,PT Bank Mandiri (Persero) Tbk / ADR,0.00,0.00,0.00,0.00,0.00,0.00,0.00
SPXSF,Spirax-Sarco Engineering PLC/ADR,0.00,0.00,0.00,0.00,0.00,0.00,0.00
RYLPF,KONINKLIJKE PHILIPS NV,0.00,0.00,0.00,0.00,0.00,0.00,0.00
AMCCF,Amcor plc,0.00,0.00,0.00,0.00,0.00,0.00,0.00
FAXXF,FAIRFAX FINANCIAL HOLDINGS LTD/ CAN,0.00,0.00,0.00,0.00,0.00,0.00,0.00
NWS,NEWS CORP,0.00,0.00,0.00,0.00,0.01,0.00,0.00
BF-B,BROWN FORMAN CORP,0.00,0.00,0.00,0.00,0.00,0.00,0.00
BIO-B,BIO-RAD LABORATORIES INC.,0.00,0.00,0.00,0.00,0.00,0.00,0.00
CHEAF,CHINA EASTERN AIRLINES CORP LTD,0.00,0.00,0.00,0.00,0.00,0.00,0.00
FNMAS,FEDERAL NATIONAL MORTGAGE ASSOCIATION FANNIE MAE,0.00,0.00,0.00,0.00,0.00,0.00,0.00
CHKIF,CHINA SOUTHERN AIRLINES CO LTD,0.00,0.00,0.00,0.00,0.00,0.00,0.00
ADTTF,ADVANTEST CORP,0.00,0.00,0.00,0.00,0.00,0.00,0.00
HLBZF,HeidelbergCement AG,0.00,0.00,0.00,0.00,0.00,0.00,0.00
KEY-PK,KEYCORP /NEW/,0.00,0.00,0.00,0.00,0.00,0.00,0.00
KKPNF,KONINKLIJKE KPN N V,0.00,0.00,0.00,0.00,0.00,0.00,0.00
TEVJF,TEVA PHARMACEUTICAL INDUSTRIES LTD,0.00,0.00,0.00,0.00,0.00,0.00,0.00
SSMXF,Sysmex Corporation/ADR,0.00,0.00,0.00,0.00,0.00,0.00,0.00
CRERF,CARREFOUR SA,0.00,0.00,0.00,0.00,0.00,0.00,0.00
FRFGF,FAIRFAX FINANCIAL HOLDINGS LTD/ CAN,0.00,0.00,0.00,0.00,0.00,0.00,0.00
FNMAJ,FEDERAL NATIONAL MORTGAGE ASSOCIATION FANNIE MAE,0.00,0.00,0.00,0.00,0.00,0.00,0.00
KEY-PJ,KEYCORP /NEW/,0.00,0.00,0.00,0.00,0.00,0.00,0.00
FNMAH,FEDERAL NATIONAL MORTGAGE ASSOCIATION FANNIE MAE,0.00,0.00,0.00,0.00,0.00,0.00,0.00
NLY-PG,ANNALY CAPITAL MANAGEMENT INC,0.00,0.00,0.00,0.00,0.00,0.00,0.00
JBARF,Julius Baer Group Ltd.,0.00,0.00,0.00,0.00,0.00,0.00,0.00
SGIOF,SHIONOGI & CO LTD,0.00,0.00,0.00,0.00,0.00,0.00,0.00
NHOLF,Sompo Japan Nipponkoa Holdings Inc./ADR,0.00,0.00,0.00,0.00,0.00,0.00,0.00
FRFFF,FAIRFAX FINANCIAL HOLDINGS LTD/ CAN,0.00,0.00,0.00,0.00,0.00,0.00,0.00
PTPIF,PT Chandra Asri Petrochemical Tbk/ADR,0.00,0.00,0.00,0.00,0.00,0.00,0.00
NLY-PF,ANNALY CAPITAL MANAGEMENT INC,0.00,0.00,0.00,0.00,0.00,0.00,0.00
HKHGF,HONGKONG LAND HOLDINGS LTD /FI,0.00,0.00,0.00,0.00,0.00,0.00,0.00
NVZMF,NOVOZYMES AS/FI,0.00,0.00,0.00,0.00,0.00,0.00,0.00
APO-PA,Apollo Global Management Inc.,0.00,0.00,0.00,0.00,0.00,0.00,0.00
KEY-PI,KEYCORP /NEW/,0.00,0.00,0.00,0.00,0.00,0.00,0.00
FNGD,BANK OF MONTREAL /CAN/,0.00,0.00,0.00,0.00,0.00,0.00,0.00
GFIOF,GOLD FIELDS LTD,0.00,0.00,0.00,0.00,0.00,0.00,0.00
FRFXF,FAIRFAX FINANCIAL HOLDINGS LTD/ CAN,0.00,0.00,0.00,0.00,0.00,0.00,0.00
NCSYF,NICE Ltd.,0.00,0.00,0.00,0.00,0.00,0.00,0.00
SVYSF,SOLVAY S A /ADR/,0.00,0.00,0.00,0.00,0.00,0.00,0.00
EBR-B,BRAZILIAN ELECTRIC POWER CO,0.00,0.00,0.00,0.00,0.00,0.00,0.00
ACGLO,ARCH CAPITAL GROUP LTD.,0.00,0.00,0.00,0.00,0.00,0.00,0.00
WSO-B,WATSCO INC,0.00,0.00,0.00,0.00,0.00,0.00,0.00
FMCQF,Fresenius Medical Care AG,0.00,0.00,0.00,0.00,0.00,0.00,0.00
MAA-PI,MID AMERICA APARTMENT COMMUNITIES INC.,0.00,0.00,0.00,0.00,0.00,0.00,0.00
LBRDB,Liberty Broadband Corp,0.00,0.00,0.00,0.00,0.00,0.00,0.00
RF-PC,REGIONS FINANCIAL CORP,0.00,0.00,0.00,0.00,0.00,0.00,0.00
SNNUF,SMITH & NEPHEW PLC,0.00,0.00,0.00,0.00,0.00,0.00,0.00
SHECF,Shin-Etsu Chemical Co. Ltd.,0.00,0.00,0.00,0.00,0.00,0.00,0.00
HUNGF,HUANENG POWER INTERNATIONAL INC,0.00,0.00,0.00,0.00,0.00,0.00,0.00
LBRDK,Liberty Broadband Corp,0.00,0.00,0.00,0.00,0.03,0.01,0.00
BZLFF,BUNZL PLC,0.00,0.00,0.00,0.00,0.00,0.00,0.00
ALMMF,ALUMINUM CORP OF CHINA LTD,0.00,0.00,0.00,0.00,0.00,0.00,0.00
ERRAF,EMERA INC,0.00,0.00,0.00,0.00,0.00,0.00,0.00
XPNGF,XPENG INC.,0.00,0.00,0.00,0.00,0.00,0.00,0.00
OLCLF,Oriental Land Co. Ltd./ADR,0.00,0.00,0.00,0.00,0.00,0.00,0.00
UHAL-B,U-Haul Holding Co /NV/,0.00,0.00,0.00,0.00,0.00,0.00,0.00
TAP-A,MOLSON COORS BEVERAGE CO,0.00,0.00,0.00,0.00,0.00,0.00,0.00
PBNNF,PT Bank Negara Indonesia (Persero) Tbk/ADR,0.00,0.00,0.00,0.00,0.00,0.00,0.00
WPPGF,WPP plc,0.00,0.00,0.00,0.00,0.00,0.00,0.00
NNGPF,NN Group NV/ADR,0.00,0.00,0.00,0.00,0.00,0.00,0.00
AOMFF,ALSTOM,0.00,0.00,0.00,0.00,0.00,0.00,0.00
KIKOF,Kikkoman Corp,0.00,0.00,0.00,0.00,0.00,0.00,0.00
AEGOF,AEGON LTD.,0.00,0.00,0.00,0.00,0.00,0.00,0.00
CUKPF,CARNIVAL PLC,0.00,0.00,0.00,0.00,0.00,0.00,0.00
FREJO,FEDERAL HOME LOAN MORTGAGE CORP,0.00,0.00,0.00,0.00,0.00,0.00,0.00
YAMHF,Yamaha Motor Co. Ltd.,0.00,0.00,0.00,0.00,0.00,0.00,0.00
NDEKF,NITTO DENKO CORP / ADR/,0.00,0.00,0.00,0.00,0.00,0.00,0.00
RDEIF,Red Electrica Corporacion SA/ADR,0.00,0.00,0.00,0.00,0.00,0.00,0.00
JGSHF,JG Summit Holdings Inc./ADR,0.00,0.00,0.00,0.00,0.00,0.00,0.00
LBTYB,Liberty Global Ltd.,0.00,0.00,0.00,0.00,0.00,0.00,0.00
GS-PC,GOLDMAN SACHS GROUP INC,0.00,0.00,0.00,0.00,0.00,0.00,0.00
GPAEF,Pacific Airport Group,0.00,0.00,0.00,0.00,0.00,0.00,0.00
UEPCN,UNION ELECTRIC CO,0.00,0.00,0.00,0.00,0.00,0.00,0.00
CXMSF,CEMEX SAB DE CV,0.00,0.00,0.00,0.00,0.00,0.00,0.00
OUKPF,Outotec OYJ,0.00,0.00,0.00,0.00,0.00,0.00,0.00
NIOIF,NIO Inc.,0.00,0.00,0.00,0.00,0.00,0.00,0.00
PSORF,PEARSON PLC,0.00,0.00,0.00,0.00,0.00,0.00,0.00
AGNCM,AGNC Investment Corp.,0.00,0.00,0.00,0.00,0.00,0.00,0.00
AGNCN,AGNC Investment Corp.,0.00,0.00,0.00,0.00,0.00,0.00,0.00
RZB,REINSURANCE GROUP OF AMERICA INC,0.00,0.00,0.00,0.00,0.00,0.00,0.00
UEPEO,UNION ELECTRIC CO,0.00,0.00,0.00,0.00,0.00,0.00,0.00
UEPEP,UNION ELECTRIC CO,0.00,0.00,0.00,0.00,0.00,0.00,0.00
FRT-PC,FEDERAL REALTY INVESTMENT TRUST,0.00,0.00,0.00,0.00,0.00,0.00,0.00
PSNYW,Polestar Automotive Holding UK PLC,0.00,0.00,0.00,0.00,0.00,0.00,0.00
SASOF,SASOL LTD,0.00,0.00,0.00,0.00,0.00,0.00,0.00
VNORP,VORNADO REALTY TRUST,0.00,0.00,0.00,0.00,0.00,0.00,0.00
ROHCF,ROHM Co. Ltd.,0.00,0.00,0.00,0.00,0.00,0.00,0.00
AMH-PH,American Homes 4 Rent,0.00,0.00,0.00,0.00,0.00,0.00,0.00
OSCUF,Japan Exchange Group Inc./ADR,0.00,0.00,0.00,0.00,0.00,0.00,0.00
AMH-PG,American Homes 4 Rent,0.00,0.00,0.00,0.00,0.00,0.00,0.00
VNO-PL,VORNADO REALTY TRUST,0.00,0.00,0.00,0.00,0.00,0.00,0.00
ASRMF,SOUTHEAST AIRPORT GROUP,0.00,0.00,0.00,0.00,0.00,0.00,0.00
UEPCP,UNION ELECTRIC CO,0.00,0.00,0.00,0.00,0.00,0.00,0.00
VNO-PM,VORNADO REALTY TRUST,0.00,0.00,0.00,0.00,0.00,0.00,0.00
FMCCI,FEDERAL HOME LOAN MORTGAGE CORP,0.00,0.00,0.00,0.00,0.00,0.00,0.00
ATH-PA,Athene Holding Ltd.,0.00,0.00,0.00,0.00,0.00,0.00,0.00
PARAA,Paramount Global,0.00,0.00,0.00,0.00,0.00,0.00,0.00
RKUNF,Rakuten Group Inc.,0.00,0.00,0.00,0.00,0.00,0.00,0.00
FMCKI,FEDERAL HOME LOAN MORTGAGE CORP,0.00,0.00,0.00,0.00,0.00,0.00,0.00
UEPEM,UNION ELECTRIC CO,0.00,0.00,0.00,0.00,0.00,0.00,0.00
UEPEN,UNION ELECTRIC CO,0.00,0.00,0.00,0.00,0.00,0.00,0.00
GIFLF,Grifols SA,0.00,0.00,0.00,0.00,0.00,0.00,0.00
PADEF,Adaro Energy PT/ADR/,0.00,0.00,0.00,0.00,0.00,0.00,0.00
GIFOF,Grifols SA,0.00,0.00,0.00,0.00,0.00,0.00,0.00
RNR-PF,RENAISSANCERE HOLDINGS LTD,0.00,0.00,0.00,0.00,0.00,0.00,0.00
VOYA-PB,Voya Financial Inc.,0.00,0.00,0.00,0.00,0.00,0.00,0.00
BLBLF,Bilibili Inc.,0.00,0.00,0.00,0.00,0.00,0.00,0.00
KIM-PM,KIMCO REALTY CORP,0.00,0.00,0.00,0.00,0.00,0.00,0.00
JCYCF,Jardine Cycle & Carriage Ltd.,0.00,0.00,0.00,0.00,0.00,0.00,0.00
DSECF,Daiwa Securities Group Inc.,0.00,0.00,0.00,0.00,0.00,0.00,0.00
CMSA,CMS ENERGY CORP,0.00,0.00,0.00,0.00,0.00,0.00,0.00
MEJHF,MEIJI Holdings Co Ltd/ADR,0.00,0.00,0.00,0.00,0.00,0.00,0.00
KIM-PL,KIMCO REALTY CORP,0.00,0.00,0.00,0.00,0.00,0.00,0.00
SLG-PI,SL GREEN REALTY CORP,0.00,0.00,0.00,0.00,0.00,0.00,0.00
FANUF,Fanuc Ltd,0.00,0.00,0.00,0.00,0.00,0.00,0.00
BCUCF,Brunello Cucinelli S.p.A./ADR,0.00,0.00,0.00,0.00,0.00,0.00,0.00
KAKKF,Kawasaki Kisen Kaisha Ltd,0.00,0.00,0.00,0.00,0.00,0.00,0.00
PCG-PA,PG&E Corp,0.00,0.00,0.00,0.00,0.00,0.00,0.00
FUPEF,Fuchs Petrolub SE/ADR,0.00,0.00,0.00,0.00,0.00,0.00,0.00
GIKLY,Grifols SA,0.00,0.00,0.00,0.00,0.00,0.00,0.00
QBCRF,QUEBECOR MEDIA INC,0.00,0.00,0.00,0.00,0.00,0.00,0.00
QBCAF,QUEBECOR MEDIA INC,0.00,0.00,0.00,0.00,0.00,0.00,0.00
CIG-C,ENERGY CO OF MINAS GERAIS,0.00,0.00,0.00,0.00,0.00,0.00,0.00
PCG-PB,PG&E Corp,0.00,0.00,0.00,0.00,0.00,0.00,0.00
VIST,Vista Energy S.A.B. de C.V.,0.00,0.00,0.00,0.00,0.00,0.00,0.00
OAK-PB,Brookfield Oaktree Holdings LLC,0.00,0.00,0.00,0.00,0.00,0.00,0.00
UNMA,Unum Group,0.00,0.00,0.00,0.00,0.00,0.00,0.00
BKGFF,Berkeley Group Holdings plc,0.00,0.00,0.00,0.00,0.00,0.00,0.00
BPOPO,POPULAR INC.,0.00,0.00,0.00,0.00,0.00,0.00,0.00
SNV-PD,SYNOVUS FINANCIAL CORP,0.00,0.00,0.00,0.00,0.00,0.00,0.00
JSM,NAVIENT CORP,0.00,0.00,0.00,0.00,0.00,0.00,0.00
PCG-PE,PG&E Corp,0.00,0.00,0.00,0.00,0.00,0.00,0.00
HGMCF,HARMONY GOLD MINING CO LTD,0.00,0.00,0.00,0.00,0.00,0.00,0.00
CWEN-A,Clearway Energy Inc.,0.00,0.00,0.00,0.00,0.00,0.00,0.00
PHTCF,PLDT Inc.,0.00,0.00,0.00,0.00,0.00,0.00,0.00
THNPY,Technip Energies N.V.,0.00,0.00,0.00,0.00,0.00,0.00,0.00
ATGFF,AltaGas Ltd.,0.00,0.00,0.00,0.00,0.00,0.00,0.00
PPENF,Pampa Energy Inc.,0.00,0.00,0.00,0.00,0.00,0.00,0.00
TCMFF,TELECOM ARGENTINA SA,0.00,0.00,0.00,0.00,0.00,0.00,0.00
BHFAL,Brighthouse Financial Inc.,0.00,0.00,0.00,0.00,0.00,0.00,0.00
GAB-PG,GABELLI EQUITY TRUST INC,0.00,0.00,0.00,0.00,0.00,0.00,0.00
PCG-PD,PG&E Corp,0.00,0.00,0.00,0.00,0.00,0.00,0.00
EPR-PG,EPR PROPERTIES,0.00,0.00,0.00,0.00,0.00,0.00,0.00
PCG-PC,PG&E Corp,0.00,0.00,0.00,0.00,0.00,0.00,0.00
FNMFN,FEDERAL NATIONAL MORTGAGE ASSOCIATION FANNIE MAE,0.00,0.00,0.00,0.00,0.00,0.00,0.00
AFRAF,AIR FRANCE-KLM /FI,0.00,0.00,0.00,0.00,0.00,0.00,0.00
PCG-PH,PG&E Corp,0.00,0.00,0.00,0.00,0.00,0.00,0.00
BZZUF,BUZZI UNICEM S.p.A.,0.00,0.00,0.00,0.00,0.00,0.00,0.00
TKAYF,Just Eat Takeaway.com N.V.,0.00,0.00,0.00,0.00,0.00,0.00,0.00
FURCF,FORVIA SE/ADR,0.00,0.00,0.00,0.00,0.00,0.00,0.00
LBTYK,Liberty Global Ltd.,0.00,0.00,0.00,0.00,0.01,0.00,0.00
PCG-PG,PG&E Corp,0.00,0.00,0.00,0.00,0.00,0.00,0.00
GAERF,Central North Airport Group,0.00,0.00,0.00,0.00,0.00,0.00,0.00
RUSHB,RUSH ENTERPRISES INC TX,0.00,0.00,0.00,0.00,0.00,0.00,0.00
AXS-PE,AXIS CAPITAL HOLDINGS LTD,0.00,0.00,0.00,0.00,0.00,0.00,0.00
DTW,DTE ENERGY CO,0.00,0.00,0.00,0.00,0.00,0.00,0.00
SR-PA,SPIRE INC,0.00,0.00,0.00,0.00,0.00,0.00,0.00
DFRYF,Dufry AG/ADR,0.00,0.00,0.00,0.00,0.00,0.00,0.00
PCG-PI,PG&E Corp,0.00,0.00,0.00,0.00,0.00,0.00,0.00
JBT,JBT Marel Corp,0.00,0.00,0.00,0.00,0.00,0.00,0.00
DISPF,Disco Corporation/ADR,0.00,0.00,0.00,0.00,0.00,0.00,0.00
SLMBP,SLM Corp,0.00,0.00,0.00,0.00,0.00,0.00,0.00
REXR-PB,Rexford Industrial Realty Inc.,0.00,0.00,0.00,0.00,0.00,0.00,0.00
THNPF,Technip Energies N.V.,0.00,0.00,0.00,0.00,0.00,0.00,0.00
SF-PB,STIFEL FINANCIAL CORP,0.00,0.00,0.00,0.00,0.00,0.00,0.00
TWO-PC,TWO HARBORS INVESTMENT CORP.,0.00,0.00,0.00,0.00,0.00,0.00,0.00
BHFAP,Brighthouse Financial Inc.,0.00,0.00,0.00,0.00,0.00,0.00,0.00
JTKWY,Just Eat Takeaway.com N.V.,0.00,0.00,0.00,0.00,0.00,0.00,0.00
WTFCM,WINTRUST FINANCIAL CORP,0.00,0.00,0.00,0.00,0.00,0.00,0.00
PBI-PB,PITNEY BOWES INC /DE/,0.00,0.00,0.00,0.00,0.00,0.00,0.00
CIM-PD,CHIMERA INVESTMENT CORP,0.00,0.00,0.00,0.00,0.00,0.00,0.00
CIM-PB,CHIMERA INVESTMENT CORP,0.00,0.00,0.00,0.00,0.00,0.00,0.00
UA,Under Armour Inc.,0.00,0.00,0.00,0.00,0.01,0.00,0.00
CIM-PC,CHIMERA INVESTMENT CORP,0.00,0.00,0.00,0.00,0.00,0.00,0.00
LIFX,Life360 Inc.,0.00,0.00,0.00,0.00,0.00,0.00,0.00
MOG-B,MOOG INC.,0.00,0.00,0.00,0.00,0.00,0.00,0.00
ESGRP,Enstar Group LTD,0.00,0.00,0.00,0.00,0.00,0.00,0.00
TWO-PB,TWO HARBORS INVESTMENT CORP.,0.00,0.00,0.00,0.00,0.00,0.00,0.00
MYTHF,Mytilineos Holdings S.A.,0.00,0.00,0.00,0.00,0.00,0.00,0.00
TWO-PA,TWO HARBORS INVESTMENT CORP.,0.00,0.00,0.00,0.00,0.00,0.00,0.00
CIXXF,CI Financial Corp.,0.00,0.00,0.00,0.00,0.00,0.00,0.00
VLYPP,VALLEY NATIONAL BANCORP,0.00,0.00,0.00,0.00,0.00,0.00,0.00
SPTJF,SINOPEC SHANGHAI PETROCHEMICAL CO LTD,0.00,0.00,0.00,0.00,0.00,0.00,0.00
WRB-PE,BERKLEY W R CORP,0.00,0.00,0.00,0.00,0.00,0.00,0.00
WBS-PF,WEBSTER FINANCIAL CORP,0.00,0.00,0.00,0.00,0.00,0.00,0.00
ESGRO,Enstar Group LTD,0.00,0.00,0.00,0.00,0.00,0.00,0.00
GEF-B,GREIF INC,0.00,0.00,0.00,0.00,0.00,0.00,0.00
VLYPO,VALLEY NATIONAL BANCORP,0.00,0.00,0.00,0.00,0.00,0.00,0.00
RLJ-PA,RLJ Lodging Trust,0.00,0.00,0.00,0.00,0.00,0.00,0.00
PEB-PF,Pebblebrook Hotel Trust,0.00,0.00,0.00,0.00,0.00,0.00,0.00
PEB-PE,Pebblebrook Hotel Trust,0.00,0.00,0.00,0.00,0.00,0.00,0.00
ASB-PE,ASSOCIATED BANC-CORP,0.00,0.00,0.00,0.00,0.00,0.00,0.00
CIM-PA,CHIMERA INVESTMENT CORP,0.00,0.00,0.00,0.00,0.00,0.00,0.00
ROYMF,Royal Mail plc/ADR,0.00,0.00,0.00,0.00,0.00,0.00,0.00
PEGRF,Pennon Group Plc / ADR,0.00,0.00,0.00,0.00,0.00,0.00,0.00
MFA-PB,MFA FINANCIAL INC.,0.00,0.00,0.00,0.00,0.00,0.00,0.00
AKO-B,ANDINA BOTTLING CO INC,0.00,0.00,0.00,0.00,0.00,0.00,0.00
TY-P,TRI-CONTINENTAL Corp,0.00,0.00,0.00,0.00,0.00,0.00,0.00
GNGYF,GUANGSHEN RAILWAY CO LTD,0.00,0.00,0.00,0.00,0.00,0.00,0.00
HOVNP,HOVNANIAN ENTERPRISES INC,0.00,0.00,0.00,0.00,0.00,0.00,0.00
HMDCF,HUTCHMED (China) Ltd,0.00,0.00,0.00,0.00,0.00,0.00,0.00
FMCCG,FEDERAL HOME LOAN MORTGAGE CORP,0.00,0.00,0.00,0.00,0.00,0.00,0.00
SBYSF,Sibanye Stillwater Ltd,0.00,0.00,0.00,0.00,0.00,0.00,0.00
FNMAM,FEDERAL NATIONAL MORTGAGE ASSOCIATION FANNIE MAE,0.00,0.00,0.00,0.00,0.00,0.00,0.00
SOCGP,SOUTHERN CALIFORNIA GAS CO,0.00,0.00,0.00,0.00,0.00,0.00,0.00
AILLI,Ameren Illinois Co,0.00,0.00,0.00,0.00,0.00,0.00,0.00
NSA-PA,National Storage Affiliates Trust,0.00,0.00,0.00,0.00,0.00,0.00,0.00
BATRB,Atlanta Braves Holdings Inc.,0.00,0.00,0.00,0.00,0.00,0.00,0.00
WELPP,WISCONSIN ELECTRIC POWER CO,0.00,0.00,0.00,0.00,0.00,0.00,0.00
TRTN-PA,Triton International Ltd,0.00,0.00,0.00,0.00,0.00,0.00,0.00
AILLM,Ameren Illinois Co,0.00,0.00,0.00,0.00,0.00,0.00,0.00
AILLN,Ameren Illinois Co,0.00,0.00,0.00,0.00,0.00,0.00,0.00
BATRK,Atlanta Braves Holdings Inc.,0.00,0.00,0.00,0.00,0.00,0.00,0.00
FNMAN,FEDERAL NATIONAL MORTGAGE ASSOCIATION FANNIE MAE,0.00,0.00,0.00,0.00,0.00,0.00,0.00
TROLB,TOOTSIE ROLL INDUSTRIES INC,0.00,0.00,0.00,0.00,0.00,0.00,0.00
SRG-PA,Seritage Growth Properties,0.00,0.00,0.00,0.00,0.00,0.00,0.00
AILIM,Ameren Illinois Co,0.00,0.00,0.00,0.00,0.00,0.00,0.00
FMCCJ,FEDERAL HOME LOAN MORTGAGE CORP,0.00,0.00,0.00,0.00,0.00,0.00,0.00
FNMAI,FEDERAL NATIONAL MORTGAGE ASSOCIATION FANNIE MAE,0.00,0.00,0.00,0.00,0.00,0.00,0.00
NHNKF,Nihon Kohden Corporation/ADR,0.00,0.00,0.00,0.00,0.00,0.00,0.00
CODQL,Coronado Global Resources Inc.,0.00,0.00,0.00,0.00,0.00,0.00,0.00
AILLO,Ameren Illinois Co,0.00,0.00,0.00,0.00,0.00,0.00,0.00
LXP-PC,LXP Industrial Trust,0.00,0.00,0.00,0.00,0.00,0.00,0.00
TKCM,TOKEN COMMUNITIES LTD.,0.00,0.00,0.00,0.00,0.00,0.00,0.00
CENTA,CENTRAL GARDEN & PET CO,0.00,0.00,0.00,0.00,0.00,0.00,0.00
FNMAT,FEDERAL NATIONAL MORTGAGE ASSOCIATION FANNIE MAE,0.00,0.00,0.00,0.00,0.00,0.00,0.00
AILIN,Ameren Illinois Co,0.00,0.00,0.00,0.00,0.00,0.00,0.00
FNMAK,FEDERAL NATIONAL MORTGAGE ASSOCIATION FANNIE MAE,0.00,0.00,0.00,0.00,0.00,0.00,0.00
FNMAL,FEDERAL NATIONAL MORTGAGE ASSOCIATION FANNIE MAE,0.00,0.00,0.00,0.00,0.00,0.00,0.00
IVR-PC,Invesco Mortgage Capital Inc.,0.00,0.00,0.00,0.00,0.00,0.00,0.00
FNMFM,FEDERAL NATIONAL MORTGAGE ASSOCIATION FANNIE MAE,0.00,0.00,0.00,0.00,0.00,0.00,0.00
AILLP,Ameren Illinois Co,0.00,0.00,0.00,0.00,0.00,0.00,0.00
AGM-A,FEDERAL AGRICULTURAL MORTGAGE CORP,0.00,0.00,0.00,0.00,0.00,0.00,0.00
GLPGF,GALAPAGOS NV,0.00,0.00,0.00,0.00,0.00,0.00,0.00
WLYB,JOHN WILEY & SONS INC.,0.00,0.00,0.00,0.00,0.00,0.00,0.00
FNMAO,FEDERAL NATIONAL MORTGAGE ASSOCIATION FANNIE MAE,0.00,0.00,0.00,0.00,0.00,0.00,0.00
FNMAG,FEDERAL NATIONAL MORTGAGE ASSOCIATION FANNIE MAE,0.00,0.00,0.00,0.00,0.00,0.00,0.00
FNMFO,FEDERAL NATIONAL MORTGAGE ASSOCIATION FANNIE MAE,0.00,0.00,0.00,0.00,0.00,0.00,0.00
LGF-B,LIONS GATE ENTERTAINMENT CORP /CN/,0.00,0.00,0.00,0.00,0.00,0.00,0.00
ALTB,Alpine Auto Brokers Inc.,0.00,0.00,0.00,0.00,0.00,0.00,0.00
NGL-PB,NGL Energy Partners LP,0.00,0.00,0.00,0.00,0.00,0.00,0.00
GDV-PH,GABELLI DIVIDEND & INCOME TRUST,0.00,0.00,0.00,0.00,0.00,0.00,0.00
FISK,Empire State Realty OP L.P.,0.00,0.00,0.00,0.00,0.00,0.00,0.00
GRPFF,GRUPO TELEVISA S.A.B.,0.00,0.00,0.00,0.00,0.00,0.00,0.00
EVOTF,Evotec SE,0.00,0.00,0.00,0.00,0.00,0.00,0.00
NGL-PC,NGL Energy Partners LP,0.00,0.00,0.00,0.00,0.00,0.00,0.00
BFS-PD,SAUL CENTERS INC.,0.00,0.00,0.00,0.00,0.00,0.00,0.00
FMCCL,FEDERAL HOME LOAN MORTGAGE CORP,0.00,0.00,0.00,0.00,0.00,0.00,0.00
OGCP,Empire State Realty OP L.P.,0.00,0.00,0.00,0.00,0.00,0.00,0.00
FMCKL,FEDERAL HOME LOAN MORTGAGE CORP,0.00,0.00,0.00,0.00,0.00,0.00,0.00
PMT-PA,PennyMac Mortgage Investment Trust,0.00,0.00,0.00,0.00,0.00,0.00,0.00
GNL-PA,Global Net Lease Inc.,0.00,0.00,0.00,0.00,0.00,0.00,0.00
PMT-PB,PennyMac Mortgage Investment Trust,0.00,0.00,0.00,0.00,0.00,0.00,0.00
STSFF,SmartStop Self Storage REIT Inc.,0.00,0.00,0.00,0.00,0.00,0.00,0.00
GAB-PH,GABELLI EQUITY TRUST INC,0.00,0.00,0.00,0.00,0.00,0.00,0.00
HCXY,Hercules Capital Inc.,0.00,0.00,0.00,0.00,0.00,0.00,0.00
LILAB,Liberty Latin America Ltd.,0.00,0.00,0.00,0.00,0.00,0.00,0.00
FMCCS,FEDERAL HOME LOAN MORTGAGE CORP,0.00,0.00,0.00,0.00,0.00,0.00,0.00
LILAK,Liberty Latin America Ltd.,0.00,0.00,0.00,0.00,0.00,0.00,0.00
MHLA,Maiden Holdings Ltd.,0.00,0.00,0.00,0.00,0.00,0.00,0.00
ASAI,Sendas Distributor S.A.,0.00,0.00,0.00,0.00,0.00,0.00,0.00
FMCCO,FEDERAL HOME LOAN MORTGAGE CORP,0.00,0.00,0.00,0.00,0.00,0.00,0.00
AHL-PD,ASPEN INSURANCE HOLDINGS LTD,0.00,0.00,0.00,0.00,0.00,0.00,0.00
CODI-PA,Compass Diversified Holdings,0.00,0.00,0.00,0.00,0.00,0.00,0.00
NYMTN,NEW YORK MORTGAGE TRUST INC.,0.00,0.00,0.00,0.00,0.00,0.00,0.00
GEAR,Revelyst Inc.,0.00,0.00,0.00,0.00,0.00,0.00,0.00
CODI-PB,Compass Diversified Holdings,0.00,0.00,0.00,0.00,0.00,0.00,0.00
FMCKN,FEDERAL HOME LOAN MORTGAGE CORP,0.00,0.00,0.00,0.00,0.00,0.00,0.00
FREJN,FEDERAL HOME LOAN MORTGAGE CORP,0.00,0.00,0.00,0.00,0.00,0.00,0.00
FMCCN,FEDERAL HOME LOAN MORTGAGE CORP,0.00,0.00,0.00,0.00,0.00,0.00,0.00
FMCKO,FEDERAL HOME LOAN MORTGAGE CORP,0.00,0.00,0.00,0.00,0.00,0.00,0.00
GLOP-PB,GasLog Partners LP,0.00,0.00,0.00,0.00,0.00,0.00,0.00
FMCKJ,FEDERAL HOME LOAN MORTGAGE CORP,0.00,0.00,0.00,0.00,0.00,0.00,0.00
FMCKM,FEDERAL HOME LOAN MORTGAGE CORP,0.00,0.00,0.00,0.00,0.00,0.00,0.00
GLOP-PC,GasLog Partners LP,0.00,0.00,0.00,0.00,0.00,0.00,0.00
FREGP,FEDERAL HOME LOAN MORTGAGE CORP,0.00,0.00,0.00,0.00,0.00,0.00,0.00
GLOP-PA,GasLog Partners LP,0.00,0.00,0.00,0.00,0.00,0.00,0.00
FMCCH,FEDERAL HOME LOAN MORTGAGE CORP,0.00,0.00,0.00,0.00,0.00,0.00,0.00
FMCCK,FEDERAL HOME LOAN MORTGAGE CORP,0.00,0.00,0.00,0.00,0.00,0.00,0.00
HL-PB,HECLA MINING CO/DE/,0.00,0.00,0.00,0.00,0.00,0.00,0.00
FMCCP,FEDERAL HOME LOAN MORTGAGE CORP,0.00,0.00,0.00,0.00,0.00,0.00,0.00
FMCCM,FEDERAL HOME LOAN MORTGAGE CORP,0.00,0.00,0.00,0.00,0.00,0.00,0.00
INN-PE,Summit Hotel Properties Inc.,0.00,0.00,0.00,0.00,0.00,0.00,0.00
AHH-PA,Armada Hoffler Properties Inc.,0.00,0.00,0.00,0.00,0.00,0.00,0.00
FMCKP,FEDERAL HOME LOAN MORTGAGE CORP,0.00,0.00,0.00,0.00,0.00,0.00,0.00
BELFB,BEL FUSE INC /NJ,0.00,0.00,0.00,0.00,0.00,0.00,0.00
PLLTL,Piedmont Lithium Inc.,0.00,0.00,0.00,0.00,0.00,0.00,0.00
GRAF-UN,Graf Global Corp.,0.00,0.00,0.00,0.00,0.00,0.00,0.00
KBSR,KBS Real Estate Investment Trust III Inc.,0.00,0.00,0.00,0.00,0.00,0.00,0.00
PSTX,Poseida Therapeutics Inc.,0.00,0.00,0.00,0.00,0.00,0.00,0.00
IIPR-PA,INNOVATIVE INDUSTRIAL PROPERTIES INC,0.00,0.00,0.00,0.00,0.00,0.00,0.00
IRET,CENTERSPACE,0.00,0.00,0.00,0.00,0.00,0.00,0.00
GAM-PB,GENERAL AMERICAN INVESTORS CO INC,0.00,0.00,0.00,0.00,0.00,0.00,0.00
DEFTF,Defi Technologies Inc.,0.00,0.00,0.00,0.00,0.00,0.00,0.00
HOVVB,HOVNANIAN ENTERPRISES INC,0.00,0.00,0.00,0.00,0.00,0.00,0.00
GTN-A,GRAY TELEVISION INC,0.00,0.00,0.00,0.00,0.00,0.00,0.00
SMBMF,SembCorp Marine Ltd.,0.00,0.00,0.00,0.00,0.00,0.00,0.00
MEOBF,MESOBLAST LTD,0.00,0.00,0.00,0.00,0.00,0.00,0.00
DRDGF,DRDGOLD LTD,0.00,0.00,0.00,0.00,0.00,0.00,0.00
BH,Biglari Holdings Inc.,0.00,0.00,0.00,0.00,0.00,0.00,0.00
KELYB,KELLY SERVICES INC,0.00,0.00,0.00,0.00,0.00,0.00,0.00
CMRE-PB,Costamare Inc.,0.00,0.00,0.00,0.00,0.00,0.00,0.00
AGM-PD,FEDERAL AGRICULTURAL MORTGAGE CORP,0.00,0.00,0.00,0.00,0.00,0.00,0.00
CMRE-PC,Costamare Inc.,0.00,0.00,0.00,0.00,0.00,0.00,0.00
CMRE-PD,Costamare Inc.,0.00,0.00,0.00,0.00,0.00,0.00,0.00
CELJF,Cellcom Israel Ltd.,0.00,0.00,0.00,0.00,0.00,0.00,0.00
EXTO,Almacenes Exito S.A.,0.00,0.00,0.00,0.00,0.00,0.00,0.00
HLTC,National Healthcare Properties Inc.,0.00,0.00,0.00,0.00,0.00,0.00,0.00
HVT-A,HAVERTY FURNITURE COMPANIES INC,0.00,0.00,0.00,0.00,0.00,0.00,0.00
GGT-PE,GABELLI MULTIMEDIA TRUST INC.,0.00,0.00,0.00,0.00,0.00,0.00,0.00
GAMI,GAMCO INVESTORS INC. ET AL,0.00,0.00,0.00,0.00,0.00,0.00,0.00
ATROB,ASTRONICS CORP,0.00,0.00,0.00,0.00,0.00,0.00,0.00
GGN-PB,GAMCO Global Gold Natural Resources & Income Trust,0.00,0.00,0.00,0.00,0.00,0.00,0.00
ARTNB,ARTESIAN RESOURCES CORP,0.00,0.00,0.00,0.00,0.00,0.00,0.00
DGICB,DONEGAL GROUP INC,0.00,0.00,0.00,0.00,0.00,0.00,0.00
BRSYF,Brainsway Ltd.,0.00,0.00,0.00,0.00,0.00,0.00,0.00
UMH-PD,UMH PROPERTIES INC.,0.00,0.00,0.00,0.00,0.00,0.00,0.00
MITT-PA,AG Mortgage Investment Trust Inc.,0.00,0.00,0.00,0.00,0.00,0.00,0.00
CUBI-PE,Customers Bancorp Inc.,0.00,0.00,0.00,0.00,0.00,0.00,0.00
ECCX,Eagle Point Credit Co Inc.,0.00,0.00,0.00,0.00,0.00,0.00,0.00
CUBI-PF,Customers Bancorp Inc.,0.00,0.00,0.00,0.00,0.00,0.00,0.00
MITT-PB,AG Mortgage Investment Trust Inc.,0.00,0.00,0.00,0.00,0.00,0.00,0.00
NEWTI,NewtekOne Inc.,0.00,0.00,0.00,0.00,0.00,0.00,0.00
OXLCO,Oxford Lane Capital Corp.,0.00,0.00,0.00,0.00,0.00,0.00,0.00
AIRTP,AIR T INC,0.00,0.00,0.00,0.00,0.00,0.00,0.00
CRD-B,CRAWFORD & CO,0.00,0.00,0.00,0.00,0.00,0.00,0.00
PTCHF,PureTech Health plc,0.00,0.00,0.00,0.00,0.00,0.00,0.00
NCV-PA,Virtus Convertible & Income Fund,0.00,0.00,0.00,0.00,0.00,0.00,0.00
GMRE-PA,Global Medical REIT Inc.,0.00,0.00,0.00,0.00,0.00,0.00,0.00
WBHC,WILSON BANK HOLDING CO,0.00,0.00,0.00,0.00,0.00,0.00,0.00
LANDM,GLADSTONE LAND Corp,0.00,0.00,0.00,0.00,0.00,0.00,0.00
SENEB,Seneca Foods Corp,0.00,0.00,0.00,0.00,0.00,0.00,0.00
SPLP-PA,STEEL PARTNERS HOLDINGS L.P.,0.00,0.00,0.00,0.00,0.00,0.00,0.00
ERLFF,Entree Resources Ltd.,0.00,0.00,0.00,0.00,0.00,0.00,0.00
CIO-PA,City Office REIT Inc.,0.00,0.00,0.00,0.00,0.00,0.00,0.00
THPTF,Techpoint Inc.,0.00,0.00,0.00,0.00,0.00,0.00,0.00
GAINL,GLADSTONE INVESTMENT CORPORATION\DE,0.00,0.00,0.00,0.00,0.00,0.00,0.00
AVHHL,AVITA Medical Inc.,0.00,0.00,0.00,0.00,0.00,0.00,0.00
GUT-PC,GABELLI UTILITY TRUST,0.00,0.00,0.00,0.00,0.00,0.00,0.00
VSOGF,Vista Energy S.A.B. de C.V.,0.00,0.00,0.00,0.00,0.00,0.00,0.00
HEAR,Turtle Beach Corp,0.00,0.00,0.00,0.00,0.00,0.00,0.00
CKDXF,Opthea Ltd,0.00,0.00,0.00,0.00,0.00,0.00,0.00
CNTHP,CONNECTICUT LIGHT & POWER CO,0.00,0.00,0.00,0.00,0.00,0.00,0.00
IHRTB,iHeartMedia Inc.,0.00,0.00,0.00,0.00,0.00,0.00,0.00
CNLPL,CONNECTICUT LIGHT & POWER CO,0.00,0.00,0.00,0.00,0.00,0.00,0.00
NCZ-PA,Virtus Convertible & Income Fund II,0.00,0.00,0.00,0.00,0.00,0.00,0.00
DFPH,Oncology Institute Inc.,0.00,0.00,0.00,0.00,0.00,0.00,0.00
DSX-PB,DIANA SHIPPING INC.,0.00,0.00,0.00,0.00,0.00,0.00,0.00
CNTHO,CONNECTICUT LIGHT & POWER CO,0.00,0.00,0.00,0.00,0.00,0.00,0.00
CHMI-PB,Cherry Hill Mortgage Investment Corp,0.00,0.00,0.00,0.00,0.00,0.00,0.00
HAWLN,HAWAIIAN ELECTRIC CO INC,0.00,0.00,0.00,0.00,0.00,0.00,0.00
BHR-PD,Braemar Hotels & Resorts Inc.,0.00,0.00,0.00,0.00,0.00,0.00,0.00
CNTHN,CONNECTICUT LIGHT & POWER CO,0.00,0.00,0.00,0.00,0.00,0.00,0.00
SLNCF,Silence Therapeutics plc,0.00,0.00,0.00,0.00,0.00,0.00,0.00
HAWEN,HAWAIIAN ELECTRIC CO INC,0.00,0.00,0.00,0.00,0.00,0.00,0.00
BHR-PB,Braemar Hotels & Resorts Inc.,0.00,0.00,0.00,0.00,0.00,0.00,0.00
NVNXF,NOVONIX Ltd,0.00,0.00,0.00,0.00,0.00,0.00,0.00
CNLHO,CONNECTICUT LIGHT & POWER CO,0.00,0.00,0.00,0.00,0.00,0.00,0.00
APLMW,Apollomics Inc.,0.00,0.00,0.00,0.00,0.00,0.00,0.00
CNLHP,CONNECTICUT LIGHT & POWER CO,0.00,0.00,0.00,0.00,0.00,0.00,0.00
ARCXF,ArcelorMittal,0.00,0.00,0.00,0.00,0.00,0.00,0.00
CNLTP,CONNECTICUT LIGHT & POWER CO,0.00,0.00,0.00,0.00,0.00,0.00,0.00
AHT-PF,ASHFORD HOSPITALITY TRUST INC,0.00,0.00,0.00,0.00,0.00,0.00,0.00
MIESF,Mitsui E&S Holdings Co. Ltd./ADR,0.00,0.00,0.00,0.00,0.00,0.00,0.00
GSCCF,ioneer Ltd,0.00,0.00,0.00,0.00,0.00,0.00,0.00
CNLTL,CONNECTICUT LIGHT & POWER CO,0.00,0.00,0.00,0.00,0.00,0.00,0.00
IPHYF,Innate Pharma SA,0.00,0.00,0.00,0.00,0.00,0.00,0.00
CNPWM,CONNECTICUT LIGHT & POWER CO,0.00,0.00,0.00,0.00,0.00,0.00,0.00
PRTHU,Priority Technology Holdings Inc.,0.00,0.00,0.00,0.00,0.00,0.00,0.00
CHMI-PA,Cherry Hill Mortgage Investment Corp,0.00,0.00,0.00,0.00,0.00,0.00,0.00
AHT-PI,ASHFORD HOSPITALITY TRUST INC,0.00,0.00,0.00,0.00,0.00,0.00,0.00
CNPWP,CONNECTICUT LIGHT & POWER CO,0.00,0.00,0.00,0.00,0.00,0.00,0.00
AHT-PH,ASHFORD HOSPITALITY TRUST INC,0.00,0.00,0.00,0.00,0.00,0.00,0.00
LANDP,GLADSTONE LAND Corp,0.00,0.00,0.00,0.00,0.00,0.00,0.00
CNLPM,CONNECTICUT LIGHT & POWER CO,0.00,0.00,0.00,0.00,0.00,0.00,0.00
RVRF,River Financial Corp,0.00,0.00,0.00,0.00,0.00,0.00,0.00
AHT-PG,ASHFORD HOSPITALITY TRUST INC,0.00,0.00,0.00,0.00,0.00,0.00,0.00
CNLTN,CONNECTICUT LIGHT & POWER CO,0.00,0.00,0.00,0.00,0.00,0.00,0.00
AHT-PD,ASHFORD HOSPITALITY TRUST INC,0.00,0.00,0.00,0.00,0.00,0.00,0.00
MVXM,MOVEIX INC.,0.00,0.00,0.00,0.00,0.00,0.00,0.00
ENO,ENTERGY NEW ORLEANS LLC,0.00,0.00,0.00,0.00,0.00,0.00,0.00
FGPRB,FERRELLGAS PARTNERS L P,0.00,0.00,0.00,0.00,0.00,0.00,0.00
CNLHN,CONNECTICUT LIGHT & POWER CO,0.00,0.00,0.00,0.00,0.00,0.00,0.00
IVEVF,Inventiva S.A.,0.00,0.00,0.00,0.00,0.00,0.00,0.00
PIIVX,Private Shares Fund,0.00,0.00,0.00,0.00,0.00,0.00,0.00
SB-PC,SAFE BULKERS INC.,0.00,0.00,0.00,0.00,0.00,0.00,0.00
SB-PD,SAFE BULKERS INC.,0.00,0.00,0.00,0.00,0.00,0.00,0.00
EBRCZ,EBR Systems Inc.,0.00,0.00,0.00,0.00,0.00,0.00,0.00
SRNE,Sorrento Therapeutics Inc.,0.00,0.00,0.00,0.00,0.00,0.00,0.00
QRTEB,Qurate Retail Inc.,0.00,0.00,0.00,0.00,0.00,0.00,0.00
DLNG-PA,Dynagas LNG Partners LP,0.00,0.00,0.00,0.00,0.00,0.00,0.00
AONC,American Oncology Network Inc.,0.00,0.00,0.00,0.00,0.00,0.00,0.00
MOYFF,Mynaric AG,0.00,0.00,0.00,0.00,0.00,0.00,0.00
CDR-PC,CEDAR REALTY TRUST INC.,0.00,0.00,0.00,0.00,0.00,0.00,0.00
LTRPB,Liberty TripAdvisor Holdings Inc.,0.00,0.00,0.00,0.00,0.00,0.00,0.00
CDR-PB,CEDAR REALTY TRUST INC.,0.00,0.00,0.00,0.00,0.00,0.00,0.00
BBXIB,BBX Capital Inc.,0.00,0.00,0.00,0.00,0.00,0.00,0.00
LKCRU,LAKE AREA CORN PROCESSORS LLC,0.00,0.00,0.00,0.00,0.00,0.00,0.00
VOLT,VOLT INFORMATION SCIENCES INC.,0.00,0.00,0.00,0.00,0.00,0.00,0.00
WONDF,WonderFi Technologies Inc.,0.00,0.00,0.00,0.00,0.00,0.00,0.00
TDACU,Translational Development Acquisition Corp.,0.00,0.00,0.00,0.00,0.00,0.00,0.00
RTNXF,Renalytix plc,0.00,0.00,0.00,0.00,0.00,0.00,0.00
PFIE,PROFIRE ENERGY INC,0.00,0.00,0.00,0.00,0.00,0.00,0.00
ECF-PA,ELLSWORTH GROWTH & INCOME FUND LTD,0.00,0.00,0.00,0.00,0.00,0.00,0.00
RDIB,READING INTERNATIONAL INC,0.00,0.00,0.00,0.00,0.00,0.00,0.00
FATBB,Fat Brands Inc,0.00,0.00,0.00,0.00,0.00,0.00,0.00
SOHOO,Sotherly Hotels Inc.,0.00,0.00,0.00,0.00,0.00,0.00,0.00
NSRCF,NextSource Materials Inc.,0.00,0.00,0.00,0.00,0.00,0.00,0.00
BCV-PA,BANCROFT FUND LTD,0.00,0.00,0.00,0.00,0.00,0.00,0.00
LGYV,LEGACY VENTURES INTERNATIONAL INC.,0.00,0.00,0.00,0.00,0.00,0.00,0.00
RGBPP,Regen BioPharma Inc,0.00,0.00,0.00,0.00,0.00,0.00,0.00
GLU-PB,GABELLI GLOBAL UTILITY & INCOME TRUST,0.00,0.00,0.00,0.00,0.00,0.00,0.00
CITE,Cartica Acquisition Corp,0.00,0.00,0.00,0.00,0.00,0.00,0.00
GNTLF,GENETIC TECHNOLOGIES LTD,0.00,0.00,0.00,0.00,0.00,0.00,0.00
RLFTF,Relief Therapeutics Holding SA,0.00,0.00,0.00,0.00,0.00,0.00,0.00
ZHYBF,Zhong Yuan Bio-Technology Holdings Ltd,0.00,0.00,0.00,0.00,0.00,0.00,0.00
OFSTF,Carbon Streaming Corp,0.00,0.00,0.00,0.00,0.00,0.00,0.00
GSL-PB,Global Ship Lease Inc.,0.00,0.00,0.00,0.00,0.00,0.00,0.00
BCTF,Bancorp 34 Inc.,0.00,0.00,0.00,0.00,0.00,0.00,0.00
DLNG-PB,Dynagas LNG Partners LP,0.00,0.00,0.00,0.00,0.00,0.00,0.00
MPVDF,Mountain Province Diamonds Inc.,0.00,0.00,0.00,0.00,0.00,0.00,0.00
ILLMF,illumin Holdings Inc.,0.00,0.00,0.00,0.00,0.00,0.00,0.00
STCN,Steel Connect Inc.,0.00,0.00,0.00,0.00,0.00,0.00,0.00
SOHON,Sotherly Hotels Inc.,0.00,0.00,0.00,0.00,0.00,0.00,0.00
SOHOB,Sotherly Hotels Inc.,0.00,0.00,0.00,0.00,0.00,0.00,0.00
MDNAF,Medicenna Therapeutics Corp.,0.00,0.00,0.00,0.00,0.00,0.00,0.00
BKSC,BANK OF SOUTH CAROLINA CORP,0.00,0.00,0.00,0.00,0.00,0.00,0.00
BHAC,Focus Impact BH3 Acquisition Co,0.00,0.00,0.00,0.00,0.00,0.00,0.00
TCBC,TC Bancshares Inc.,0.00,0.00,0.00,0.00,0.00,0.00,0.00
ZIVO,Zivo Bioscience Inc.,0.00,0.00,0.00,0.00,0.00,0.00,0.00
CULL,Cullman Bancorp Inc. /MD/,0.00,0.00,0.00,0.00,0.00,0.00,0.00
KLDI,KLDiscovery Inc.,0.00,0.00,0.00,0.00,0.00,0.00,0.00
GWIN,GLORYWIN ENTERTAINMENT GROUP INC.,0.00,0.00,0.00,0.00,0.00,0.00,0.00
OFED,Oconee Federal Financial Corp.,0.00,0.00,0.00,0.00,0.00,0.00,0.00
UBOH,UNITED BANCSHARES INC/OH,0.00,0.00,0.00,0.00,0.00,0.00,0.00
MTMV,Motomova Inc,0.00,0.00,0.00,0.00,0.00,0.00,0.00
FFBW,FFBW Inc. /MD/,0.00,0.00,0.00,0.00,0.00,0.00,0.00
RLFTY,Relief Therapeutics Holding SA,0.00,0.00,0.00,0.00,0.00,0.00,0.00
GFASY,Gafisa S.A.,0.00,0.00,0.00,0.00,0.00,0.00,0.00
UONEK,URBAN ONE INC.,0.00,0.00,0.00,0.00,0.00,0.00,0.00
HAFG,Holistic Asset Finance Group Co. Ltd.,0.00,0.00,0.00,0.00,0.00,0.00,0.00
CIZN,CITIZENS HOLDING CO /MS/,0.00,0.00,0.00,0.00,0.00,0.00,0.00
CPTN,Cepton Inc.,0.00,0.00,0.00,0.00,0.00,0.00,0.00
LCHD,Leader Capital Holdings Corp.,0.00,0.00,0.00,0.00,0.00,0.00,0.00
MPAD,MICROPAC INDUSTRIES INC,0.00,0.00,0.00,0.00,0.00,0.00,0.00
YELLQ,Yellow Corp,0.00,0.00,0.00,0.00,0.00,0.00,0.00
SMTSF,Sierra Metals Inc.,0.00,0.00,0.00,0.00,0.00,0.00,0.00
AZREF,Azure Power Global Ltd,0.00,0.00,0.00,0.00,0.00,0.00,0.00
NZEOF,New Zealand Oil & Gas Ltd/ADR,0.00,0.00,0.00,0.00,0.00,0.00,0.00
ALRN,Rein Therapeutics Inc.,0.00,0.00,0.00,0.00,0.00,0.00,0.00
CHTH,CNL Healthcare Properties Inc.,0.00,0.00,0.00,0.00,0.00,0.00,0.00
AATC,AUTOSCOPE TECHNOLOGIES CORP,0.00,0.00,0.00,0.00,0.00,0.00,0.00
MSVB,Mid-Southern Bancorp Inc.,0.00,0.00,0.00,0.00,0.00,0.00,0.00
AVLNF,Avalon Advanced Materials Inc.,0.00,0.00,0.00,0.00,0.00,0.00,0.00
IDWM,IDW MEDIA HOLDINGS INC.,0.00,0.00,0.00,0.00,0.00,0.00,0.00
WSKEF,Wisekey International Holding S.A.,0.00,0.00,0.00,0.00,0.00,0.00,0.00
FBIOP,Fortress Biotech Inc.,0.00,0.00,0.00,0.00,0.00,0.00,0.00
YQAI,YOUNEEQAI TECHNICAL SERVICES INC.,0.00,0.00,0.00,0.00,0.00,0.00,0.00
GBNY,Generations Bancorp NY Inc.,0.00,0.00,0.00,0.00,0.00,0.00,0.00
BIOE,Bio Essence Corp,0.00,0.00,0.00,0.00,0.00,0.00,0.00
ARBKF,Argo Blockchain Plc,0.00,0.00,0.00,0.00,0.00,0.00,0.00
DSHK,Drive Shack Inc.,0.00,0.00,0.00,0.00,0.00,0.00,0.00
ACMB,AGRO CAPITAL MANAGEMENT CORP.,0.00,0.00,0.00,0.00,0.00,0.00,0.00
GWLL,GOLDENWELL BIOTECH INC.,0.00,0.00,0.00,0.00,0.00,0.00,0.00
ENDI,ENDI Corp.,0.00,0.00,0.00,0.00,0.00,0.00,0.00
TETAA,Teton Advisors Inc.,0.00,0.00,0.00,0.00,0.00,0.00,0.00
OSBK,OCONEE FINANCIAL CORP,0.00,0.00,0.00,0.00,0.00,0.00,0.00
HSTI,High Sierra Technologies Inc.,0.00,0.00,0.00,0.00,0.00,0.00,0.00
XTXXF,Adastra Holdings Ltd.,0.00,0.00,0.00,0.00,0.00,0.00,0.00
RSCI,Redwood Scientific Technologies Inc.,0.00,0.00,0.00,0.00,0.00,0.00,0.00
WVVIP,WILLAMETTE VALLEY VINEYARDS INC,0.00,0.00,0.00,0.00,0.00,0.00,0.00
INFT,Infinity Bancorp,0.00,0.00,0.00,0.00,0.00,0.00,0.00
FIGI,Freedom Internet Group Inc.,0.00,0.00,0.00,0.00,0.00,0.00,0.00
PGID,PEREGRINE INDUSTRIES INC,0.00,0.00,0.00,0.00,0.00,0.00,0.00
BQST,Bioquest Corp,0.00,0.00,0.00,0.00,0.00,0.00,0.00
SKYI,Sky Century Investment Inc.,0.00,0.00,0.00,0.00,0.00,0.00,0.00
TBBA,TEB Bancorp Inc.,0.00,0.00,0.00,0.00,0.00,0.00,0.00
AFGC,AMERICAN FINANCIAL GROUP INC,0.00,0.00,0.00,0.00,0.00,0.00,0.00
RGF,Real Good Food Company Inc.,0.00,0.00,0.00,0.00,0.00,0.00,0.00
WVFC,WVS FINANCIAL CORP,0.00,0.00,0.00,0.00,0.00,0.00,0.00
SALM,SALEM MEDIA GROUP INC. /DE/,0.00,0.00,0.00,0.00,0.00,0.00,0.00
IMUC,EOM Pharmaceutical Holdings Inc.,0.00,0.00,0.00,0.00,0.00,0.00,0.00
PWCO,PwrCor Inc.,0.00,0.00,0.00,0.00,0.00,0.00,0.00
WHLM,Wilhelmina International Inc.,0.00,0.00,0.00,0.00,0.00,0.00,0.00
PALT,INTELLIGENT PROTECTION MANAGEMENT CORP.,0.00,0.00,0.00,0.00,0.00,0.00,0.00
TETAB,Teton Advisors Inc.,0.00,0.00,0.00,0.00,0.00,0.00,0.00
ARRKF,ARRAS MINERALS CORP.,0.00,0.00,0.00,0.00,0.00,0.00,0.00
SGTM,Sustainable Green Team Ltd.,0.00,0.00,0.00,0.00,0.00,0.00,0.00
GLACU,Global Lights Acquisition Corp,0.00,0.00,0.00,0.00,0.00,0.00,0.00
MMV,MultiMetaVerse Holdings Ltd,0.00,0.00,0.00,0.00,0.00,0.00,0.00
FNCH,Finch Therapeutics Group Inc.,0.00,0.00,0.00,0.00,0.00,0.00,0.00
OWVI,One World Ventures Inc,0.00,0.00,0.00,0.00,0.00,0.00,0.00
NPLS,NP Life Sciences Health Industry Group Inc.,0.00,0.00,0.00,0.00,0.00,0.00,0.00
CSSI,Standard Dental Labs Inc.,0.00,0.00,0.00,0.00,0.00,0.00,0.00
CATG,Capstone Technologies Group Inc.,0.00,0.00,0.00,0.00,0.00,0.00,0.00
CYCCP,Cyclacel Pharmaceuticals Inc.,0.00,0.00,0.00,0.00,0.00,0.00,0.00
WHLRD,Wheeler Real Estate Investment Trust Inc.,0.00,0.00,0.00,0.00,0.00,0.00,0.00
EGLXF,Enthusiast Gaming Holdings Inc. / Canada,0.00,0.00,0.00,0.00,0.00,0.00,0.00
GBCS,SELECTIS HEALTH INC.,0.00,0.00,0.00,0.00,0.00,0.00,0.00
SFWJ,Software Effective Solutions Corp.,0.00,0.00,0.00,0.00,0.00,0.00,0.00
ODDAF,Odd Burger Corp,0.00,0.00,0.00,0.00,0.00,0.00,0.00
SFES,SAFEGUARD SCIENTIFICS INC,0.00,0.00,0.00,0.00,0.00,0.00,0.00
SPTY,SPECIFICITY INC.,0.00,0.00,0.00,0.00,0.00,0.00,0.00
PMDI,PSYCHEMEDICS CORP,0.00,0.00,0.00,0.00,0.00,0.00,0.00
ZKGCF,ZKGC New Energy Ltd,0.00,0.00,0.00,0.00,0.00,0.00,0.00
PRNAF,ALTERITY THERAPEUTICS LTD,0.00,0.00,0.00,0.00,0.00,0.00,0.00
WBSR,Webstar Technology Group Inc.,0.00,0.00,0.00,0.00,0.00,0.00,0.00
FZMD,Fuse Medical Inc.,0.00,0.00,0.00,0.00,0.00,0.00,0.00
ERKH,Eureka Homestead Bancorp Inc.,0.00,0.00,0.00,0.00,0.00,0.00,0.00
MCLE,Medicale Corp.,0.00,0.00,0.00,0.00,0.00,0.00,0.00
BNSOF,BONSO ELECTRONICS INTERNATIONAL INC,0.00,0.00,0.00,0.00,0.00,0.00,0.00
TVE,Tennessee Valley Authority,0.00,0.00,0.00,0.00,0.00,0.00,0.00
TVC,Tennessee Valley Authority,0.00,0.00,0.00,0.00,0.00,0.00,0.00
LNDZF,EVOME MEDICAL TECHNOLOGIES INC.,0.00,0.00,0.00,0.00,0.00,0.00,0.00
MARX,Mars Acquisition Corp.,0.00,0.00,0.00,0.00,0.00,0.00,0.00
BRCNF,Burcon NutraScience Corp,0.00,0.00,0.00,0.00,0.00,0.00,0.00
SGLDF,KIDOZ INC.,0.00,0.00,0.00,0.00,0.00,0.00,0.00
ARMC,Un Monde International Ltd.,0.00,0.00,0.00,0.00,0.00,0.00,0.00
EXNRF,EXCELLON RESOURCES INC,0.00,0.00,0.00,0.00,0.00,0.00,0.00
EVTK,EVENTIKO INC.,0.00,0.00,0.00,0.00,0.00,0.00,0.00
FGCO,Financial Gravity Companies Inc.,0.00,0.00,0.00,0.00,0.00,0.00,0.00
EGRX,EAGLE PHARMACEUTICALS INC.,0.00,0.00,0.00,0.00,0.00,0.00,0.00
EVOL,Symbolic Logic Inc.,0.00,0.00,0.00,0.00,0.00,0.00,0.00
CJAX,CoJax Oil & Gas Corp,0.00,0.00,0.00,0.00,0.00,0.00,0.00
PQEFF,PETROTEQ ENERGY INC.,0.00,0.00,0.00,0.00,0.00,0.00,0.00
VQSSF,VIQ Solutions Inc.,0.00,0.00,0.00,0.00,0.00,0.00,0.00
FULO,FULLNET COMMUNICATIONS INC,0.00,0.00,0.00,0.00,0.00,0.00,0.00
SHVLF,STARCORE INTERNATIONAL MINES LTD.,0.00,0.00,0.00,0.00,0.00,0.00,0.00
SGIC,Strategic Realty Trust Inc.,0.00,0.00,0.00,0.00,0.00,0.00,0.00
NEXCF,Nextech3D.AI Corp.,0.00,0.00,0.00,0.00,0.00,0.00,0.00
HGLD,Patagonia Gold Corp.,0.00,0.00,0.00,0.00,0.00,0.00,0.00
BIXT,BIOXYTRAN INC,0.00,0.00,0.00,0.00,0.00,0.00,0.00
FBDS,Fuss Brands Corp.,0.00,0.00,0.00,0.00,0.00,0.00,0.00
FALC,FALCONSTOR SOFTWARE INC,0.00,0.00,0.00,0.00,0.00,0.00,0.00
SILEF,Silver Elephant Mining Corp.,0.00,0.00,0.00,0.00,0.00,0.00,0.00
ADMQ,ADM ENDEAVORS INC.,0.00,0.00,0.00,0.00,0.00,0.00,0.00
UCASU,UC Asset LP,0.00,0.00,0.00,0.00,0.00,0.00,0.00
SITS,SOUTHERN ITS INTERNATIONAL INC.,0.00,0.00,0.00,0.00,0.00,0.00,0.00
VIDE,VIDEO DISPLAY CORP,0.00,0.00,0.00,0.00,0.00,0.00,0.00
MVCO,Metavesco Inc.,0.00,0.00,0.00,0.00,0.00,0.00,0.00
GLUC,Glucose Health Inc.,0.00,0.00,0.00,0.00,0.00,0.00,0.00
BLYQ,BALLY CORP.,0.00,0.00,0.00,0.00,0.00,0.00,0.00
SIPN,SIPP International Industries Inc.,0.00,0.00,0.00,0.00,0.00,0.00,0.00
JETR,Star Jets International Inc.,0.00,0.00,0.00,0.00,0.00,0.00,0.00
FXLV,F45 Training Holdings Inc.,0.00,0.00,0.00,0.00,0.00,0.00,0.00
FRTX,Fresh Tracks Therapeutics Inc.,0.00,0.00,0.00,0.00,0.00,0.00,0.00
NVDEF,URZ3 ENERGY CORP.,0.00,0.00,0.00,0.00,0.00,0.00,0.00
PNPL,PINEAPPLE INC.,0.00,0.00,0.00,0.00,0.00,0.00,0.00
UCIX,Umbra Companies Inc.,0.00,0.00,0.00,0.00,0.00,0.00,0.00
PRPI,PERPETUAL INDUSTRIES INC.,0.00,0.00,0.00,0.00,0.00,0.00,0.00
ZPTA,Zapata Computing Holdings Inc.,0.00,0.00,0.00,0.00,0.00,0.00,0.00
CMOT,Curtiss Motorcycle Company Inc.,0.00,0.00,0.00,0.00,0.00,0.00,0.00
SCYYF,SCANDIUM INTERNATIONAL MINING CORP.,0.00,0.00,0.00,0.00,0.00,0.00,0.00
SNNC,Sibannac Inc.,0.00,0.00,0.00,0.00,0.00,0.00,0.00
WDLF,Decentral Life Inc.,0.00,0.00,0.00,0.00,0.00,0.00,0.00
RBCN,Rubicon Technology Inc.,0.00,0.00,0.00,0.00,0.00,0.00,0.00
RSHN,RushNet Inc.,0.00,0.00,0.00,0.00,0.00,0.00,0.00
SWISF,Sekur Private Data Ltd.,0.00,0.00,0.00,0.00,0.00,0.00,0.00
AMTY,AMERITYRE CORP,0.00,0.00,0.00,0.00,0.00,0.00,0.00
TLIS,Talis Biomedical Corp,0.00,0.00,0.00,0.00,0.00,0.00,0.00
CANB,Can B Corp,0.00,0.00,0.00,0.00,0.00,0.00,0.00
MTTCF,Steakholder Foods Ltd.,0.00,0.00,0.00,0.00,0.00,0.00,0.00
AMMX,Ameramex International Inc,0.00,0.00,0.00,0.00,0.00,0.00,0.00
HALB,Halberd Corp,0.00,0.00,0.00,0.00,0.00,0.00,0.00
JSHG,JOSHUA GOLD RESOURCES INC,0.00,0.00,0.00,0.00,0.00,0.00,0.00
GRDAF,Guardforce AI Co. Ltd.,0.00,0.00,0.00,0.00,0.00,0.00,0.00
GEMZ,Gemxx Corp.,0.00,0.00,0.00,0.00,0.00,0.00,0.00
TGNT,Totaligent Inc.,0.00,0.00,0.00,0.00,0.00,0.00,0.00
MCOA,Marijuana Co of America Inc.,0.00,0.00,0.00,0.00,0.00,0.00,0.00
SMKG,SmartCard Marketing Systems Inc,0.00,0.00,0.00,0.00,0.00,0.00,0.00
ACRL,Atacama Resources International Inc.,0.00,0.00,0.00,0.00,0.00,0.00,0.00
JFTH,Japan Food Tech Holdings Inc.,0.00,0.00,0.00,0.00,0.00,0.00,0.00
FTRS,Futuris Co,0.00,0.00,0.00,0.00,0.00,0.00,0.00
LTES,Leet Technology Inc.,0.00,0.00,0.00,0.00,0.00,0.00,0.00
CETXP,CEMTREX INC,0.00,0.00,0.00,0.00,0.00,0.00,0.00
DTGI,Digerati Technologies Inc.,0.00,0.00,0.00,0.00,0.00,0.00,0.00
SRMX,SADDLE RANCH MEDIA INC.,0.00,0.00,0.00,0.00,0.00,0.00,0.00
MRGE,Mirage Energy Corp,0.00,0.00,0.00,0.00,0.00,0.00,0.00
CAPV,CABO VERDE CAPITAL INC.,0.00,0.00,0.00,0.00,0.00,0.00,0.00
SPQS,SportsQuest Inc.,0.00,0.00,0.00,0.00,0.00,0.00,0.00
CRTD,Creatd Inc.,0.00,0.00,0.00,0.00,0.00,0.00,0.00
RTON,Right On Brands Inc.,0.00,0.00,0.00,0.00,0.00,0.00,0.00
ELRA,ELRAY RESOURCES INC.,0.00,0.00,0.00,0.00,0.00,0.00,0.00
GPFT,Grapefruit USA Inc,0.00,0.00,0.00,0.00,0.00,0.00,0.00
TKOI,TELKONET INC,0.00,0.00,0.00,0.00,0.00,0.00,0.00
SVVC,Firsthand Technology Value Fund Inc.,0.00,0.00,0.00,0.00,0.00,0.00,0.00
SNWR,Sanwire Corp,0.00,0.00,0.00,0.00,0.00,0.00,0.00
PWDY,POWERDYNE INTERNATIONAL INC.,0.00,0.00,0.00,0.00,0.00,0.00,0.00
BYOC,Beyond Commerce Inc.,0.00,0.00,0.00,0.00,0.00,0.00,0.00
DCSX,Direct Communication Solutions Inc.,0.00,0.00,0.00,0.00,0.00,0.00,0.00
PMEDF,Predictmedix Inc.,0.00,0.00,0.00,0.00,0.00,0.00,0.00
PCYN,PROCYON CORP,0.00,0.00,0.00,0.00,0.00,0.00,0.00
PAANF,Pan American Energy Corp. (Canada),0.00,0.00,0.00,0.00,0.00,0.00,0.00
RDAR,RAADR INC.,0.00,0.00,0.00,0.00,0.00,0.00,0.00
AGNPF,Algernon Pharmaceuticals Inc.,0.00,0.00,0.00,0.00,0.00,0.00,0.00
IGPK,Integrated Cannabis Solutions Inc.,0.00,0.00,0.00,0.00,0.00,0.00,0.00
WHLRP,Wheeler Real Estate Investment Trust Inc.,0.00,0.00,0.00,0.00,0.00,0.00,0.00
RELT,Reliant Holdings Inc.,0.00,0.00,0.00,0.00,0.00,0.00,0.00
BDRL,BLONDER TONGUE LABORATORIES INC,0.00,0.00,0.00,0.00,0.00,0.00,0.00
TNBI,Tanke Biosciences Corp,0.00,0.00,0.00,0.00,0.00,0.00,0.00
USDP,USD Partners LP,0.00,0.00,0.00,0.00,0.00,0.00,0.00
BMXC,Bemax Inc.,0.00,0.00,0.00,0.00,0.00,0.00,0.00
BRLL,Barrel Energy Inc.,0.00,0.00,0.00,0.00,0.00,0.00,0.00
MOBBW,Mobilicom Ltd,0.00,0.00,0.00,0.00,0.00,0.00,0.00
CNNC,Cannonau Corp.,0.00,0.00,0.00,0.00,0.00,0.00,0.00
DROP,Fuse Science Inc.,0.00,0.00,0.00,0.00,0.00,0.00,0.00
IMPM,IMPAC MORTGAGE HOLDINGS INC,0.00,0.00,0.00,0.00,0.00,0.00,0.00
CGAC,CODE GREEN APPAREL CORP,0.00,0.00,0.00,0.00,0.00,0.00,0.00
ADXS,Ayala Pharmaceuticals Inc.,0.00,0.00,0.00,0.00,0.00,0.00,0.00
GYST,GRAYSTONE COMPANY INC.,0.00,0.00,0.00,0.00,0.00,0.00,0.00
KGKG,KONA GOLD BEVERAGE INC.,0.00,0.00,0.00,0.00,0.00,0.00,0.00
WNFT,Worldwide NFT Inc.,0.00,0.00,0.00,0.00,0.00,0.00,0.00
ANDR,ANDREA ELECTRONICS CORP,0.00,0.00,0.00,0.00,0.00,0.00,0.00
MMMW,MASS MEGAWATTS WIND POWER INC,0.00,0.00,0.00,0.00,0.00,0.00,0.00
RHE-PA,REGIONAL HEALTH PROPERTIES INC,0.00,0.00,0.00,0.00,0.00,0.00,0.00
SIRC,SOLAR INTEGRATED ROOFING CORP.,0.00,0.00,0.00,0.00,0.00,0.00,0.00
RKFL,ROCKETFUEL BLOCKCHAIN INC.,0.00,0.00,0.00,0.00,0.00,0.00,0.00
WCUI,Wellness Center USA Inc.,0.00,0.00,0.00,0.00,0.00,0.00,0.00
NSTC,Northern Star Investment Corp. III,0.00,0.00,0.00,0.00,0.00,0.00,0.00
GMZP,GEMZ Corp. NV,0.00,0.00,0.00,0.00,0.00,0.00,0.00
MGHL,MORGAN GROUP HOLDING CO,0.00,0.00,0.00,0.00,0.00,0.00,0.00
EHVVF,Ehave Inc.,0.00,0.00,0.00,0.00,0.00,0.00,0.00
VIVE,VIVEVE MEDICAL INC.,0.00,0.00,0.00,0.00,0.00,0.00,0.00
AXIM,AXIM BIOTECHNOLOGIES INC.,0.00,0.00,0.00,0.00,0.00,0.00,0.00
ELST,ELECTRONIC SYSTEMS TECHNOLOGY INC,0.00,0.00,0.00,0.00,0.00,0.00,0.00
IWAL,iWallet Corp,0.00,0.00,0.00,0.00,0.00,0.00,0.00
CNCT,China Teletech Holding Inc,0.00,0.00,0.00,0.00,0.00,0.00,0.00
TLIF,TOCCA LIFE HOLDINGS INC.,0.00,0.00,0.00,0.00,0.00,0.00,0.00
GMBL,ESPORTS ENTERTAINMENT GROUP INC.,0.00,0.00,0.00,0.00,0.00,0.00,0.00
FKST,Flowerkist Skin Care & Cosmetics Inc.,0.00,0.00,0.00,0.00,0.00,0.00,0.00
COUV,CORPORATE UNIVERSE INC,0.00,0.00,0.00,0.00,0.00,0.00,0.00
INNI,Innovaro Inc.,0.00,0.00,0.00,0.00,0.00,0.00,0.00
TKMO,Tekumo Inc.,0.00,0.00,0.00,0.00,0.00,0.00,0.00
PHBI,Pharmagreen Biotech Inc.,0.00,0.00,0.00,0.00,0.00,0.00,0.00
CBGL,CANNABIS GLOBAL INC.,0.00,0.00,0.00,0.00,0.00,0.00,0.00
CDSG,China Dongsheng International Inc.,0.00,0.00,0.00,0.00,0.00,0.00,0.00
SNPW,Sun Pacific Holding Corp.,0.00,0.00,0.00,0.00,0.00,0.00,0.00
NHMD,NATE'S FOOD CO.,0.00,0.00,0.00,0.00,0.00,0.00,0.00
GYGC,Guyana Gold Corp,0.00,0.00,0.00,0.00,0.00,0.00,0.00
SLHGF,Skylight Health Group Inc.,0.00,0.00,0.00,0.00,0.00,0.00,0.00
SCPS,Scopus BioPharma Inc.,0.00,0.00,0.00,0.00,0.00,0.00,0.00
NTRR,NEUTRA CORP.,0.00,0.00,0.00,0.00,0.00,0.00,0.00
APSI,AQUA POWER SYSTEMS INC.,0.00,0.00,0.00,0.00,0.00,0.00,0.00
RLBD,Real Brands Inc.,0.00,0.00,0.00,0.00,0.00,0.00,0.00
DCAC,Daniels Corporate Advisory Company Inc.,0.00,0.00,0.00,0.00,0.00,0.00,0.00
SHGI,Sparx Holdings Group Inc.,0.00,0.00,0.00,0.00,0.00,0.00,0.00
FORZ,Forza Innovations Inc,0.00,0.00,0.00,0.00,0.00,0.00,0.00
ENDV,ENDONOVO THERAPEUTICS INC.,0.00,0.00,0.00,0.00,0.00,0.00,0.00
CALA,Calithera Biosciences Inc.,0.00,0.00,0.00,0.00,0.00,0.00,0.00
PLPL,Plandai Biotechnology Inc.,0.00,0.00,0.00,0.00,0.00,0.00,0.00
PVNNF,PV Nano Cell Ltd.,0.00,0.00,0.00,0.00,0.00,0.00,0.00
OXBRW,OXBRIDGE RE HOLDINGS Ltd,0.00,0.00,0.00,0.00,0.00,0.00,0.00
ALPP,ALPINE 4 HOLDINGS INC.,0.00,0.00,0.00,0.00,0.00,0.00,0.00
EFTR,eFFECTOR Therapeutics Inc.,0.00,0.00,0.00,0.00,0.00,0.00,0.00
BTZI,BOTS Inc./PR,0.00,0.00,0.00,0.00,0.00,0.00,0.00
BZWR,Business Warrior Corp,0.00,0.00,0.00,0.00,0.00,0.00,0.00
MASN,Maison Luxe Inc.,0.00,0.00,0.00,0.00,0.00,0.00,0.00
DPUI,DISCOUNT PRINT USA INC.,0.00,0.00,0.00,0.00,0.00,0.00,0.00
CLRD,Clearday Inc.,0.00,0.00,0.00,0.00,0.00,0.00,0.00
MMNFQ,MedMen Enterprises Inc.,0.00,0.00,0.00,0.00,0.00,0.00,0.00
AERS,Aerius International Inc.,0.00,0.00,0.00,0.00,0.00,0.00,0.00
PRST,Presto Automation Inc.,0.00,0.00,0.00,0.00,0.00,0.00,0.00
LCCN,LeapCharger Corp,0.00,0.00,0.00,0.00,0.00,0.00,0.00
TMNA,AGRI-FINTECH HOLDINGS INC.,0.00,0.00,0.00,0.00,0.00,0.00,0.00
LFAP,LGBTQ Loyalty Holdings Inc.,0.00,0.00,0.00,0.00,0.00,0.00,0.00
ECOX,ECO INNOVATION GROUP INC.,0.00,0.00,0.00,0.00,0.00,0.00,0.00
MLLOF,Medallion Resources Ltd,0.00,0.00,0.00,0.00,0.00,0.00,0.00
CLCS,Cell Source Inc.,0.00,0.00,0.00,0.00,0.00,0.00,0.00
THCT,THC Therapeutics Inc.,0.00,0.00,0.00,0.00,0.00,0.00,0.00
WTII,Water Technologies InternationalInc.,0.00,0.00,0.00,0.00,0.00,0.00,0.00
SNHO,SHONGHOYA INTERNATIONAL GROUP INC.,0.00,0.00,0.00,0.00,0.00,0.00,0.00
GZIC,GZ6G Technologies Corp.,0.00,0.00,0.00,0.00,0.00,0.00,0.00
SUWN,SUNWIN STEVIA INTERNATIONAL INC.,0.00,0.00,0.00,0.00,0.00,0.00,0.00
FAVO,Favo Capital Inc.,0.00,0.00,0.00,0.00,0.00,0.00,0.00
GIPL,Global Innovative Platforms Inc.,0.00,0.00,0.00,0.00,0.00,0.00,0.00
TIOG,Tingo Group Inc.,0.00,0.00,0.00,0.00,0.00,0.00,0.00
HPCO,Hempacco Co. Inc.,0.00,0.00,0.00,0.00,0.00,0.00,0.00
DWAY,Driveitaway Holdings Inc.,0.00,0.00,0.00,0.00,0.00,0.00,0.00
JMTM,James Maritime Holdings Inc.,0.00,0.00,0.00,0.00,0.00,0.00,0.00
AMIH,AMERICAN INTERNATIONAL HOLDINGS CORP.,0.00,0.00,0.00,0.00,0.00,0.00,0.00
RENO,RENOVARE ENVIRONMENTAL INC.,0.00,0.00,0.00,0.00,0.00,0.00,0.00
LBTI,Lithium & Boron Technology Inc.,0.00,0.00,0.00,0.00,0.00,0.00,0.00
SFRT,Appreciate Holdings Inc.,0.00,0.00,0.00,0.00,0.00,0.00,0.00
RTSL,Rapid Therapeutic Science Laboratories Inc.,0.00,0.00,0.00,0.00,0.00,0.00,0.00
GMVDF,G Medical Innovations Holdings Ltd.,0.00,0.00,0.00,0.00,0.00,0.00,0.00
ESSI,ECO SCIENCE SOLUTIONS INC.,0.00,0.00,0.00,0.00,0.00,0.00,0.00
EWLL,eWELLNESS HEALTHCARE Corp,0.00,0.00,0.00,0.00,0.00,0.00,0.00
ADGO,Advantego Corp,0.00,0.00,0.00,0.00,0.00,0.00,0.00
DSGT,DSG Global Inc.,0.00,0.00,0.00,0.00,0.00,0.00,0.00
QBIO,Q BioMed Inc.,0.00,0.00,0.00,0.00,0.00,0.00,0.00
VBIVQ,VBI Vaccines Inc/BC,0.00,0.00,0.00,0.00,0.00,0.00,0.00
VAXX,Vaxxinity Inc.,0.00,0.00,0.00,0.00,0.00,0.00,0.00
BTIM,BOATIM INC.,0.00,0.00,0.00,0.00,0.00,0.00,0.00
THMO,ThermoGenesis Holdings Inc.,0.00,0.00,0.00,0.00,0.00,0.00,0.00
ICNB,Iconic Brands Inc.,0.00,0.00,0.00,0.00,0.00,0.00,0.00
TKLS,Trutankless Inc.,0.00,0.00,0.00,0.00,0.00,0.00,0.00
INLB,Item 9 Labs Corp.,0.00,0.00,0.00,0.00,0.00,0.00,0.00
ECXJ,CXJ GROUP CO. Ltd,0.00,0.00,0.00,0.00,0.00,0.00,0.00
EGOXF,Next.e.GO N.V.,0.00,0.00,0.00,0.00,0.00,0.00,0.00
INFIQ,INFINITY PHARMACEUTICALS INC.,0.00,0.00,0.00,0.00,0.00,0.00,0.00
SINC,Sincerity Applied Materials Holdings Corp.,0.00,0.00,0.00,0.00,0.00,0.00,0.00
RNGC,Ranger Gold Corp.,0.00,0.00,0.00,0.00,0.00,0.00,0.00
MAXD,Max Sound Corp,0.00,0.00,0.00,0.00,0.00,0.00,0.00
ASPU,ASPEN GROUP INC.,0.00,0.00,0.00,0.00,0.00,0.00,0.00
STAB,Statera Biopharma Inc.,0.00,0.00,0.00,0.00,0.00,0.00,0.00
ARDS,Aridis Pharmaceuticals Inc.,0.00,0.00,0.00,0.00,0.00,0.00,0.00
BXRXQ,Baudax Bio Inc.,0.00,0.00,0.00,0.00,0.00,0.00,0.00
PLYN,Palayan Resources Inc.,0.00,0.00,0.00,0.00,0.00,0.00,0.00
FDBL,Friendable Inc.,0.00,0.00,0.00,0.00,0.00,0.00,0.00
KBNT,Kubient Inc.,0.00,0.00,0.00,0.00,0.00,0.00,0.00
WINR,SIMPLICITY ESPORTS & GAMING Co,0.00,0.00,0.00,0.00,0.00,0.00,0.00
WEIDY,Weidai Ltd.,0.00,0.00,0.00,0.00,0.00,0.00,0.00
VRUS,VERUS INTERNATIONAL INC.,0.00,0.00,0.00,0.00,0.00,0.00,0.00
MOTS,Motus GI Holdings Inc.,0.00,0.00,0.00,0.00,0.00,0.00,0.00
SECOY,Secoo Holding Ltd,0.00,0.00,0.00,0.00,0.00,0.00,0.00
JUVAF,JUVA LIFE INC./Canada,0.00,0.00,0.00,0.00,0.00,0.00,0.00
ALFIQ,Alfi Inc.,0.00,0.00,0.00,0.00,0.00,0.00,0.00
BZRD,Blubuzzard Inc.,0.00,0.00,0.00,0.00,0.00,0.00,0.00
WTER,ALKALINE WATER Co INC,0.00,0.00,0.00,0.00,0.00,0.00,0.00
SMFL,SMART FOR LIFE INC.,0.00,0.00,0.00,0.00,0.00,0.00,0.00
AUVIQ,Applied UV Inc.,0.00,0.00,0.00,0.00,0.00,0.00,0.00
CSSEQ,Chicken Soup for the Soul Entertainment Inc.,0.00,0.00,0.00,0.00,0.00,0.00,0.00
AEYGQ,ADDVANTAGE TECHNOLOGIES GROUP INC,0.00,0.00,0.00,0.00,0.00,0.00,0.00
NAVB,NAVIDEA BIOPHARMACEUTICALS INC.,0.00,0.00,0.00,0.00,0.00,0.00,0.00
ATHXQ,ATHERSYS INC / NEW,0.00,0.00,0.00,0.00,0.00,0.00,0.00
BAC-PL,BANK OF AMERICA CORP /DE/,0.00,0.00,0.00,0.00,0.00,0.00,0.00
MER-PK,BANK OF AMERICA CORP /DE/,0.00,0.00,0.00,0.00,0.00,0.00,0.00
BACRP,BANK OF AMERICA CORP /DE/,0.00,0.00,0.00,0.00,0.00,0.00,0.00
BAC-PM,BANK OF AMERICA CORP /DE/,0.00,0.00,0.00,0.00,0.00,0.00,0.00
BAC-PN,BANK OF AMERICA CORP /DE/,0.00,0.00,0.00,0.00,0.00,0.00,0.00
BAC-PO,BANK OF AMERICA CORP /DE/,0.00,0.00,0.00,0.00,0.00,0.00,0.00
BAC-PP,BANK OF AMERICA CORP /DE/,0.00,0.00,0.00,0.00,0.00,0.00,0.00
BAC-PQ,BANK OF AMERICA CORP /DE/,0.00,0.00,0.00,0.00,0.00,0.00,0.00
BAC-PS,BANK OF AMERICA CORP /DE/,0.00,0.00,0.00,0.00,0.00,0.00,0.00
MNESP,MSA Safety Inc,0.00,0.00,0.00,0.00,0.00,0.00,0.00
INPAP,INTERNATIONAL PAPER CO /NEW/,0.00,0.00,0.00,0.00,0.00,0.00,0.00
CTO-PA,CTO Realty Growth Inc.,0.00,0.00,0.00,0.00,0.00,0.00,0.00
FHN-PB,FIRST HORIZON CORP,0.00,0.00,0.00,0.00,0.00,0.00,0.00
FHN-PC,FIRST HORIZON CORP,0.00,0.00,0.00,0.00,0.00,0.00,0.00
FHN-PE,FIRST HORIZON CORP,0.00,0.00,0.00,0.00,0.00,0.00,0.00
FHN-PF,FIRST HORIZON CORP,0.00,0.00,0.00,0.00,0.00,0.00,0.00
USB-PQ,US BANCORP \DE\,0.00,0.00,0.00,0.00,0.00,0.00,0.00
USB-PR,US BANCORP \DE\,0.00,0.00,0.00,0.00,0.00,0.00,0.00
USB-PS,US BANCORP \DE\,0.00,0.00,0.00,0.00,0.00,0.00,0.00
FACTU,FACT II Acquisition Corp.,0.00,0.00,0.00,0.00,0.00,0.00,0.00
FACTW,FACT II Acquisition Corp.,0.00,0.00,0.00,0.00,0.00,0.00,0.00
GSRTU,GSR III Acquisition Corp.,0.00,0.00,0.00,0.00,0.00,0.00,0.00
GSRTR,GSR III Acquisition Corp.,0.00,0.00,0.00,0.00,0.00,0.00,0.00
GIGGU,GigCapital7 Corp.,0.00,0.00,0.00,0.00,0.00,0.00,0.00
GIGGW,GigCapital7 Corp.,0.00,0.00,0.00,0.00,0.00,0.00,0.00
BACQR,Bleichroeder Acquisition Corp. I,0.00,0.00,0.00,0.00,0.00,0.00,0.00
BACQU,Bleichroeder Acquisition Corp. I,0.00,0.00,0.00,0.00,0.00,0.00,0.00
DMAAU,Drugs Made In America Acquisition Corp.,0.00,0.00,0.00,0.00,0.00,0.00,0.00
DYNXW,Dynamix Corp,0.00,0.00,0.00,0.00,0.00,0.00,0.00
DYNXU,Dynamix Corp,0.00,0.00,0.00,0.00,0.00,0.00,0.00
LPBBW,Launch Two Acquisition Corp.,0.00,0.00,0.00,0.00,0.00,0.00,0.00
LPBBU,Launch Two Acquisition Corp.,0.00,0.00,0.00,0.00,0.00,0.00,0.00
HONDW,HCM II Acquisition Corp.,0.00,0.00,0.00,0.00,0.00,0.00,0.00
HONDU,HCM II Acquisition Corp.,0.00,0.00,0.00,0.00,0.00,0.00,0.00
CGBSW,Crown LNG Holdings Ltd,0.00,0.00,0.00,0.00,0.00,0.00,0.00
PITAW,Heramba Electric plc,0.00,0.00,0.00,0.00,0.00,0.00,0.00
MRNOW,Murano Global Investments Plc,0.00,0.00,0.00,0.00,0.00,0.00,0.00
BDMDW,Baird Medical Investment Holdings Ltd,0.00,0.00,0.00,0.00,0.00,0.00,0.00
CCIXU,Churchill Capital Corp IX/Cayman,0.00,0.00,0.00,0.00,0.00,0.00,0.00
CCIXW,Churchill Capital Corp IX/Cayman,0.00,0.00,0.00,0.00,0.00,0.00,0.00
LPAAU,Launch One Acquisition Corp.,0.00,0.00,0.00,0.00,0.00,0.00,0.00
LPAAW,Launch One Acquisition Corp.,0.00,0.00,0.00,0.00,0.00,0.00,0.00
SPHIF,SUPER HI INTERNATIONAL HOLDING LTD.,0.00,0.00,0.00,0.00,0.00,0.00,0.00
IBACR,IB Acquisition Corp.,0.00,0.00,0.00,0.00,0.00,0.00,0.00
CLBR-UN,COLOMBIER ACQUISITION CORP. II,0.00,0.00,0.00,0.00,0.00,0.00,0.00
CLBR-WT,COLOMBIER ACQUISITION CORP. II,0.00,0.00,0.00,0.00,0.00,0.00,0.00
BUJAW,Bukit Jalil Global Acquisition 1 Ltd.,0.00,0.00,0.00,0.00,0.00,0.00,0.00
BUJAU,Bukit Jalil Global Acquisition 1 Ltd.,0.00,0.00,0.00,0.00,0.00,0.00,0.00
BUJAR,Bukit Jalil Global Acquisition 1 Ltd.,0.00,0.00,0.00,0.00,0.00,0.00,0.00
LZM-WT,Lifezone Metals Ltd,0.00,0.00,0.00,0.00,0.00,0.00,0.00
CREVW,Carbon Revolution Public Ltd Co,0.00,0.00,0.00,0.00,0.00,0.00,0.00
LDTCW,LeddarTech Holdings Inc.,0.00,0.00,0.00,0.00,0.00,0.00,0.00
QETAU,Quetta Acquisition Corp,0.00,0.00,0.00,0.00,0.00,0.00,0.00
QETAR,Quetta Acquisition Corp,0.00,0.00,0.00,0.00,0.00,0.00,0.00
GFRWF,Greenfire Resources Ltd.,0.00,0.00,0.00,0.00,0.00,0.00,0.00
ATCHW,AtlasClear Holdings Inc.,0.00,0.00,0.00,0.00,0.00,0.00,0.00
ALDFU,Aldel Financial II Inc.,0.00,0.00,0.00,0.00,0.00,0.00,0.00
ALDFW,Aldel Financial II Inc.,0.00,0.00,0.00,0.00,0.00,0.00,0.00
INVLW,Innventure Inc.,0.00,0.00,0.00,0.00,0.00,0.00,0.00
PDPA,Pearl Diver Credit Co Inc.,0.00,0.00,0.00,0.00,0.00,0.00,0.00
SHMDW,SCHMID Group N.V.,0.00,0.00,0.00,0.00,0.00,0.00,0.00
ACZT,Aceztech Corp,0.00,0.00,0.00,0.00,0.00,0.00,0.00
MKDWW,MKDWELL Tech Inc.,0.00,0.00,0.00,0.00,0.00,0.00,0.00
NETDW,Nabors Energy Transition Corp. II,0.00,0.00,0.00,0.00,0.00,0.00,0.00
NETDU,Nabors Energy Transition Corp. II,0.00,0.00,0.00,0.00,0.00,0.00,0.00
HYAC-UN,Haymaker Acquisition Corp. 4,0.00,0.00,0.00,0.00,0.00,0.00,0.00
HYAC-WT,Haymaker Acquisition Corp. 4,0.00,0.00,0.00,0.00,0.00,0.00,0.00
KYFGF,Kyoto Financial Group Inc/ADR,0.00,0.00,0.00,0.00,0.00,0.00,0.00
TLPPF,Telix Pharmaceuticals Ltd,0.00,0.00,0.00,0.00,0.00,0.00,0.00
SPHAU,Shepherd Ave Capital Acquisition Corp,0.00,0.00,0.00,0.00,0.00,0.00,0.00
FOXXW,Foxx Development Holdings Inc.,0.00,0.00,0.00,0.00,0.00,0.00,0.00
RMSGW,Real Messenger Corp,0.00,0.00,0.00,0.00,0.00,0.00,0.00
BAYAR,Bayview Acquisition Corp,0.00,0.00,0.00,0.00,0.00,0.00,0.00
BAYAU,Bayview Acquisition Corp,0.00,0.00,0.00,0.00,0.00,0.00,0.00
AITRU,AI Transportation Acquisition Corp,0.00,0.00,0.00,0.00,0.00,0.00,0.00
AITRR,AI Transportation Acquisition Corp,0.00,0.00,0.00,0.00,0.00,0.00,0.00
GAFC,Guru App Factory Corp,0.00,0.00,0.00,0.00,0.00,0.00,0.00
DSYWW,Big Tree Cloud Holdings Ltd,0.00,0.00,0.00,0.00,0.00,0.00,0.00
ZOOZW,ZOOZ Power Ltd.,0.00,0.00,0.00,0.00,0.00,0.00,0.00
MGSD,Maitong Sunshine Cultural Development Co. Ltd,0.00,0.00,0.00,0.00,0.00,0.00,0.00
ALFUW,Centurion Acquisition Corp.,0.00,0.00,0.00,0.00,0.00,0.00,0.00
ALFUU,Centurion Acquisition Corp.,0.00,0.00,0.00,0.00,0.00,0.00,0.00
AEFC,AEGON LTD.,0.00,0.00,0.00,0.00,0.00,0.00,0.00
PAASF,PAN AMERICAN SILVER CORP,0.00,0.00,0.00,0.00,0.00,0.00,0.00
FCNCO,FIRST CITIZENS BANCSHARES INC /DE/,0.00,0.00,0.00,0.00,0.00,0.00,0.00
FCNCP,FIRST CITIZENS BANCSHARES INC /DE/,0.00,0.00,0.00,0.00,0.00,0.00,0.00
WOLTF,WOLTERS KLUWER N V /FI,0.00,0.00,0.00,0.00,0.00,0.00,0.00
IDEXQ,IDEANOMICS INC.,0.00,0.00,0.00,0.00,0.00,0.00,0.00
CHSCL,CHS INC,0.00,0.00,0.00,0.00,0.00,0.00,0.00
CHSCM,CHS INC,0.00,0.00,0.00,0.00,0.00,0.00,0.00
CHSCN,CHS INC,0.00,0.00,0.00,0.00,0.00,0.00,0.00
CHSCO,CHS INC,0.00,0.00,0.00,0.00,0.00,0.00,0.00
WSBCP,WESBANCO INC,0.00,0.00,0.00,0.00,0.00,0.00,0.00
T-PA,AT&T INC.,0.00,0.00,0.00,0.00,0.00,0.00,0.00
T-PC,AT&T INC.,0.00,0.00,0.00,0.00,0.00,0.00,0.00
CDZIP,CADIZ INC,0.00,0.00,0.00,0.00,0.00,0.00,0.00
FITBO,FIFTH THIRD BANCORP,0.00,0.00,0.00,0.00,0.00,0.00,0.00
FITBP,FIFTH THIRD BANCORP,0.00,0.00,0.00,0.00,0.00,0.00,0.00
CFR-PB,CULLEN/FROST BANKERS INC.,0.00,0.00,0.00,0.00,0.00,0.00,0.00
CTDD,QWEST CORP,0.00,0.00,0.00,0.00,0.00,0.00,0.00
RONN,Lee Pharmaceuticals Inc.,0.00,0.00,0.00,0.00,0.00,0.00,0.00
LGL-WT,LGL GROUP INC,0.00,0.00,0.00,0.00,0.00,0.00,0.00
LNC-PD,LINCOLN NATIONAL CORP,0.00,0.00,0.00,0.00,0.00,0.00,0.00
SNV-PE,SYNOVUS FINANCIAL CORP,0.00,0.00,0.00,0.00,0.00,0.00,0.00
KIM-PN,KIMCO REALTY CORP,0.00,0.00,0.00,0.00,0.00,0.00,0.00
AP-WT,AMPCO PITTSBURGH CORP,0.00,0.00,0.00,0.00,0.00,0.00,0.00
FNMAP,FEDERAL NATIONAL MORTGAGE ASSOCIATION FANNIE MAE,0.00,0.00,0.00,0.00,0.00,0.00,0.00
UEPCO,UNION ELECTRIC CO,0.00,0.00,0.00,0.00,0.00,0.00,0.00
PNMXO,PUBLIC SERVICE CO OF NEW MEXICO,0.00,0.00,0.00,0.00,0.00,0.00,0.00
TDDWW,TIDEWATER INC,0.00,0.00,0.00,0.00,0.00,0.00,0.00
TDGMW,TIDEWATER INC,0.00,0.00,0.00,0.00,0.00,0.00,0.00
FRMEP,FIRST MERCHANTS CORP,0.00,0.00,0.00,0.00,0.00,0.00,0.00
SF-PD,STIFEL FINANCIAL CORP,0.00,0.00,0.00,0.00,0.00,0.00,0.00
SFB,STIFEL FINANCIAL CORP,0.00,0.00,0.00,0.00,0.00,0.00,0.00
BCEFF,BCE INC,0.00,0.00,0.00,0.00,0.00,0.00,0.00
BCEPF,BCE INC,0.00,0.00,0.00,0.00,0.00,0.00,0.00
BCEXF,BCE INC,0.00,0.00,0.00,0.00,0.00,0.00,0.00
BCAEF,BCE INC,0.00,0.00,0.00,0.00,0.00,0.00,0.00
BCEIF,BCE INC,0.00,0.00,0.00,0.00,0.00,0.00,0.00
BCPPF,BCE INC,0.00,0.00,0.00,0.00,0.00,0.00,0.00
OTRKP,Ontrak Inc.,0.00,0.00,0.00,0.00,0.00,0.00,0.00
RHEPB,REGIONAL HEALTH PROPERTIES INC,0.00,0.00,0.00,0.00,0.00,0.00,0.00
AFGD,AMERICAN FINANCIAL GROUP INC,0.00,0.00,0.00,0.00,0.00,0.00,0.00
AFGE,AMERICAN FINANCIAL GROUP INC,0.00,0.00,0.00,0.00,0.00,0.00,0.00
AFGB,AMERICAN FINANCIAL GROUP INC,0.00,0.00,0.00,0.00,0.00,0.00,0.00
SWKHL,SWK Holdings Corp,0.00,0.00,0.00,0.00,0.00,0.00,0.00
MOBQW,Mobiquity Technologies Inc.,0.00,0.00,0.00,0.00,0.00,0.00,0.00
STNDF,Santander UK plc,0.00,0.00,0.00,0.00,0.00,0.00,0.00
SNTUF,Santander UK plc,0.00,0.00,0.00,0.00,0.00,0.00,0.00
IRS-WT,IRSA INVESTMENTS & REPRESENTATIONS INC,0.00,0.00,0.00,0.00,0.00,0.00,0.00
COF-PK,CAPITAL ONE FINANCIAL CORP,0.00,0.00,0.00,0.00,0.00,0.00,0.00
COF-PL,CAPITAL ONE FINANCIAL CORP,0.00,0.00,0.00,0.00,0.00,0.00,0.00
COF-PN,CAPITAL ONE FINANCIAL CORP,0.00,0.00,0.00,0.00,0.00,0.00,0.00
COF-PI,CAPITAL ONE FINANCIAL CORP,0.00,0.00,0.00,0.00,0.00,0.00,0.00
COF-PJ,CAPITAL ONE FINANCIAL CORP,0.00,0.00,0.00,0.00,0.00,0.00,0.00
WCC-PA,WESCO INTERNATIONAL INC,0.00,0.00,0.00,0.00,0.00,0.00,0.00
SPE-PC,SPECIAL OPPORTUNITIES FUND INC.,0.00,0.00,0.00,0.00,0.00,0.00,0.00
SF-PC,STIFEL FINANCIAL CORP,0.00,0.00,0.00,0.00,0.00,0.00,0.00
NPPXF,NIPPON TELEGRAPH & TELEPHONE CORP,0.00,0.00,0.00,0.00,0.00,0.00,0.00
WBS-PG,WEBSTER FINANCIAL CORP,0.00,0.00,0.00,0.00,0.00,0.00,0.00
GOVXW,GeoVax Labs Inc.,0.00,0.00,0.00,0.00,0.00,0.00,0.00
UCB-PI,UNITED COMMUNITY BANKS INC,0.00,0.00,0.00,0.00,0.00,0.00,0.00
MFA-PC,MFA FINANCIAL INC.,0.00,0.00,0.00,0.00,0.00,0.00,0.00
MFAN,MFA FINANCIAL INC.,0.00,0.00,0.00,0.00,0.00,0.00,0.00
MFAO,MFA FINANCIAL INC.,0.00,0.00,0.00,0.00,0.00,0.00,0.00
ZIVOW,Zivo Bioscience Inc.,0.00,0.00,0.00,0.00,0.00,0.00,0.00
MET-PF,METLIFE INC,0.00,0.00,0.00,0.00,0.00,0.00,0.00
TEN-PE,TSAKOS ENERGY NAVIGATION LTD,0.00,0.00,0.00,0.00,0.00,0.00,0.00
TEN-PF,TSAKOS ENERGY NAVIGATION LTD,0.00,0.00,0.00,0.00,0.00,0.00,0.00
ARES-PB,Ares Management Corp,0.00,0.00,0.00,0.00,0.00,0.00,0.00
CNO-PA,CNO Financial Group Inc.,0.00,0.00,0.00,0.00,0.00,0.00,0.00
ABR-PD,ARBOR REALTY TRUST INC,0.00,0.00,0.00,0.00,0.00,0.00,0.00
ABR-PE,ARBOR REALTY TRUST INC,0.00,0.00,0.00,0.00,0.00,0.00,0.00
ABR-PF,ARBOR REALTY TRUST INC,0.00,0.00,0.00,0.00,0.00,0.00,0.00
RF-PE,REGIONS FINANCIAL CORP,0.00,0.00,0.00,0.00,0.00,0.00,0.00
RF-PF,REGIONS FINANCIAL CORP,0.00,0.00,0.00,0.00,0.00,0.00,0.00
DLR-PL,DIGITAL REALTY TRUST INC.,0.00,0.00,0.00,0.00,0.00,0.00,0.00
CADE-PA,Cadence Bank,0.00,0.00,0.00,0.00,0.00,0.00,0.00
PREJF,PARTNERRE LTD,0.00,0.00,0.00,0.00,0.00,0.00,0.00
ADC-PA,AGREE REALTY CORP,0.00,0.00,0.00,0.00,0.00,0.00,0.00
VNO-PN,VORNADO REALTY TRUST,0.00,0.00,0.00,0.00,0.00,0.00,0.00
VNO-PO,VORNADO REALTY TRUST,0.00,0.00,0.00,0.00,0.00,0.00,0.00
MS-PQ,MORGAN STANLEY,0.00,0.00,0.00,0.00,0.00,0.00,0.00
MSTLW,MORGAN STANLEY,0.00,0.00,0.00,0.00,0.00,0.00,0.00
MS-PL,MORGAN STANLEY,0.00,0.00,0.00,0.00,0.00,0.00,0.00
MS-PO,MORGAN STANLEY,0.00,0.00,0.00,0.00,0.00,0.00,0.00
MS-PP,MORGAN STANLEY,0.00,0.00,0.00,0.00,0.00,0.00,0.00
FCELB,FUELCELL ENERGY INC,0.00,0.00,0.00,0.00,0.00,0.00,0.00
GERNW,GERON CORP,0.00,0.00,0.00,0.00,0.00,0.00,0.00
BNH,BROOKFIELD Corp /ON/,0.00,0.00,0.00,0.00,0.00,0.00,0.00
BNJ,BROOKFIELD Corp /ON/,0.00,0.00,0.00,0.00,0.00,0.00,0.00
BROXF,BROOKFIELD Corp /ON/,0.00,0.00,0.00,0.00,0.00,0.00,0.00
BXDIF,BROOKFIELD Corp /ON/,0.00,0.00,0.00,0.00,0.00,0.00,0.00
BAMKF,BROOKFIELD Corp /ON/,0.00,0.00,0.00,0.00,0.00,0.00,0.00
BKAMF,BROOKFIELD Corp /ON/,0.00,0.00,0.00,0.00,0.00,0.00,0.00
BKFAF,BROOKFIELD Corp /ON/,0.00,0.00,0.00,0.00,0.00,0.00,0.00
BKFPF,BROOKFIELD Corp /ON/,0.00,0.00,0.00,0.00,0.00,0.00,0.00
BRCFF,BROOKFIELD Corp /ON/,0.00,0.00,0.00,0.00,0.00,0.00,0.00
BKFDF,BROOKFIELD Corp /ON/,0.00,0.00,0.00,0.00,0.00,0.00,0.00
BKFOF,BROOKFIELD Corp /ON/,0.00,0.00,0.00,0.00,0.00,0.00,0.00
BRPSF,BROOKFIELD Corp /ON/,0.00,0.00,0.00,0.00,0.00,0.00,0.00
POWWP,AMMO INC.,0.00,0.00,0.00,0.00,0.00,0.00,0.00
CHNEY,CHINA EASTERN AIRLINES CORP LTD,0.00,0.00,0.00,0.00,0.00,0.00,0.00
SREA,SEMPRA,0.00,0.00,0.00,0.00,0.00,0.00,0.00
CRESW,CRESUD INC,0.00,0.00,0.00,0.00,0.00,0.00,0.00
ML-WT,MONEYLION INC.,0.00,0.00,0.00,0.00,0.00,0.00,0.00
NLSPW,NLS Pharmaceutics Ltd.,0.00,0.00,0.00,0.00,0.00,0.00,0.00
NUKKW,Nukkleus Inc.,0.00,0.00,0.00,0.00,0.00,0.00,0.00
ATCOL,Atlas Corp.,0.00,0.00,0.00,0.00,0.00,0.00,0.00
ATCO-PD,Atlas Corp.,0.00,0.00,0.00,0.00,0.00,0.00,0.00
ATCO-PH,Atlas Corp.,0.00,0.00,0.00,0.00,0.00,0.00,0.00
BENFW,Beneficient,0.00,0.00,0.00,0.00,0.00,0.00,0.00
BEATW,HeartBeam Inc.,0.00,0.00,0.00,0.00,0.00,0.00,0.00
OUSTZ,Ouster Inc.,0.00,0.00,0.00,0.00,0.00,0.00,0.00
OUSTW,Ouster Inc.,0.00,0.00,0.00,0.00,0.00,0.00,0.00
ATIPW,ATI Physical Therapy Inc.,0.00,0.00,0.00,0.00,0.00,0.00,0.00
MSOGF,MINISO Group Holding Ltd,0.00,0.00,0.00,0.00,0.00,0.00,0.00
HGASW,Global Gas Corp,0.00,0.00,0.00,0.00,0.00,0.00,0.00
RDW-WT,Redwire Corp,0.00,0.00,0.00,0.00,0.00,0.00,0.00
EVGOW,EVgo Inc.,0.00,0.00,0.00,0.00,0.00,0.00,0.00
JOBY-WT,Joby Aviation Inc.,0.00,0.00,0.00,0.00,0.00,0.00,0.00
AENTW,ALLIANCE ENTERTAINMENT HOLDING CORP,0.00,0.00,0.00,0.00,0.00,0.00,0.00
SKYH-WT,Sky Harbour Group Corp,0.00,0.00,0.00,0.00,0.00,0.00,0.00
TSPH,TuSimple Holdings Inc.,0.00,0.00,0.00,0.00,0.00,0.00,0.00
PVOZ,Park View OZ REIT Inc,0.00,0.00,0.00,0.00,0.00,0.00,0.00
IONQ-WT,IonQ Inc.,0.00,0.00,0.00,0.00,0.00,0.00,0.00
SVMHW,SRIVARU Holding Ltd,0.00,0.00,0.00,0.00,0.00,0.00,0.00
ARLTF,Arcadium Lithium plc,0.00,0.00,0.00,0.00,0.00,0.00,0.00
LGSP,LEGEND SPICES INC.,0.00,0.00,0.00,0.00,0.00,0.00,0.00
SEPSF,Asep Medical Holdings Inc.,0.00,0.00,0.00,0.00,0.00,0.00,0.00
LOTWW,Lotus Technology Inc.,0.00,0.00,0.00,0.00,0.00,0.00,0.00
VSTEW,Vast Renewables Ltd,0.00,0.00,0.00,0.00,0.00,0.00,0.00
TLSIW,TriSalus Life Sciences Inc.,0.00,0.00,0.00,0.00,0.00,0.00,0.00
IINNW,Inspira Technologies OXY B.H.N. Ltd,0.00,0.00,0.00,0.00,0.00,0.00,0.00
WALDW,Waldencast plc,0.00,0.00,0.00,0.00,0.00,0.00,0.00
GEGGL,Great Elm Group Inc.,0.00,0.00,0.00,0.00,0.00,0.00,0.00
BLUAW,BlueRiver Acquisition Corp.,0.00,0.00,0.00,0.00,0.00,0.00,0.00
BLUVF,BlueRiver Acquisition Corp.,0.00,0.00,0.00,0.00,0.00,0.00,0.00
ZPTAW,Zapata Computing Holdings Inc.,0.00,0.00,0.00,0.00,0.00,0.00,0.00
SOUNW,SOUNDHOUND AI INC.,0.00,0.00,0.00,0.00,0.00,0.00,0.00
COCHW,Envoy Medical Inc.,0.00,0.00,0.00,0.00,0.00,0.00,0.00
ESLAW,Estrella Immunopharma Inc.,0.00,0.00,0.00,0.00,0.00,0.00,0.00
LNZAW,LanzaTech Global Inc.,0.00,0.00,0.00,0.00,0.00,0.00,0.00
CBRRF,Chain Bridge I,0.00,0.00,0.00,0.00,0.00,0.00,0.00
CBRGF,Chain Bridge I,0.00,0.00,0.00,0.00,0.00,0.00,0.00
ANNAW,AleAnna Inc.,0.00,0.00,0.00,0.00,0.00,0.00,0.00
MAQCU,Maquia Capital Acquisition Corp,0.00,0.00,0.00,0.00,0.00,0.00,0.00
MAQCW,Maquia Capital Acquisition Corp,0.00,0.00,0.00,0.00,0.00,0.00,0.00
LUNRW,Intuitive Machines Inc.,0.00,0.00,0.00,0.00,0.00,0.00,0.00
OPFI-WT,OppFi Inc.,0.00,0.00,0.00,0.00,0.00,0.00,0.00
CXAIW,CXApp Inc.,0.00,0.00,0.00,0.00,0.00,0.00,0.00
SCLXW,Scilex Holding Co,0.00,0.00,0.00,0.00,0.00,0.00,0.00
ONFOW,Onfolio Holdings Inc,0.00,0.00,0.00,0.00,0.00,0.00,0.00
ONFOP,Onfolio Holdings Inc,0.00,0.00,0.00,0.00,0.00,0.00,0.00
SSRT,Streetex Corp.,0.00,0.00,0.00,0.00,0.00,0.00,0.00
UHGWW,United Homes Group Inc.,0.00,0.00,0.00,0.00,0.00,0.00,0.00
GFAIW,Guardforce AI Co. Ltd.,0.00,0.00,0.00,0.00,0.00,0.00,0.00
TMCWW,TMC the metals Co Inc.,0.00,0.00,0.00,0.00,0.00,0.00,0.00
FFIEW,FARADAY FUTURE INTELLIGENT ELECTRIC INC.,0.00,0.00,0.00,0.00,0.00,0.00,0.00
DTSQU,DT Cloud Star Acquisition Corp,0.00,0.00,0.00,0.00,0.00,0.00,0.00
DTSQR,DT Cloud Star Acquisition Corp,0.00,0.00,0.00,0.00,0.00,0.00,0.00
EQV-WT,EQV Ventures Acquisition Corp.,0.00,0.00,0.00,0.00,0.00,0.00,0.00
EQV-UN,EQV Ventures Acquisition Corp.,0.00,0.00,0.00,0.00,0.00,0.00,0.00
BKHAU,Black Hawk Acquisition Corp,0.00,0.00,0.00,0.00,0.00,0.00,0.00
BKHAR,Black Hawk Acquisition Corp,0.00,0.00,0.00,0.00,0.00,0.00,0.00
FREY-WT,FREYR Battery Inc. /DE/,0.00,0.00,0.00,0.00,0.00,0.00,0.00
GMTH,GMTech Inc.,0.00,0.00,0.00,0.00,0.00,0.00,0.00
AFBL,AFB Ltd,0.00,0.00,0.00,0.00,0.00,0.00,0.00
HYMCL,HYCROFT MINING HOLDING CORP,0.00,0.00,0.00,0.00,0.00,0.00,0.00
FROPX,Flat Rock Opportunity Fund,0.00,0.00,0.00,0.00,0.00,0.00,0.00
STSSW,Sharps Technology Inc.,0.00,0.00,0.00,0.00,0.00,0.00,0.00
ASCIX,Angel Oak Strategic Credit Fund,0.00,0.00,0.00,0.00,0.00,0.00,0.00
HYMCW,HYCROFT MINING HOLDING CORP,0.00,0.00,0.00,0.00,0.00,0.00,0.00
SLXNW,Silexion Therapeutics Corp,0.00,0.00,0.00,0.00,0.00,0.00,0.00
TNMWF,TNL Mediagene,0.00,0.00,0.00,0.00,0.00,0.00,0.00
AAM-WT,AA Mission Acquisition Corp.,0.00,0.00,0.00,0.00,0.00,0.00,0.00
AAM-UN,AA Mission Acquisition Corp.,0.00,0.00,0.00,0.00,0.00,0.00,0.00
HSPTU,Horizon Space Acquisition II Corp.,0.00,0.00,0.00,0.00,0.00,0.00,0.00
ADMWF,ACUREN CORP,0.00,0.00,0.00,0.00,0.00,0.00,0.00
DRDBU,Roman DBDR Acquisition Corp. II,0.00,0.00,0.00,0.00,0.00,0.00,0.00
WLACU,Willow Lane Acquisition Corp.,0.00,0.00,0.00,0.00,0.00,0.00,0.00
WLACW,Willow Lane Acquisition Corp.,0.00,0.00,0.00,0.00,0.00,0.00,0.00
RDACR,Rising Dragon Acquisition Corp.,0.00,0.00,0.00,0.00,0.00,0.00,0.00
RDACU,Rising Dragon Acquisition Corp.,0.00,0.00,0.00,0.00,0.00,0.00,0.00
MNSBP,MainStreet Bancshares Inc.,0.00,0.00,0.00,0.00,0.00,0.00,0.00
IPXXW,Inflection Point Acquisition Corp. II,0.00,0.00,0.00,0.00,0.00,0.00,0.00
IPXXU,Inflection Point Acquisition Corp. II,0.00,0.00,0.00,0.00,0.00,0.00,0.00
ENGNW,enGene Holdings Inc.,0.00,0.00,0.00,0.00,0.00,0.00,0.00
BOWNR,Bowen Acquisition Corp,0.00,0.00,0.00,0.00,0.00,0.00,0.00
BOWNU,Bowen Acquisition Corp,0.00,0.00,0.00,0.00,0.00,0.00,0.00
RMXI,Reticulate Micro Inc.,0.00,0.00,0.00,0.00,0.00,0.00,0.00
MRKY,MARKY CORP.,0.00,0.00,0.00,0.00,0.00,0.00,0.00
EURKR,Eureka Acquisition Corp,0.00,0.00,0.00,0.00,0.00,0.00,0.00
EURKU,Eureka Acquisition Corp,0.00,0.00,0.00,0.00,0.00,0.00,0.00
MDCXW,Medicus Pharma Ltd.,0.00,0.00,0.00,0.00,0.00,0.00,0.00
BEIGF,BeiGene Ltd.,0.00,0.00,0.00,0.00,0.00,0.00,0.00
ICRP,InPoint Commercial Real Estate Income Inc.,0.00,0.00,0.00,0.00,0.00,0.00,0.00
LMND-WT,Lemonade Inc.,0.00,0.00,0.00,0.00,0.00,0.00,0.00
LBRDP,Liberty Broadband Corp,0.00,0.00,0.00,0.00,0.00,0.00,0.00
PAVMZ,PAVmed Inc.,0.00,0.00,0.00,0.00,0.00,0.00,0.00
SYF-PA,Synchrony Financial,0.00,0.00,0.00,0.00,0.00,0.00,0.00
SYF-PB,Synchrony Financial,0.00,0.00,0.00,0.00,0.00,0.00,0.00
NXLIW,Nexalin Technology Inc.,0.00,0.00,0.00,0.00,0.00,0.00,0.00
SKILW,Skillsoft Corp.,0.00,0.00,0.00,0.00,0.00,0.00,0.00
NUWEW,Nuwellis Inc.,0.00,0.00,0.00,0.00,0.00,0.00,0.00
OZKAP,Bank OZK,0.00,0.00,0.00,0.00,0.00,0.00,0.00
PPLOF,PEMBINA PIPELINE CORP,0.00,0.00,0.00,0.00,0.00,0.00,0.00
PBNAF,PEMBINA PIPELINE CORP,0.00,0.00,0.00,0.00,0.00,0.00,0.00
PMBPF,PEMBINA PIPELINE CORP,0.00,0.00,0.00,0.00,0.00,0.00,0.00
PMMBF,PEMBINA PIPELINE CORP,0.00,0.00,0.00,0.00,0.00,0.00,0.00
PPLAF,PEMBINA PIPELINE CORP,0.00,0.00,0.00,0.00,0.00,0.00,0.00
LFT-PA,Lument Finance Trust Inc.,0.00,0.00,0.00,0.00,0.00,0.00,0.00
WHFCL,WhiteHorse Finance Inc.,0.00,0.00,0.00,0.00,0.00,0.00,0.00
PNSTW,Pinstripes Holdings Inc.,0.00,0.00,0.00,0.00,0.00,0.00,0.00
RFACW,RF Acquisition Corp.,0.00,0.00,0.00,0.00,0.00,0.00,0.00
BRQL,brooqLy Inc.,0.00,0.00,0.00,0.00,0.00,0.00,0.00
AIRJW,AirJoule Technologies Corp.,0.00,0.00,0.00,0.00,0.00,0.00,0.00
ICUCW,SeaStar Medical Holding Corp,0.00,0.00,0.00,0.00,0.00,0.00,0.00
CLDWW,Calidi Biotherapeutics Inc.,0.00,0.00,0.00,0.00,0.00,0.00,0.00
BHACU,Focus Impact BH3 Acquisition Co,0.00,0.00,0.00,0.00,0.00,0.00,0.00
BHACW,Focus Impact BH3 Acquisition Co,0.00,0.00,0.00,0.00,0.00,0.00,0.00
GDEVW,GDEV Inc.,0.00,0.00,0.00,0.00,0.00,0.00,0.00
PHYUF,Pyrophyte Acquisition Corp.,0.00,0.00,0.00,0.00,0.00,0.00,0.00
PHYWF,Pyrophyte Acquisition Corp.,0.00,0.00,0.00,0.00,0.00,0.00,0.00
SAIHW,SAIHEAT Ltd,0.00,0.00,0.00,0.00,0.00,0.00,0.00
PSQH-WT,PSQ Holdings Inc.,0.00,0.00,0.00,0.00,0.00,0.00,0.00
RFACR,RF Acquisition Corp.,0.00,0.00,0.00,0.00,0.00,0.00,0.00
RFACU,RF Acquisition Corp.,0.00,0.00,0.00,0.00,0.00,0.00,0.00
GDLG,Glidelogic Corp.,0.00,0.00,0.00,0.00,0.00,0.00,0.00
GHBWF,Glass House Brands Inc.,0.00,0.00,0.00,0.00,0.00,0.00,0.00
BZFDW,BuzzFeed Inc.,0.00,0.00,0.00,0.00,0.00,0.00,0.00
ASAIY,Sendas Distributor S.A.,0.00,0.00,0.00,0.00,0.00,0.00,0.00
INVZW,Innoviz Technologies Ltd.,0.00,0.00,0.00,0.00,0.00,0.00,0.00
LEVWQ,Lion Electric Co,0.00,0.00,0.00,0.00,0.00,0.00,0.00
LEGWQ,Lion Electric Co,0.00,0.00,0.00,0.00,0.00,0.00,0.00
GSLR,GeoSolar Technologies Inc.,0.00,0.00,0.00,0.00,0.00,0.00,0.00
SVIIR,Spring Valley Acquisition Corp. II,0.00,0.00,0.00,0.00,0.00,0.00,0.00
SVIIU,Spring Valley Acquisition Corp. II,0.00,0.00,0.00,0.00,0.00,0.00,0.00
SPECW,Spectaire Holdings Inc.,0.00,0.00,0.00,0.00,0.00,0.00,0.00
SVIIW,Spring Valley Acquisition Corp. II,0.00,0.00,0.00,0.00,0.00,0.00,0.00
JETBF,Global Crossing Airlines Group Inc.,0.00,0.00,0.00,0.00,0.00,0.00,0.00
SBIGW,SpringBig Holdings Inc.,0.00,0.00,0.00,0.00,0.00,0.00,0.00
SST-WT,System1 Inc.,0.00,0.00,0.00,0.00,0.00,0.00,0.00
EOSEW,Eos Energy Enterprises Inc.,0.00,0.00,0.00,0.00,0.00,0.00,0.00
TRINZ,Trinity Capital Inc.,0.00,0.00,0.00,0.00,0.00,0.00,0.00
TRINL,Trinity Capital Inc.,0.00,0.00,0.00,0.00,0.00,0.00,0.00
TRINI,Trinity Capital Inc.,0.00,0.00,0.00,0.00,0.00,0.00,0.00
PMVCW,PMV Consumer Acquisition Corp.,0.00,0.00,0.00,0.00,0.00,0.00,0.00
PMVCD,PMV Consumer Acquisition Corp.,0.00,0.00,0.00,0.00,0.00,0.00,0.00
BURUW,Nuburu Inc.,0.00,0.00,0.00,0.00,0.00,0.00,0.00
BRZHW,Breeze Holdings Acquisition Corp.,0.00,0.00,0.00,0.00,0.00,0.00,0.00
BRZHR,Breeze Holdings Acquisition Corp.,0.00,0.00,0.00,0.00,0.00,0.00,0.00
BARK-WT,Bark Inc.,0.00,0.00,0.00,0.00,0.00,0.00,0.00
CIFRW,Cipher Mining Inc.,0.00,0.00,0.00,0.00,0.00,0.00,0.00
CLNNW,Clene Inc.,0.00,0.00,0.00,0.00,0.00,0.00,0.00
OPADW,Offerpad Solutions Inc.,0.00,0.00,0.00,0.00,0.00,0.00,0.00
ARKOW,ARKO Corp.,0.00,0.00,0.00,0.00,0.00,0.00,0.00
BNZIW,Banzai International Inc.,0.00,0.00,0.00,0.00,0.00,0.00,0.00
PDYNW,Palladyne AI Corp.,0.00,0.00,0.00,0.00,0.00,0.00,0.00
ISRLU,Israel Acquisitions Corp,0.00,0.00,0.00,0.00,0.00,0.00,0.00
ISRLW,Israel Acquisitions Corp,0.00,0.00,0.00,0.00,0.00,0.00,0.00
GRRRW,Gorilla Technology Group Inc.,0.00,0.00,0.00,0.00,0.00,0.00,0.00
JOCM,JOCOM HOLDINGS CORP.,0.00,0.00,0.00,0.00,0.00,0.00,0.00
ALCYW,Alchemy Investments Acquisition Corp 1,0.00,0.00,0.00,0.00,0.00,0.00,0.00
ALCYU,Alchemy Investments Acquisition Corp 1,0.00,0.00,0.00,0.00,0.00,0.00,0.00
AMPX-WT,Amprius Technologies Inc.,0.00,0.00,0.00,0.00,0.00,0.00,0.00
GGROW,Gogoro Inc.,0.00,0.00,0.00,0.00,0.00,0.00,0.00
KWESW,KWESST Micro Systems Inc.,0.00,0.00,0.00,0.00,0.00,0.00,0.00
PGYWW,Pagaya Technologies Ltd.,0.00,0.00,0.00,0.00,0.00,0.00,0.00
VHAIW,Vocodia Holdings Corp,0.00,0.00,0.00,0.00,0.00,0.00,0.00
VHABW,Vocodia Holdings Corp,0.00,0.00,0.00,0.00,0.00,0.00,0.00
CINGW,Cingulate Inc.,0.00,0.00,0.00,0.00,0.00,0.00,0.00
VLN-WT,Valens Semiconductor Ltd.,0.00,0.00,0.00,0.00,0.00,0.00,0.00
KACRF,Kairous Acquisition Corp. Ltd,0.00,0.00,0.00,0.00,0.00,0.00,0.00
KACUF,Kairous Acquisition Corp. Ltd,0.00,0.00,0.00,0.00,0.00,0.00,0.00
KACWF,Kairous Acquisition Corp. Ltd,0.00,0.00,0.00,0.00,0.00,0.00,0.00
EMCGW,Embrace Change Acquisition Corp.,0.00,0.00,0.00,0.00,0.00,0.00,0.00
EVTWF,Vertical Aerospace Ltd.,0.00,0.00,0.00,0.00,0.00,0.00,0.00
WAVSU,Western Acquisition Ventures Corp.,0.00,0.00,0.00,0.00,0.00,0.00,0.00
WAVSW,Western Acquisition Ventures Corp.,0.00,0.00,0.00,0.00,0.00,0.00,0.00
ALLGF,Allego N.V.,0.00,0.00,0.00,0.00,0.00,0.00,0.00
EMCGR,Embrace Change Acquisition Corp.,0.00,0.00,0.00,0.00,0.00,0.00,0.00
EMCGU,Embrace Change Acquisition Corp.,0.00,0.00,0.00,0.00,0.00,0.00,0.00
LILWF,Lilium N.V.,0.00,0.00,0.00,0.00,0.00,0.00,0.00
SHFSW,SHF Holdings Inc.,0.00,0.00,0.00,0.00,0.00,0.00,0.00
MINR,Minerva Gold Inc.,0.00,0.00,0.00,0.00,0.00,0.00,0.00
IVCAU,Investcorp AI Acquisition Corp.,0.00,0.00,0.00,0.00,0.00,0.00,0.00
IVCAW,Investcorp AI Acquisition Corp.,0.00,0.00,0.00,0.00,0.00,0.00,0.00
BRLSW,Borealis Foods Inc.,0.00,0.00,0.00,0.00,0.00,0.00,0.00
NPWR-WT,NET Power Inc.,0.00,0.00,0.00,0.00,0.00,0.00,0.00
QTIWW,QT IMAGING HOLDINGS INC.,0.00,0.00,0.00,0.00,0.00,0.00,0.00
NKGNW,NKGen Biotech Inc.,0.00,0.00,0.00,0.00,0.00,0.00,0.00
DFLIW,Dragonfly Energy Holdings Corp.,0.00,0.00,0.00,0.00,0.00,0.00,0.00
OABIW,OmniAb Inc.,0.00,0.00,0.00,0.00,0.00,0.00,0.00
IMAQR,International Media Acquisition Corp.,0.00,0.00,0.00,0.00,0.00,0.00,0.00
IMAQU,International Media Acquisition Corp.,0.00,0.00,0.00,0.00,0.00,0.00,0.00
IMAQW,International Media Acquisition Corp.,0.00,0.00,0.00,0.00,0.00,0.00,0.00
PETWW,Wag! Group Co.,0.00,0.00,0.00,0.00,0.00,0.00,0.00
FLYX-WT,FLYEXCLUSIVE INC.,0.00,0.00,0.00,0.00,0.00,0.00,0.00
RGTIW,Rigetti Computing Inc.,0.00,0.00,0.00,0.00,0.00,0.00,0.00
HLGNW,Heliogen Inc.,0.00,0.00,0.00,0.00,0.00,0.00,0.00
MDAIW,Spectral AI Inc.,0.00,0.00,0.00,0.00,0.00,0.00,0.00
CTV-WT,Innovid Corp.,0.00,0.00,0.00,0.00,0.00,0.00,0.00
NVVEW,Nuvve Holding Corp.,0.00,0.00,0.00,0.00,0.00,0.00,0.00
CPPTL,Copper Property CTL Pass Through Trust,0.00,0.00,0.00,0.00,0.00,0.00,0.00
BETRW,Better Home & Finance Holding Co,0.00,0.00,0.00,0.00,0.00,0.00,0.00
PL-WT,Planet Labs PBC,0.00,0.00,0.00,0.00,0.00,0.00,0.00
AQUNR,Aquaron Acquisition Corp.,0.00,0.00,0.00,0.00,0.00,0.00,0.00
AQUNU,Aquaron Acquisition Corp.,0.00,0.00,0.00,0.00,0.00,0.00,0.00
ARBEW,Arbe Robotics Ltd.,0.00,0.00,0.00,0.00,0.00,0.00,0.00
ZEOWW,Zeo Energy Corp.,0.00,0.00,0.00,0.00,0.00,0.00,0.00
RDZNW,Roadzen Inc.,0.00,0.00,0.00,0.00,0.00,0.00,0.00
ARQQW,Arqit Quantum Inc.,0.00,0.00,0.00,0.00,0.00,0.00,0.00
MACT,MachTen Inc.,0.00,0.00,0.00,0.00,0.00,0.00,0.00
COOTW,Australian Oilseeds Holdings Ltd,0.00,0.00,0.00,0.00,0.00,0.00,0.00
ALVOW,Alvotech,0.00,0.00,0.00,0.00,0.00,0.00,0.00
RENEU,Cartesian Growth Corp II,0.00,0.00,0.00,0.00,0.00,0.00,0.00
RENEW,Cartesian Growth Corp II,0.00,0.00,0.00,0.00,0.00,0.00,0.00
ATMCR,ALPHATIME ACQUISITION CORP,0.00,0.00,0.00,0.00,0.00,0.00,0.00
ATMCU,ALPHATIME ACQUISITION CORP,0.00,0.00,0.00,0.00,0.00,0.00,0.00
ATMCW,ALPHATIME ACQUISITION CORP,0.00,0.00,0.00,0.00,0.00,0.00,0.00
SSUNF,SIGNA Sports United N.V.,0.00,0.00,0.00,0.00,0.00,0.00,0.00
IMPPP,Imperial Petroleum Inc./Marshall Islands,0.00,0.00,0.00,0.00,0.00,0.00,0.00
SUACU,ShoulderUP Technology Acquisition Corp.,0.00,0.00,0.00,0.00,0.00,0.00,0.00
SUACW,ShoulderUP Technology Acquisition Corp.,0.00,0.00,0.00,0.00,0.00,0.00,0.00
LANV-WT,Lanvin Group Holdings Ltd,0.00,0.00,0.00,0.00,0.00,0.00,0.00
SKGRU,SK Growth Opportunities Corp,0.00,0.00,0.00,0.00,0.00,0.00,0.00
SKGRW,SK Growth Opportunities Corp,0.00,0.00,0.00,0.00,0.00,0.00,0.00
BTMWW,Bitcoin Depot Inc.,0.00,0.00,0.00,0.00,0.00,0.00,0.00
AFRIW,Forafric Global PLC,0.00,0.00,0.00,0.00,0.00,0.00,0.00
GLSTR,Global Star Acquisition Inc.,0.00,0.00,0.00,0.00,0.00,0.00,0.00
GLSTU,Global Star Acquisition Inc.,0.00,0.00,0.00,0.00,0.00,0.00,0.00
GLSTW,Global Star Acquisition Inc.,0.00,0.00,0.00,0.00,0.00,0.00,0.00
RLNDF,RoyaLand Co Ltd.,0.00,0.00,0.00,0.00,0.00,0.00,0.00
FORLW,Four Leaf Acquisition Corp,0.00,0.00,0.00,0.00,0.00,0.00,0.00
FORLU,Four Leaf Acquisition Corp,0.00,0.00,0.00,0.00,0.00,0.00,0.00
NAMSW,NewAmsterdam Pharma Co N.V.,0.00,0.00,0.00,0.00,0.00,0.00,0.00
OCSAW,Oculis Holding AG,0.00,0.00,0.00,0.00,0.00,0.00,0.00
SMXWW,SMX (Security Matters) Public Ltd Co,0.00,0.00,0.00,0.00,0.00,0.00,0.00
LVROW,Lavoro Ltd,0.00,0.00,0.00,0.00,0.00,0.00,0.00
ZAPPW,Zapp Electric Vehicles Group Ltd,0.00,0.00,0.00,0.00,0.00,0.00,0.00
EXTOY,Almacenes Exito S.A.,0.00,0.00,0.00,0.00,0.00,0.00,0.00
ITOR,Intorio Corp.,0.00,0.00,0.00,0.00,0.00,0.00,0.00
RNWWW,ReNew Energy Global plc,0.00,0.00,0.00,0.00,0.00,0.00,0.00
DJTWW,Trump Media & Technology Group Corp.,0.00,0.00,0.00,0.00,0.00,0.00,0.00
APOS,Apollo Global Management Inc.,0.00,0.00,0.00,0.00,0.00,0.00,0.00
GRABW,Grab Holdings Ltd,0.00,0.00,0.00,0.00,0.00,0.00,0.00
IVCUF,Investcorp Europe Acquisition Corp I,0.00,0.00,0.00,0.00,0.00,0.00,0.00
IVCWF,Investcorp Europe Acquisition Corp I,0.00,0.00,0.00,0.00,0.00,0.00,0.00
NVAWW,Nova Minerals Ltd,0.00,0.00,0.00,0.00,0.00,0.00,0.00
NVAAF,Nova Minerals Ltd,0.00,0.00,0.00,0.00,0.00,0.00,0.00
WINVR,WinVest Acquisition Corp.,0.00,0.00,0.00,0.00,0.00,0.00,0.00
WINVU,WinVest Acquisition Corp.,0.00,0.00,0.00,0.00,0.00,0.00,0.00
WINVW,WinVest Acquisition Corp.,0.00,0.00,0.00,0.00,0.00,0.00,0.00
NRSNW,NeuroSense Therapeutics Ltd.,0.00,0.00,0.00,0.00,0.00,0.00,0.00
CDIOW,Cardio Diagnostics Holdings Inc.,0.00,0.00,0.00,0.00,0.00,0.00,0.00
ANGHW,Anghami Inc,0.00,0.00,0.00,0.00,0.00,0.00,0.00
MIBE,MIAMI BREEZE CAR CARE INC,0.00,0.00,0.00,0.00,0.00,0.00,0.00
ADSEW,Ads-Tec Energy Public Ltd Co,0.00,0.00,0.00,0.00,0.00,0.00,0.00
TCRG,Cannaisseur Group Inc.,0.00,0.00,0.00,0.00,0.00,0.00,0.00
ASCWF,ASPAC II Acquisition Corp.,0.00,0.00,0.00,0.00,0.00,0.00,0.00
ASCRF,ASPAC II Acquisition Corp.,0.00,0.00,0.00,0.00,0.00,0.00,0.00
ASUUF,ASPAC II Acquisition Corp.,0.00,0.00,0.00,0.00,0.00,0.00,0.00
FGIWW,FGI Industries Ltd.,0.00,0.00,0.00,0.00,0.00,0.00,0.00
GGAWF,NeuroMind AI Corp.,0.00,0.00,0.00,0.00,0.00,0.00,0.00
GGAUF,NeuroMind AI Corp.,0.00,0.00,0.00,0.00,0.00,0.00,0.00
BTSGU,BrightSpring Health Services Inc.,0.00,0.00,0.00,0.00,0.00,0.00,0.00
RCFUF,Perception Capital Corp. IV,0.00,0.00,0.00,0.00,0.00,0.00,0.00
RCFWF,Perception Capital Corp. IV,0.00,0.00,0.00,0.00,0.00,0.00,0.00
CDTTW,CONDUIT PHARMACEUTICALS INC.,0.00,0.00,0.00,0.00,0.00,0.00,0.00
AIMAU,Aimfinity Investment Corp. I,0.00,0.00,0.00,0.00,0.00,0.00,0.00
AIMAW,Aimfinity Investment Corp. I,0.00,0.00,0.00,0.00,0.00,0.00,0.00
AIMBU,Aimfinity Investment Corp. I,0.00,0.00,0.00,0.00,0.00,0.00,0.00
PERF-WT,Perfect Corp.,0.00,0.00,0.00,0.00,0.00,0.00,0.00
YOTAU,Yotta Acquisition Corp,0.00,0.00,0.00,0.00,0.00,0.00,0.00
YOTAW,Yotta Acquisition Corp,0.00,0.00,0.00,0.00,0.00,0.00,0.00
TPGXL,TPG Inc.,0.00,0.00,0.00,0.00,0.00,0.00,0.00
DHAIW,DIH HOLDING US INC.,0.00,0.00,0.00,0.00,0.00,0.00,0.00
MSSAR,Metal Sky Star Acquisition Corp,0.00,0.00,0.00,0.00,0.00,0.00,0.00
MSSAU,Metal Sky Star Acquisition Corp,0.00,0.00,0.00,0.00,0.00,0.00,0.00
MSSAW,Metal Sky Star Acquisition Corp,0.00,0.00,0.00,0.00,0.00,0.00,0.00
GBBKR,Global Blockchain Acquisition Corp.,0.00,0.00,0.00,0.00,0.00,0.00,0.00
GBBKW,Global Blockchain Acquisition Corp.,0.00,0.00,0.00,0.00,0.00,0.00,0.00
VMCAU,Valuence Merger Corp. I,0.00,0.00,0.00,0.00,0.00,0.00,0.00
VMCAW,Valuence Merger Corp. I,0.00,0.00,0.00,0.00,0.00,0.00,0.00
FLDDW,FTAC Emerald Acquisition Corp.,0.00,0.00,0.00,0.00,0.00,0.00,0.00
FLDDU,FTAC Emerald Acquisition Corp.,0.00,0.00,0.00,0.00,0.00,0.00,0.00
SLND-WT,Southland Holdings Inc.,0.00,0.00,0.00,0.00,0.00,0.00,0.00
RAJAF,Cordyceps Sunshine Biotech Holdings Co. Ltd.,0.00,0.00,0.00,0.00,0.00,0.00,0.00
NMHIW,Nature's Miracle Holding Inc.,0.00,0.00,0.00,0.00,0.00,0.00,0.00
HSPOR,Horizon Space Acquisition I Corp.,0.00,0.00,0.00,0.00,0.00,0.00,0.00
HSPOU,Horizon Space Acquisition I Corp.,0.00,0.00,0.00,0.00,0.00,0.00,0.00
HSPOW,Horizon Space Acquisition I Corp.,0.00,0.00,0.00,0.00,0.00,0.00,0.00
BAERW,Bridger Aerospace Group Holdings Inc.,0.00,0.00,0.00,0.00,0.00,0.00,0.00
KMFG,KEEMO Fashion Group Ltd,0.00,0.00,0.00,0.00,0.00,0.00,0.00
AMBI-WT,Ambipar Emergency Response,0.00,0.00,0.00,0.00,0.00,0.00,0.00
YOTAR,Yotta Acquisition Corp,0.00,0.00,0.00,0.00,0.00,0.00,0.00
CNCKW,Coincheck Group N.V.,0.00,0.00,0.00,0.00,0.00,0.00,0.00
SBCWW,SBC Medical Group Holdings Inc,0.00,0.00,0.00,0.00,0.00,0.00,0.00
TBMCR,Trailblazer Merger Corp I,0.00,0.00,0.00,0.00,0.00,0.00,0.00
SPMA,Sound Point Meridian Capital Inc.,0.00,0.00,0.00,0.00,0.00,0.00,0.00
ESHAR,ESH Acquisition Corp.,0.00,0.00,0.00,0.00,0.00,0.00,0.00
PSA-PR,Public Storage,0.00,0.00,0.00,0.00,0.00,0.00,0.00
PSA-PS,Public Storage,0.00,0.00,0.00,0.00,0.00,0.00,0.00
PSA-PL,Public Storage,0.00,0.00,0.00,0.00,0.00,0.00,0.00
PSA-PM,Public Storage,0.00,0.00,0.00,0.00,0.00,0.00,0.00
PSA-PN,Public Storage,0.00,0.00,0.00,0.00,0.00,0.00,0.00
PSA-PO,Public Storage,0.00,0.00,0.00,0.00,0.00,0.00,0.00
PSA-PP,Public Storage,0.00,0.00,0.00,0.00,0.00,0.00,0.00
PSA-PQ,Public Storage,0.00,0.00,0.00,0.00,0.00,0.00,0.00
PSA-PF,Public Storage,0.00,0.00,0.00,0.00,0.00,0.00,0.00
PSA-PG,Public Storage,0.00,0.00,0.00,0.00,0.00,0.00,0.00
PSA-PI,Public Storage,0.00,0.00,0.00,0.00,0.00,0.00,0.00
PSA-PJ,Public Storage,0.00,0.00,0.00,0.00,0.00,0.00,0.00
CODI-PC,Compass Diversified Holdings,0.00,0.00,0.00,0.00,0.00,0.00,0.00
BWBBP,Bridgewater Bancshares Inc,0.00,0.00,0.00,0.00,0.00,0.00,0.00
DRH-PA,DiamondRock Hospitality Co,0.00,0.00,0.00,0.00,0.00,0.00,0.00
NBRWF,NABORS INDUSTRIES LTD,0.00,0.00,0.00,0.00,0.00,0.00,0.00
TCEYF,TC ENERGY CORP,0.00,0.00,0.00,0.00,0.00,0.00,0.00
TRPPF,TC ENERGY CORP,0.00,0.00,0.00,0.00,0.00,0.00,0.00
TRPEF,TC ENERGY CORP,0.00,0.00,0.00,0.00,0.00,0.00,0.00
TCENF,TC ENERGY CORP,0.00,0.00,0.00,0.00,0.00,0.00,0.00
TCNCF,TC ENERGY CORP,0.00,0.00,0.00,0.00,0.00,0.00,0.00
TRPRF,TC ENERGY CORP,0.00,0.00,0.00,0.00,0.00,0.00,0.00
NCPLW,Netcapital Inc.,0.00,0.00,0.00,0.00,0.00,0.00,0.00
PNFPP,PINNACLE FINANCIAL PARTNERS INC,0.00,0.00,0.00,0.00,0.00,0.00,0.00
ARR-PC,Armour Residential REIT Inc.,0.00,0.00,0.00,0.00,0.00,0.00,0.00
GLADZ,GLADSTONE CAPITAL CORP,0.00,0.00,0.00,0.00,0.00,0.00,0.00
DEENF,DEUTSCHE BANK AKTIENGESELLSCHAFT,0.00,0.00,0.00,0.00,0.00,0.00,0.00
ADZCF,DEUTSCHE BANK AKTIENGESELLSCHAFT,0.00,0.00,0.00,0.00,0.00,0.00,0.00
OLOXF,DEUTSCHE BANK AKTIENGESELLSCHAFT,0.00,0.00,0.00,0.00,0.00,0.00,0.00
DGP,DEUTSCHE BANK AKTIENGESELLSCHAFT,0.00,0.00,0.00,0.00,0.00,0.00,0.00
DGZ,DEUTSCHE BANK AKTIENGESELLSCHAFT,0.00,0.00,0.00,0.00,0.00,0.00,0.00
DZZ,DEUTSCHE BANK AKTIENGESELLSCHAFT,0.00,0.00,0.00,0.00,0.00,0.00,0.00
BXNCP,BOX INC,0.00,0.00,0.00,0.00,0.00,0.00,0.00
GRBK-PA,Green Brick Partners Inc.,0.00,0.00,0.00,0.00,0.00,0.00,0.00
IVDAW,Iveda Solutions Inc.,0.00,0.00,0.00,0.00,0.00,0.00,0.00
HROWL,HARROW INC.,0.00,0.00,0.00,0.00,0.00,0.00,0.00
HROWM,HARROW INC.,0.00,0.00,0.00,0.00,0.00,0.00,0.00
TOGIW,TurnOnGreen Inc.,0.00,0.00,0.00,0.00,0.00,0.00,0.00
TFINP,Triumph Financial Inc.,0.00,0.00,0.00,0.00,0.00,0.00,0.00
MBUMF,Mabuchi Motor Co. Ltd./ADR,0.00,0.00,0.00,0.00,0.00,0.00,0.00
NIOBW,NIOCORP DEVELOPMENTS LTD,0.00,0.00,0.00,0.00,0.00,0.00,0.00
CGABL,Carlyle Group Inc.,0.00,0.00,0.00,0.00,0.00,0.00,0.00
RCD,Ready Capital Corp,0.00,0.00,0.00,0.00,0.00,0.00,0.00
RCB,Ready Capital Corp,0.00,0.00,0.00,0.00,0.00,0.00,0.00
RCC,Ready Capital Corp,0.00,0.00,0.00,0.00,0.00,0.00,0.00
RC-PC,Ready Capital Corp,0.00,0.00,0.00,0.00,0.00,0.00,0.00
RC-PE,Ready Capital Corp,0.00,0.00,0.00,0.00,0.00,0.00,0.00
NEWTG,NewtekOne Inc.,0.00,0.00,0.00,0.00,0.00,0.00,0.00
NEWTH,NewtekOne Inc.,0.00,0.00,0.00,0.00,0.00,0.00,0.00
WYTC,WYTEC INTERNATIONAL INC,0.00,0.00,0.00,0.00,0.00,0.00,0.00
TIPLX,Bluerock Total Income (plus) Real Estate Fund,0.00,0.00,0.00,0.00,0.00,0.00,0.00
OXLCL,Oxford Lane Capital Corp.,0.00,0.00,0.00,0.00,0.00,0.00,0.00
OXLCN,Oxford Lane Capital Corp.,0.00,0.00,0.00,0.00,0.00,0.00,0.00
OXLCI,Oxford Lane Capital Corp.,0.00,0.00,0.00,0.00,0.00,0.00,0.00
OXLCP,Oxford Lane Capital Corp.,0.00,0.00,0.00,0.00,0.00,0.00,0.00
OXLCZ,Oxford Lane Capital Corp.,0.00,0.00,0.00,0.00,0.00,0.00,0.00
CIVII,CIVITAS RESOURCES INC.,0.00,0.00,0.00,0.00,0.00,0.00,0.00
CIVIW,CIVITAS RESOURCES INC.,0.00,0.00,0.00,0.00,0.00,0.00,0.00
EP-PC,KINDER MORGAN INC.,0.00,0.00,0.00,0.00,0.00,0.00,0.00
ACP-PA,abrdn Income Credit Strategies Fund,0.00,0.00,0.00,0.00,0.00,0.00,0.00
GNT-PA,GAMCO Natural Resources Gold & Income Trust,0.00,0.00,0.00,0.00,0.00,0.00,0.00
PEB-PG,Pebblebrook Hotel Trust,0.00,0.00,0.00,0.00,0.00,0.00,0.00
PEB-PH,Pebblebrook Hotel Trust,0.00,0.00,0.00,0.00,0.00,0.00,0.00
HSCSW,HeartSciences Inc.,0.00,0.00,0.00,0.00,0.00,0.00,0.00
CPTNW,Cepton Inc.,0.00,0.00,0.00,0.00,0.00,0.00,0.00
MAJI,GRN Holding Corp,0.00,0.00,0.00,0.00,0.00,0.00,0.00
CEADW,CEA Industries Inc.,0.00,0.00,0.00,0.00,0.00,0.00,0.00
PMT-PC,PennyMac Mortgage Investment Trust,0.00,0.00,0.00,0.00,0.00,0.00,0.00
JTGLF,CitibankN.A./ADR,0.00,0.00,0.00,0.00,0.00,0.00,0.00
PMTU,PennyMac Mortgage Investment Trust,0.00,0.00,0.00,0.00,0.00,0.00,0.00
VODAF,Vodacom Group Ltd / ADR,0.00,0.00,0.00,0.00,0.00,0.00,0.00
YMHAY,Yamaha Motor Co. Ltd.,0.00,0.00,0.00,0.00,0.00,0.00,0.00
CIMO,CHIMERA INVESTMENT CORP,0.00,0.00,0.00,0.00,0.00,0.00,0.00
CIMN,CHIMERA INVESTMENT CORP,0.00,0.00,0.00,0.00,0.00,0.00,0.00
BDRY,Amplify Commodity Trust,0.00,0.00,0.00,0.00,0.00,0.00,0.00
BWET,Amplify Commodity Trust,0.00,0.00,0.00,0.00,0.00,0.00,0.00
NEWTZ,NewtekOne Inc.,0.00,0.00,0.00,0.00,0.00,0.00,0.00
CUYTF,Colruyt SA,0.00,0.00,0.00,0.00,0.00,0.00,0.00
ODVWZ,Osisko Development Corp.,0.00,0.00,0.00,0.00,0.00,0.00,0.00
BBLGW,Bone Biologics Corp,0.00,0.00,0.00,0.00,0.00,0.00,0.00
UWMC-WT,UWM Holdings Corp,0.00,0.00,0.00,0.00,0.00,0.00,0.00
CURIW,CuriosityStream Inc.,0.00,0.00,0.00,0.00,0.00,0.00,0.00
CMXWQ,CareMax Inc.,0.00,0.00,0.00,0.00,0.00,0.00,0.00
FOXOW,FOXO TECHNOLOGIES INC.,0.00,0.00,0.00,0.00,0.00,0.00,0.00
MKFGW,Markforged Holding Corp,0.00,0.00,0.00,0.00,0.00,0.00,0.00
GB-WT,Global Blue Group Holding AG,0.00,0.00,0.00,0.00,0.00,0.00,0.00
AEVA-WT,Aeva Technologies Inc.,0.00,0.00,0.00,0.00,0.00,0.00,0.00
CNROX,City National Rochdale Strategic Credit Fund,0.00,0.00,0.00,0.00,0.00,0.00,0.00
TMEF,Tipmefast Inc.,0.00,0.00,0.00,0.00,0.00,0.00,0.00
PMFAX,PIMCO Flexible Municipal Income Fund,0.00,0.00,0.00,0.00,0.00,0.00,0.00
KARX,Karbon-X Corp.,0.00,0.00,0.00,0.00,0.00,0.00,0.00
XALCX,BNY Mellon Alcentra Global Multi-Strategy Credit Fund Inc.,0.00,0.00,0.00,0.00,0.00,0.00,0.00
RVSNW,Rail Vision Ltd.,0.00,0.00,0.00,0.00,0.00,0.00,0.00
GOEVW,Canoo Inc.,0.00,0.00,0.00,0.00,0.00,0.00,0.00
NEOVW,NeoVolta Inc.,0.00,0.00,0.00,0.00,0.00,0.00,0.00
BALY-T,Bally's Corp,0.00,0.00,0.00,0.00,0.00,0.00,0.00
SNAXW,STRYVE FOODS INC.,0.00,0.00,0.00,0.00,0.00,0.00,0.00
OPP-PA,RiverNorth/DoubleLine Strategic Opportunity Fund Inc.,0.00,0.00,0.00,0.00,0.00,0.00,0.00
OPP-PB,RiverNorth/DoubleLine Strategic Opportunity Fund Inc.,0.00,0.00,0.00,0.00,0.00,0.00,0.00
DBRG-PH,DigitalBridge Group Inc.,0.00,0.00,0.00,0.00,0.00,0.00,0.00
DBRG-PI,DigitalBridge Group Inc.,0.00,0.00,0.00,0.00,0.00,0.00,0.00
DBRG-PJ,DigitalBridge Group Inc.,0.00,0.00,0.00,0.00,0.00,0.00,0.00
ENSCW,Ensysce Biosciences Inc.,0.00,0.00,0.00,0.00,0.00,0.00,0.00
OCCIM,OFS Credit Company Inc.,0.00,0.00,0.00,0.00,0.00,0.00,0.00
OCCIN,OFS Credit Company Inc.,0.00,0.00,0.00,0.00,0.00,0.00,0.00
OCCIO,OFS Credit Company Inc.,0.00,0.00,0.00,0.00,0.00,0.00,0.00
VGASW,Verde Clean Fuels Inc.,0.00,0.00,0.00,0.00,0.00,0.00,0.00
GRDV,Golden Royal Development Inc.,0.00,0.00,0.00,0.00,0.00,0.00,0.00
LVCE,LiveCare Inc.,0.00,0.00,0.00,0.00,0.00,0.00,0.00
ANKM,Ankam Inc.,0.00,0.00,0.00,0.00,0.00,0.00,0.00
AVPTW,AvePoint Inc.,0.00,0.00,0.00,0.00,0.00,0.00,0.00
RBOT-WT,Vicarious Surgical Inc.,0.00,0.00,0.00,0.00,0.00,0.00,0.00
EDBLW,Edible Garden AG Inc,0.00,0.00,0.00,0.00,0.00,0.00,0.00
REVBW,REVELATION BIOSCIENCES INC.,0.00,0.00,0.00,0.00,0.00,0.00,0.00
ORGNW,Origin Materials Inc.,0.00,0.00,0.00,0.00,0.00,0.00,0.00
KCLHF,Kingsoft Cloud Holdings Ltd,0.00,0.00,0.00,0.00,0.00,0.00,0.00
SVIX,VS Trust,0.00,0.00,0.00,0.00,0.00,0.00,0.00
UVIX,VS Trust,0.00,0.00,0.00,0.00,0.00,0.00,0.00
MSPRW,MSP Recovery Inc.,0.00,0.00,0.00,0.00,0.00,0.00,0.00
MSPRZ,MSP Recovery Inc.,0.00,0.00,0.00,0.00,0.00,0.00,0.00
BTCTW,BTC Digital Ltd.,0.00,0.00,0.00,0.00,0.00,0.00,0.00
BYNOU,byNordic Acquisition Corp,0.00,0.00,0.00,0.00,0.00,0.00,0.00
BYNOW,byNordic Acquisition Corp,0.00,0.00,0.00,0.00,0.00,0.00,0.00
BBAI-WT,BigBear.ai Holdings Inc.,0.00,0.00,0.00,0.00,0.00,0.00,0.00
SABSW,SAB Biotherapeutics Inc.,0.00,0.00,0.00,0.00,0.00,0.00,0.00
LOCLW,Local Bounti Corporation/DE,0.00,0.00,0.00,0.00,0.00,0.00,0.00
AONCW,American Oncology Network Inc.,0.00,0.00,0.00,0.00,0.00,0.00,0.00
CORZW,Core Scientific Inc./tx,0.00,0.00,0.00,0.00,0.00,0.00,0.00
CORZZ,Core Scientific Inc./tx,0.00,0.00,0.00,0.00,0.00,0.00,0.00
CORZR,Core Scientific Inc./tx,0.00,0.00,0.00,0.00,0.00,0.00,0.00
DAVEW,Dave Inc./DE,0.00,0.00,0.00,0.00,0.00,0.00,0.00
HCVIU,Hennessy Capital Investment Corp. VI,0.00,0.00,0.00,0.00,0.00,0.00,0.00
HCVIW,Hennessy Capital Investment Corp. VI,0.00,0.00,0.00,0.00,0.00,0.00,0.00
NOTE-WT,FiscalNote Holdings Inc.,0.00,0.00,0.00,0.00,0.00,0.00,0.00
ACHR-WT,Archer Aviation Inc.,0.00,0.00,0.00,0.00,0.00,0.00,0.00
HIPOW,Hippo Holdings Inc.,0.00,0.00,0.00,0.00,0.00,0.00,0.00
RUMBW,Rumble Inc.,0.00,0.00,0.00,0.00,0.00,0.00,0.00
WGSWW,GeneDx Holdings Corp.,0.00,0.00,0.00,0.00,0.00,0.00,0.00
XOSWW,Xos Inc.,0.00,0.00,0.00,0.00,0.00,0.00,0.00
WSUPW,Wheels Up Experience Inc.,0.00,0.00,0.00,0.00,0.00,0.00,0.00
ISPOW,Inspirato Inc,0.00,0.00,0.00,0.00,0.00,0.00,0.00
SSST,SmartStop Self Storage REIT Inc.,0.00,0.00,0.00,0.00,0.00,0.00,0.00
SRRIX,Stone Ridge Trust II,0.00,0.00,0.00,0.00,0.00,0.00,0.00
CCLDO,CareCloud Inc.,0.00,0.00,0.00,0.00,0.00,0.00,0.00
CCLDP,CareCloud Inc.,0.00,0.00,0.00,0.00,0.00,0.00,0.00
PETVW,PetVivo Holdings Inc.,0.00,0.00,0.00,0.00,0.00,0.00,0.00
UNOV,Earth Science Tech Inc.,0.00,0.00,0.00,0.00,0.00,0.00,0.00
MSCF,MSC INCOME FUND INC.,0.00,0.00,0.00,0.00,0.00,0.00,0.00
TRTX-PC,TPG RE Finance Trust Inc.,0.00,0.00,0.00,0.00,0.00,0.00,0.00
BHLD,BLOCKHOLD CAPITAL CORP,0.00,0.00,0.00,0.00,0.00,0.00,0.00
FCRX,Crescent Capital BDC Inc.,0.00,0.00,0.00,0.00,0.00,0.00,0.00
YCBD-PA,cbdMD Inc.,0.00,0.00,0.00,0.00,0.00,0.00,0.00
MDV-PA,MODIV INDUSTRIAL INC.,0.00,0.00,0.00,0.00,0.00,0.00,0.00
GIPRW,GENERATION INCOME PROPERTIES INC.,0.00,0.00,0.00,0.00,0.00,0.00,0.00
PXSAW,Pyxis Tankers Inc.,0.00,0.00,0.00,0.00,0.00,0.00,0.00
KREF-PA,KKR Real Estate Finance Trust Inc.,0.00,0.00,0.00,0.00,0.00,0.00,0.00
OPP-PC,RiverNorth/DoubleLine Strategic Opportunity Fund Inc.,0.00,0.00,0.00,0.00,0.00,0.00,0.00
MDRRP,Medalist Diversified REIT Inc.,0.00,0.00,0.00,0.00,0.00,0.00,0.00
NSA-PB,National Storage Affiliates Trust,0.00,0.00,0.00,0.00,0.00,0.00,0.00
DTEAF,DAVIDsTEA Inc.,0.00,0.00,0.00,0.00,0.00,0.00,0.00
AMJT,AMJ Global Technology,0.00,0.00,0.00,0.00,0.00,0.00,0.00
CEDAX,BlueBay Destra International Event-Driven Credit Fund,0.00,0.00,0.00,0.00,0.00,0.00,0.00
NICHX,Variant Alternative Income Fund,0.00,0.00,0.00,0.00,0.00,0.00,0.00
FTCHQ,Farfetch Ltd,0.00,0.00,0.00,0.00,0.00,0.00,0.00
TCMEF,Tencent Music Entertainment Group,0.00,0.00,0.00,0.00,0.00,0.00,0.00
EIOAX,ELLINGTON INCOME OPPORTUNITIES FUND,0.00,0.00,0.00,0.00,0.00,0.00,0.00
TRSO,TRANSUITE.ORG INC.,0.00,0.00,0.00,0.00,0.00,0.00,0.00
EICB,Eagle Point Income Co Inc.,0.00,0.00,0.00,0.00,0.00,0.00,0.00
EICC,Eagle Point Income Co Inc.,0.00,0.00,0.00,0.00,0.00,0.00,0.00
EICA,Eagle Point Income Co Inc.,0.00,0.00,0.00,0.00,0.00,0.00,0.00
ATGAF,AltaGas Ltd.,0.00,0.00,0.00,0.00,0.00,0.00,0.00
ATGPF,AltaGas Ltd.,0.00,0.00,0.00,0.00,0.00,0.00,0.00
HFRO-PA,HIGHLAND OPPORTUNITIES & INCOME FUND,0.00,0.00,0.00,0.00,0.00,0.00,0.00
CDAWF,Compass Digital Acquisition Corp.,0.00,0.00,0.00,0.00,0.00,0.00,0.00
CDAUF,Compass Digital Acquisition Corp.,0.00,0.00,0.00,0.00,0.00,0.00,0.00
CNDAW,Concord Acquisition Corp II,0.00,0.00,0.00,0.00,0.00,0.00,0.00
CNDAU,Concord Acquisition Corp II,0.00,0.00,0.00,0.00,0.00,0.00,0.00
KITTW,Nauticus Robotics Inc.,0.00,0.00,0.00,0.00,0.00,0.00,0.00
CLOER,Clover Leaf Capital Corp.,0.00,0.00,0.00,0.00,0.00,0.00,0.00
CLOEU,Clover Leaf Capital Corp.,0.00,0.00,0.00,0.00,0.00,0.00,0.00
DRMAW,Dermata Therapeutics Inc.,0.00,0.00,0.00,0.00,0.00,0.00,0.00
HMELF,Hold Me Ltd,0.00,0.00,0.00,0.00,0.00,0.00,0.00
BFRIW,Biofrontera Inc.,0.00,0.00,0.00,0.00,0.00,0.00,0.00
TVGNW,Tevogen Bio Holdings Inc.,0.00,0.00,0.00,0.00,0.00,0.00,0.00
RRAWF,Rigel Resource Acquisition Corp.,0.00,0.00,0.00,0.00,0.00,0.00,0.00
RRAUF,Rigel Resource Acquisition Corp.,0.00,0.00,0.00,0.00,0.00,0.00,0.00
BRACR,Broad Capital Acquisition Corp,0.00,0.00,0.00,0.00,0.00,0.00,0.00
BRACU,Broad Capital Acquisition Corp,0.00,0.00,0.00,0.00,0.00,0.00,0.00
LATGF,Chenghe Acquisition I Co.,0.00,0.00,0.00,0.00,0.00,0.00,0.00
LATGU,Chenghe Acquisition I Co.,0.00,0.00,0.00,0.00,0.00,0.00,0.00
TCBPW,TC BioPharm (Holdings) plc,0.00,0.00,0.00,0.00,0.00,0.00,0.00
BRKHU,BurTech Acquisition Corp.,0.00,0.00,0.00,0.00,0.00,0.00,0.00
BRKHW,BurTech Acquisition Corp.,0.00,0.00,0.00,0.00,0.00,0.00,0.00
MTEKW,Maris Tech Ltd.,0.00,0.00,0.00,0.00,0.00,0.00,0.00
SATLW,Satellogic Inc.,0.00,0.00,0.00,0.00,0.00,0.00,0.00
OFSWF,Carbon Streaming Corp,0.00,0.00,0.00,0.00,0.00,0.00,0.00
ASTLW,Algoma Steel Group Inc.,0.00,0.00,0.00,0.00,0.00,0.00,0.00
MSAIW,MultiSensor AI Holdings Inc.,0.00,0.00,0.00,0.00,0.00,0.00,0.00
WTMAR,Welsbach Technology Metals Acquisition Corp.,0.00,0.00,0.00,0.00,0.00,0.00,0.00
WTMAU,Welsbach Technology Metals Acquisition Corp.,0.00,0.00,0.00,0.00,0.00,0.00,0.00
OPTXW,SYNTEC OPTICS HOLDINGS INC.,0.00,0.00,0.00,0.00,0.00,0.00,0.00
IGTAR,Inception Growth Acquisition Ltd,0.00,0.00,0.00,0.00,0.00,0.00,0.00
IGTAU,Inception Growth Acquisition Ltd,0.00,0.00,0.00,0.00,0.00,0.00,0.00
IGTAW,Inception Growth Acquisition Ltd,0.00,0.00,0.00,0.00,0.00,0.00,0.00
XBPEW,XBP Europe Holdings Inc.,0.00,0.00,0.00,0.00,0.00,0.00,0.00
DMXCF,District Metals Corp.,0.00,0.00,0.00,0.00,0.00,0.00,0.00
GETRW,Getaround Inc,0.00,0.00,0.00,0.00,0.00,0.00,0.00
BLACR,Bellevue Life Sciences Acquisition Corp.,0.00,0.00,0.00,0.00,0.00,0.00,0.00
BLACU,Bellevue Life Sciences Acquisition Corp.,0.00,0.00,0.00,0.00,0.00,0.00,0.00
BLACW,Bellevue Life Sciences Acquisition Corp.,0.00,0.00,0.00,0.00,0.00,0.00,0.00
HOLOW,MicroCloud Hologram Inc.,0.00,0.00,0.00,0.00,0.00,0.00,0.00
TBLAW,Taboola.com Ltd.,0.00,0.00,0.00,0.00,0.00,0.00,0.00
KTTAW,Pasithea Therapeutics Corp.,0.00,0.00,0.00,0.00,0.00,0.00,0.00
CTCXW,Carmell Corp,0.00,0.00,0.00,0.00,0.00,0.00,0.00
LIDRW,AEye Inc.,0.00,0.00,0.00,0.00,0.00,0.00,0.00
MYPSW,PLAYSTUDIOS Inc.,0.00,0.00,0.00,0.00,0.00,0.00,0.00
DISTR,Distoken Acquisition Corp,0.00,0.00,0.00,0.00,0.00,0.00,0.00
DISTW,Distoken Acquisition Corp,0.00,0.00,0.00,0.00,0.00,0.00,0.00
BODYW,Beachbody Company Inc.,0.00,0.00,0.00,0.00,0.00,0.00,0.00
FOACW,Finance of America Companies Inc.,0.00,0.00,0.00,0.00,0.00,0.00,0.00
SDSTW,Stardust Power Inc.,0.00,0.00,0.00,0.00,0.00,0.00,0.00
LIANY,LianBio,0.00,0.00,0.00,0.00,0.00,0.00,0.00
JWSWF,Jaws Mustang Acquisition Corp,0.00,0.00,0.00,0.00,0.00,0.00,0.00
JWSUF,Jaws Mustang Acquisition Corp,0.00,0.00,0.00,0.00,0.00,0.00,0.00
QBTS-WT,D-Wave Quantum Inc.,0.00,0.00,0.00,0.00,0.00,0.00,0.00
CRGOW,Freightos Ltd,0.00,0.00,0.00,0.00,0.00,0.00,0.00
FMSTW,Foremost Clean Energy Ltd.,0.00,0.00,0.00,0.00,0.00,0.00,0.00
GREEL,Greenidge Generation Holdings Inc.,0.00,0.00,0.00,0.00,0.00,0.00,0.00
FRLAU,Fortune Rise Acquisition Corp,0.00,0.00,0.00,0.00,0.00,0.00,0.00
FRLAW,Fortune Rise Acquisition Corp,0.00,0.00,0.00,0.00,0.00,0.00,0.00
TGAWF,Target Global Acquisition I Corp.,0.00,0.00,0.00,0.00,0.00,0.00,0.00
PWUPU,PowerUp Acquisition Corp.,0.00,0.00,0.00,0.00,0.00,0.00,0.00
TGAUF,Target Global Acquisition I Corp.,0.00,0.00,0.00,0.00,0.00,0.00,0.00
PWUPW,PowerUp Acquisition Corp.,0.00,0.00,0.00,0.00,0.00,0.00,0.00
AOGOU,Arogo Capital Acquisition Corp.,0.00,0.00,0.00,0.00,0.00,0.00,0.00
AOGOW,Arogo Capital Acquisition Corp.,0.00,0.00,0.00,0.00,0.00,0.00,0.00
WLSS,Welsis Corp.,0.00,0.00,0.00,0.00,0.00,0.00,0.00
CCIRU,Cohen Circle Acquisition Corp. I,0.00,0.00,0.00,0.00,0.00,0.00,0.00
CCIRW,Cohen Circle Acquisition Corp. I,0.00,0.00,0.00,0.00,0.00,0.00,0.00
GLACR,Global Lights Acquisition Corp,0.00,0.00,0.00,0.00,0.00,0.00,0.00
PPYAU,Papaya Growth Opportunity Corp. I,0.00,0.00,0.00,0.00,0.00,0.00,0.00
PPYAW,Papaya Growth Opportunity Corp. I,0.00,0.00,0.00,0.00,0.00,0.00,0.00
FTIIU,FutureTech II Acquisition Corp.,0.00,0.00,0.00,0.00,0.00,0.00,0.00
FTIIW,FutureTech II Acquisition Corp.,0.00,0.00,0.00,0.00,0.00,0.00,0.00
CRBD,Corebridge Financial Inc.,0.00,0.00,0.00,0.00,0.00,0.00,0.00
HUDAR,Hudson Acquisition I Corp.,0.00,0.00,0.00,0.00,0.00,0.00,0.00
HUDAU,Hudson Acquisition I Corp.,0.00,0.00,0.00,0.00,0.00,0.00,0.00
AERTW,Aeries Technology Inc.,0.00,0.00,0.00,0.00,0.00,0.00,0.00
GCTS-WT,GCT Semiconductor Holding Inc.,0.00,0.00,0.00,0.00,0.00,0.00,0.00
AEAEU,AltEnergy Acquisition Corp,0.00,0.00,0.00,0.00,0.00,0.00,0.00
AEAEW,AltEnergy Acquisition Corp,0.00,0.00,0.00,0.00,0.00,0.00,0.00
IXQUF,IX Acquisition Corp.,0.00,0.00,0.00,0.00,0.00,0.00,0.00
IXQWF,IX Acquisition Corp.,0.00,0.00,0.00,0.00,0.00,0.00,0.00
USTWF,Roth CH Acquisition Co.,0.00,0.00,0.00,0.00,0.00,0.00,0.00
PORTU,Southport Acquisition Corp,0.00,0.00,0.00,0.00,0.00,0.00,0.00
ECXWW,ECARX Holdings Inc.,0.00,0.00,0.00,0.00,0.00,0.00,0.00
SOARW,Volato Group Inc.,0.00,0.00,0.00,0.00,0.00,0.00,0.00
GDSTR,Goldenstone Acquisition Ltd.,0.00,0.00,0.00,0.00,0.00,0.00,0.00
GDSTU,Goldenstone Acquisition Ltd.,0.00,0.00,0.00,0.00,0.00,0.00,0.00
GDSTW,Goldenstone Acquisition Ltd.,0.00,0.00,0.00,0.00,0.00,0.00,0.00
WELWF,Integrated Wellness Acquisition Corp,0.00,0.00,0.00,0.00,0.00,0.00,0.00
WELUF,Integrated Wellness Acquisition Corp,0.00,0.00,0.00,0.00,0.00,0.00,0.00
PRENW,Prenetics Global Ltd,0.00,0.00,0.00,0.00,0.00,0.00,0.00
CEROW,CERO THERAPEUTICS HOLDINGS INC.,0.00,0.00,0.00,0.00,0.00,0.00,0.00
PORTW,Southport Acquisition Corp,0.00,0.00,0.00,0.00,0.00,0.00,0.00
JFBRW,Jeffs' Brands Ltd,0.00,0.00,0.00,0.00,0.00,0.00,0.00
KVACU,Keen Vision Acquisition Corp.,0.00,0.00,0.00,0.00,0.00,0.00,0.00
KVACW,Keen Vision Acquisition Corp.,0.00,0.00,0.00,0.00,0.00,0.00,0.00
ATEKW,Athena Technology Acquisition Corp. II,0.00,0.00,0.00,0.00,0.00,0.00,0.00
BFQUF,Battery Future Acquisition Corp.,0.00,0.00,0.00,0.00,0.00,0.00,0.00
BFQWF,Battery Future Acquisition Corp.,0.00,0.00,0.00,0.00,0.00,0.00,0.00
JACS-UN,Jackson Acquisition Co II,0.00,0.00,0.00,0.00,0.00,0.00,0.00
RAINW,Rain Enhancement Technologies Holdco Inc.,0.00,0.00,0.00,0.00,0.00,0.00,0.00
NEHCW,NEW ERA HELIUM INC.,0.00,0.00,0.00,0.00,0.00,0.00,0.00
ABLVW,Able View Global Inc.,0.00,0.00,0.00,0.00,0.00,0.00,0.00
ESGLW,ESGL Holdings Ltd,0.00,0.00,0.00,0.00,0.00,0.00,0.00
NCNWF,noco-noco Inc.,0.00,0.00,0.00,0.00,0.00,0.00,0.00
CCGWW,Cheche Group Inc.,0.00,0.00,0.00,0.00,0.00,0.00,0.00
ABVEW,Above Food Ingredients Inc.,0.00,0.00,0.00,0.00,0.00,0.00,0.00
NUVWQ,Holdco Nuvo Group D.G Ltd.,0.00,0.00,0.00,0.00,0.00,0.00,0.00
SIMAW,SIM Acquisition Corp. I,0.00,0.00,0.00,0.00,0.00,0.00,0.00
SIMAU,SIM Acquisition Corp. I,0.00,0.00,0.00,0.00,0.00,0.00,0.00
CAPNU,Cayson Acquisition Corp,0.00,0.00,0.00,0.00,0.00,0.00,0.00
CAPNR,Cayson Acquisition Corp,0.00,0.00,0.00,0.00,0.00,0.00,0.00
NTWOW,Newbury Street II Acquisition Corp,0.00,0.00,0.00,0.00,0.00,0.00,0.00
NTWOU,Newbury Street II Acquisition Corp,0.00,0.00,0.00,0.00,0.00,0.00,0.00
RPDL,Rapid Line Inc.,0.00,0.00,0.00,0.00,0.00,0.00,0.00
MLECW,Moolec Science SA,0.00,0.00,0.00,0.00,0.00,0.00,0.00
GLTK,GlobalTech Corp,0.00,0.00,0.00,0.00,0.00,0.00,0.00
GRAF-WT,Graf Global Corp.,0.00,0.00,0.00,0.00,0.00,0.00,0.00
IROHR,Iron Horse Acquisitions Corp.,0.00,0.00,0.00,0.00,0.00,0.00,0.00
IROHW,Iron Horse Acquisitions Corp.,0.00,0.00,0.00,0.00,0.00,0.00,0.00
IROHU,Iron Horse Acquisitions Corp.,0.00,0.00,0.00,0.00,0.00,0.00,0.00
BAKR,Baker Global Asset Management Inc.,0.00,0.00,0.00,0.00,0.00,0.00,0.00
CRMLW,Critical Metals Corp.,0.00,0.00,0.00,0.00,0.00,0.00,0.00
ALUR-WT,ALLURION TECHNOLOGIES INC.,0.00,0.00,0.00,0.00,0.00,0.00,0.00
NVNIW,Nvni Group Ltd,0.00,0.00,0.00,0.00,0.00,0.00,0.00
NXNT,Nexscient Inc.,0.00,0.00,0.00,0.00,0.00,0.00,0.00
LSBPW,LakeShore Biopharma Co. Ltd.,0.00,0.00,0.00,0.00,0.00,0.00,0.00
ALMP,Almco Plumbing Inc,0.00,0.00,0.00,0.00,0.00,0.00,0.00
JAGL,JAAG Enterprises Ltd.,0.00,0.00,0.00,0.00,0.00,0.00,0.00
DYCQU,DT Cloud Acquisition Corp,0.00,0.00,0.00,0.00,0.00,0.00,0.00
DYCQR,DT Cloud Acquisition Corp,0.00,0.00,0.00,0.00,0.00,0.00,0.00
CAPTW,Captivision Inc.,0.00,0.00,0.00,0.00,0.00,0.00,0.00
PBMWW,PSYENCE BIOMEDICAL LTD.,0.00,0.00,0.00,0.00,0.00,0.00,0.00
TBNRL,Tamboran Resources Corp,0.00,0.00,0.00,0.00,0.00,0.00,0.00
VACHU,Voyager Acquisition Corp./Cayman Islands,0.00,0.00,0.00,0.00,0.00,0.00,0.00
VACHW,Voyager Acquisition Corp./Cayman Islands,0.00,0.00,0.00,0.00,0.00,0.00,0.00
FVNNU,Future Vision II Acquisition Corp.,0.00,0.00,0.00,0.00,0.00,0.00,0.00
FVNNR,Future Vision II Acquisition Corp.,0.00,0.00,0.00,0.00,0.00,0.00,0.00
BSIIW,Black Spade Acquisition II Co,0.00,0.00,0.00,0.00,0.00,0.00,0.00
BSIIU,Black Spade Acquisition II Co,0.00,0.00,0.00,0.00,0.00,0.00,0.00
YHNAR,YHN Acquisition I Ltd,0.00,0.00,0.00,0.00,0.00,0.00,0.00
YHNAU,YHN Acquisition I Ltd,0.00,0.00,0.00,0.00,0.00,0.00,0.00
RFAIU,RF Acquisition Corp II,0.00,0.00,0.00,0.00,0.00,0.00,0.00
RFAIR,RF Acquisition Corp II,0.00,0.00,0.00,0.00,0.00,0.00,0.00
CHEB-WT,Chenghe Acquisition II Co.,0.00,0.00,0.00,0.00,0.00,0.00,0.00
CHEB-UN,Chenghe Acquisition II Co.,0.00,0.00,0.00,0.00,0.00,0.00,0.00
POLEU,Andretti Acquisition Corp. II,0.00,0.00,0.00,0.00,0.00,0.00,0.00
POLEW,Andretti Acquisition Corp. II,0.00,0.00,0.00,0.00,0.00,0.00,0.00
VCICU,Vine Hill Capital Investment Corp.,0.00,0.00,0.00,0.00,0.00,0.00,0.00
VCICW,Vine Hill Capital Investment Corp.,0.00,0.00,0.00,0.00,0.00,0.00,0.00
OACCU,Oaktree Acquisition Corp. III Life Sciences,0.00,0.00,0.00,0.00,0.00,0.00,0.00
OACCW,Oaktree Acquisition Corp. III Life Sciences,0.00,0.00,0.00,0.00,0.00,0.00,0.00
HWM-P,Howmet Aerospace Inc.,0.00,0.00,0.00,0.00,0.00,0.00,0.00
SENEM,Seneca Foods Corp,0.00,0.00,0.00,0.00,0.00,0.00,0.00
SENEL,Seneca Foods Corp,0.00,0.00,0.00,0.00,0.00,0.00,0.00
MOVAA,MOVADO GROUP INC,0.00,0.00,0.00,0.00,0.00,0.00,0.00
CSWCZ,CAPITAL SOUTHWEST CORP,0.00,0.00,0.00,0.00,0.00,0.00,0.00
BA-PA,BOEING CO,0.00,0.00,0.00,0.00,0.00,0.00,0.00
AMJB,JPMORGAN CHASE & CO,0.00,0.00,0.00,0.00,0.00,0.00,0.00
JPM-PJ,JPMORGAN CHASE & CO,0.00,0.00,0.00,0.00,0.00,0.00,0.00
JPM-PK,JPMORGAN CHASE & CO,0.00,0.00,0.00,0.00,0.00,0.00,0.00
JPM-PL,JPMORGAN CHASE & CO,0.00,0.00,0.00,0.00,0.00,0.00,0.00
JPM-PM,JPMORGAN CHASE & CO,0.00,0.00,0.00,0.00,0.00,0.00,0.00
UZD,UNITED STATES CELLULAR CORP,0.00,0.00,0.00,0.00,0.00,0.00,0.00
UZE,UNITED STATES CELLULAR CORP,0.00,0.00,0.00,0.00,0.00,0.00,0.00
UZF,UNITED STATES CELLULAR CORP,0.00,0.00,0.00,0.00,0.00,0.00,0.00
FRBKQ,REPUBLIC FIRST BANCORP INC,0.00,0.00,0.00,0.00,0.00,0.00,0.00
DX-PC,DYNEX CAPITAL INC,0.00,0.00,0.00,0.00,0.00,0.00,0.00
GSCE,GOLDMAN SACHS GROUP INC,0.00,0.00,0.00,0.00,0.00,0.00,0.00
HWCPZ,HANCOCK WHITNEY CORP,0.00,0.00,0.00,0.00,0.00,0.00,0.00
GL-PD,GLOBE LIFE INC.,0.00,0.00,0.00,0.00,0.00,0.00,0.00
VLYPN,VALLEY NATIONAL BANCORP,0.00,0.00,0.00,0.00,0.00,0.00,0.00
CNOBP,ConnectOne Bancorp Inc.,0.00,0.00,0.00,0.00,0.00,0.00,0.00
STRRP,STAR EQUITY HOLDINGS INC.,0.00,0.00,0.00,0.00,0.00,0.00,0.00
EBCOF,EBARA CORP /ADR/,0.00,0.00,0.00,0.00,0.00,0.00,0.00
PCG-PX,PG&E Corp,0.00,0.00,0.00,0.00,0.00,0.00,0.00
PTIXW,Protagenic Therapeutics Inc.\new,0.00,0.00,0.00,0.00,0.00,0.00,0.00
APCXW,AppTech Payments Corp.,0.00,0.00,0.00,0.00,0.00,0.00,0.00
CYTHW,Cyclo Therapeutics Inc.,0.00,0.00,0.00,0.00,0.00,0.00,0.00
HTLFP,HEARTLAND FINANCIAL USA INC,0.00,0.00,0.00,0.00,0.00,0.00,0.00
XXAAU,AEI INCOME & GROWTH FUND XXI LTD PARTNERSHIP,0.00,0.00,0.00,0.00,0.00,0.00,0.00
MBNKP,MEDALLION FINANCIAL CORP,0.00,0.00,0.00,0.00,0.00,0.00,0.00
TDBKF,TORONTO DOMINION BANK,0.00,0.00,0.00,0.00,0.00,0.00,0.00
TDOMF,TORONTO DOMINION BANK,0.00,0.00,0.00,0.00,0.00,0.00,0.00
TDOPF,TORONTO DOMINION BANK,0.00,0.00,0.00,0.00,0.00,0.00,0.00
TDBCP,TORONTO DOMINION BANK,0.00,0.00,0.00,0.00,0.00,0.00,0.00
RZC,REINSURANCE GROUP OF AMERICA INC,0.00,0.00,0.00,0.00,0.00,0.00,0.00
FLG-PU,FLAGSTAR FINANCIAL INC.,0.00,0.00,0.00,0.00,0.00,0.00,0.00
FLG-PA,FLAGSTAR FINANCIAL INC.,0.00,0.00,0.00,0.00,0.00,0.00,0.00
FRSPF,First Phosphate Corp.,0.00,0.00,0.00,0.00,0.00,0.00,0.00
CJRCF,China Resources Cement Holdings Limited/ADR/,0.00,0.00,0.00,0.00,0.00,0.00,0.00
KUSA,Kashin Inc.,0.00,0.00,0.00,0.00,0.00,0.00,0.00
RMHI,Retrieve Medical Holdings Inc.,0.00,0.00,0.00,0.00,0.00,0.00,0.00
NIXXW,Nixxy Inc.,0.00,0.00,0.00,0.00,0.00,0.00,0.00
NZEOY,New Zealand Oil & Gas Ltd/ADR,0.00,0.00,0.00,0.00,0.00,0.00,0.00
UUGWF,United Utilities Group plc,0.00,0.00,0.00,0.00,0.00,0.00,0.00
IHETW,iHeartMedia Inc.,0.00,0.00,0.00,0.00,0.00,0.00,0.00
FGBIP,First Guaranty Bancshares Inc.,0.00,0.00,0.00,0.00,0.00,0.00,0.00
ICCRW,iCoreConnect Inc.,0.00,0.00,0.00,0.00,0.00,0.00,0.00
ICNP,iCoreConnect Inc.,0.00,0.00,0.00,0.00,0.00,0.00,0.00
DTSTW,Data Storage Corp,0.00,0.00,0.00,0.00,0.00,0.00,0.00
DSX-WT,DIANA SHIPPING INC.,0.00,0.00,0.00,0.00,0.00,0.00,0.00
EQH-PA,Equitable Holdings Inc.,0.00,0.00,0.00,0.00,0.00,0.00,0.00
EQH-PC,Equitable Holdings Inc.,0.00,0.00,0.00,0.00,0.00,0.00,0.00
GLP-PB,GLOBAL PARTNERS LP,0.00,0.00,0.00,0.00,0.00,0.00,0.00
NMPRY,Navios Maritime Holdings Inc.,0.00,0.00,0.00,0.00,0.00,0.00,0.00
NMPGY,Navios Maritime Holdings Inc.,0.00,0.00,0.00,0.00,0.00,0.00,0.00
AIZN,ASSURANT INC.,0.00,0.00,0.00,0.00,0.00,0.00,0.00
ZNOGW,ZION OIL & GAS INC,0.00,0.00,0.00,0.00,0.00,0.00,0.00
SNCRL,SYNCHRONOSS TECHNOLOGIES INC,0.00,0.00,0.00,0.00,0.00,0.00,0.00
BANC-PF,BANC OF CALIFORNIA INC.,0.00,0.00,0.00,0.00,0.00,0.00,0.00
EMRJF,EMERA INC,0.00,0.00,0.00,0.00,0.00,0.00,0.00
EMICF,EMERA INC,0.00,0.00,0.00,0.00,0.00,0.00,0.00
EMRPF,EMERA INC,0.00,0.00,0.00,0.00,0.00,0.00,0.00
ARGD,Argo Group International Holdings Inc.,0.00,0.00,0.00,0.00,0.00,0.00,0.00
ARGO-PA,Argo Group International Holdings Inc.,0.00,0.00,0.00,0.00,0.00,0.00,0.00
INVUP,Investview Inc.,0.00,0.00,0.00,0.00,0.00,0.00,0.00
NXGLW,NEXGEL INC.,0.00,0.00,0.00,0.00,0.00,0.00,0.00
XCAPX,ACAP Strategic Fund,0.00,0.00,0.00,0.00,0.00,0.00,0.00
CUBB,Customers Bancorp Inc.,0.00,0.00,0.00,0.00,0.00,0.00,0.00
UNTCW,UNIT CORP,0.00,0.00,0.00,0.00,0.00,0.00,0.00
SOCGM,SOUTHERN CALIFORNIA GAS CO,0.00,0.00,0.00,0.00,0.00,0.00,0.00
VAL-WT,Valaris Ltd,0.00,0.00,0.00,0.00,0.00,0.00,0.00
LTSV,Lightstone Value Plus REIT IV Inc.,0.00,0.00,0.00,0.00,0.00,0.00,0.00
VIASP,Via Renewables Inc.,0.00,0.00,0.00,0.00,0.00,0.00,0.00
BAFBF,Balfour Beatty plc/ADR,0.00,0.00,0.00,0.00,0.00,0.00,0.00
BLFBY,Balfour Beatty plc/ADR,0.00,0.00,0.00,0.00,0.00,0.00,0.00
CTTRF,Controladora Vuela Compania de Aviacion S.A.B. de C.V.,0.00,0.00,0.00,0.00,0.00,0.00,0.00
AAMCF,Altisource Asset Management Corp,0.00,0.00,0.00,0.00,0.00,0.00,0.00
SBEV-WT,SPLASH BEVERAGE GROUP INC.,0.00,0.00,0.00,0.00,0.00,0.00,0.00
MPLXP,MPLX LP,0.00,0.00,0.00,0.00,0.00,0.00,0.00
LGNZZ,LIGAND PHARMACEUTICALS INC,0.00,0.00,0.00,0.00,0.00,0.00,0.00
LGNDZ,LIGAND PHARMACEUTICALS INC,0.00,0.00,0.00,0.00,0.00,0.00,0.00
LGNXZ,LIGAND PHARMACEUTICALS INC,0.00,0.00,0.00,0.00,0.00,0.00,0.00
LGNYZ,LIGAND PHARMACEUTICALS INC,0.00,0.00,0.00,0.00,0.00,0.00,0.00
CLSKW,CLEANSPARK INC.,0.00,0.00,0.00,0.00,0.00,0.00,0.00
ALL-PI,ALLSTATE CORP,0.00,0.00,0.00,0.00,0.00,0.00,0.00
ALL-PJ,ALLSTATE CORP,0.00,0.00,0.00,0.00,0.00,0.00,0.00
SOJD,SOUTHERN CO,0.00,0.00,0.00,0.00,0.00,0.00,0.00
SOJE,SOUTHERN CO,0.00,0.00,0.00,0.00,0.00,0.00,0.00
HAWLI,HAWAIIAN ELECTRIC CO INC,0.00,0.00,0.00,0.00,0.00,0.00,0.00
HAWLL,HAWAIIAN ELECTRIC CO INC,0.00,0.00,0.00,0.00,0.00,0.00,0.00
HAWLM,HAWAIIAN ELECTRIC CO INC,0.00,0.00,0.00,0.00,0.00,0.00,0.00
HAWEM,HAWAIIAN ELECTRIC CO INC,0.00,0.00,0.00,0.00,0.00,0.00,0.00
ASB-PF,ASSOCIATED BANC-CORP,0.00,0.00,0.00,0.00,0.00,0.00,0.00
WRB-PF,BERKLEY W R CORP,0.00,0.00,0.00,0.00,0.00,0.00,0.00
WRB-PG,BERKLEY W R CORP,0.00,0.00,0.00,0.00,0.00,0.00,0.00
WRB-PH,BERKLEY W R CORP,0.00,0.00,0.00,0.00,0.00,0.00,0.00
ASBA,ASSOCIATED BANC-CORP,0.00,0.00,0.00,0.00,0.00,0.00,0.00
CELG-RI,BRISTOL MYERS SQUIBB CO,0.00,0.00,0.00,0.00,0.00,0.00,0.00
NSARO,NSTAR ELECTRIC CO,0.00,0.00,0.00,0.00,0.00,0.00,0.00
NSARP,NSTAR ELECTRIC CO,0.00,0.00,0.00,0.00,0.00,0.00,0.00
AILIO,Ameren Illinois Co,0.00,0.00,0.00,0.00,0.00,0.00,0.00
AILIP,Ameren Illinois Co,0.00,0.00,0.00,0.00,0.00,0.00,0.00
WFC-PD,WELLS FARGO & COMPANY/MN,0.00,0.00,0.00,0.00,0.00,0.00,0.00
HBANP,HUNTINGTON BANCSHARES INC /MD/,0.00,0.00,0.00,0.00,0.00,0.00,0.00
HBANL,HUNTINGTON BANCSHARES INC /MD/,0.00,0.00,0.00,0.00,0.00,0.00,0.00
HBANM,HUNTINGTON BANCSHARES INC /MD/,0.00,0.00,0.00,0.00,0.00,0.00,0.00
HACBF,HACHIJUNI BANK LTD,0.00,0.00,0.00,0.00,0.00,0.00,0.00
WFC-PZ,WELLS FARGO & COMPANY/MN,0.00,0.00,0.00,0.00,0.00,0.00,0.00
WFCNP,WELLS FARGO & COMPANY/MN,0.00,0.00,0.00,0.00,0.00,0.00,0.00
WFC-PA,WELLS FARGO & COMPANY/MN,0.00,0.00,0.00,0.00,0.00,0.00,0.00
SIGIP,SELECTIVE INSURANCE GROUP INC,0.00,0.00,0.00,0.00,0.00,0.00,0.00
ATMP,BARCLAYS BANK PLC,0.00,0.00,0.00,0.00,0.00,0.00,0.00
BWVTF,BARCLAYS BANK PLC,0.00,0.00,0.00,0.00,0.00,0.00,0.00
COWTF,BARCLAYS BANK PLC,0.00,0.00,0.00,0.00,0.00,0.00,0.00
DJP,BARCLAYS BANK PLC,0.00,0.00,0.00,0.00,0.00,0.00,0.00
VXX,BARCLAYS BANK PLC,0.00,0.00,0.00,0.00,0.00,0.00,0.00
VXZ,BARCLAYS BANK PLC,0.00,0.00,0.00,0.00,0.00,0.00,0.00
PGMFF,BARCLAYS BANK PLC,0.00,0.00,0.00,0.00,0.00,0.00,0.00
GRN,BARCLAYS BANK PLC,0.00,0.00,0.00,0.00,0.00,0.00,0.00
JJCTF,BARCLAYS BANK PLC,0.00,0.00,0.00,0.00,0.00,0.00,0.00
JJETF,BARCLAYS BANK PLC,0.00,0.00,0.00,0.00,0.00,0.00,0.00
JJGTF,BARCLAYS BANK PLC,0.00,0.00,0.00,0.00,0.00,0.00,0.00
OXY-WT,OCCIDENTAL PETROLEUM CORP /DE/,0.00,0.00,0.00,0.00,0.00,0.00,0.00
MHGUP,MERITAGE HOSPITALITY GROUP INC,0.00,0.00,0.00,0.00,0.00,0.00,0.00
LAWIL,Light & Wonder Inc.,0.00,0.00,0.00,0.00,0.00,0.00,0.00
BANFP,BANCFIRST CORP /OK/,0.00,0.00,0.00,0.00,0.00,0.00,0.00
BPOPM,POPULAR INC.,0.00,0.00,0.00,0.00,0.00,0.00,0.00
FULTP,FULTON FINANCIAL CORP,0.00,0.00,0.00,0.00,0.00,0.00,0.00
KGCRF,KINROSS GOLD CORP,0.00,0.00,0.00,0.00,0.00,0.00,0.00
SCHW-PJ,SCHWAB CHARLES CORP,0.00,0.00,0.00,0.00,0.00,0.00,0.00
KEY-PL,KEYCORP /NEW/,0.00,0.00,0.00,0.00,0.00,0.00,0.00
TFC-PI,TRUIST FINANCIAL CORP,0.00,0.00,0.00,0.00,0.00,0.00,0.00
TFC-PO,TRUIST FINANCIAL CORP,0.00,0.00,0.00,0.00,0.00,0.00,0.00
TFC-PR,TRUIST FINANCIAL CORP,0.00,0.00,0.00,0.00,0.00,0.00,0.00
DDT,DILLARD'S INC.,0.00,0.00,0.00,0.00,0.00,0.00,0.00
SLNHP,Soluna Holdings Inc,0.00,0.00,0.00,0.00,0.00,0.00,0.00
KMPB,KEMPER Corp,0.00,0.00,0.00,0.00,0.00,0.00,0.00
AERGP,APPLIED ENERGETICS INC.,0.00,0.00,0.00,0.00,0.00,0.00,0.00
GTLS-PB,CHART INDUSTRIES INC,0.00,0.00,0.00,0.00,0.00,0.00,0.00
CTLPP,CANTALOUPE INC.,0.00,0.00,0.00,0.00,0.00,0.00,0.00
GPUS-PD,Hyperscale Data Inc.,0.00,0.00,0.00,0.00,0.00,0.00,0.00
FXFHF,FAIRFAX FINANCIAL HOLDINGS LTD/ CAN,0.00,0.00,0.00,0.00,0.00,0.00,0.00
RNR-PG,RENAISSANCERE HOLDINGS LTD,0.00,0.00,0.00,0.00,0.00,0.00,0.00
FAXRF,FAIRFAX FINANCIAL HOLDINGS LTD/ CAN,0.00,0.00,0.00,0.00,0.00,0.00,0.00
FFHPF,FAIRFAX FINANCIAL HOLDINGS LTD/ CAN,0.00,0.00,0.00,0.00,0.00,0.00,0.00
NMPWP,NATIONAL GRID PLC,0.00,0.00,0.00,0.00,0.00,0.00,0.00
NMKCP,NATIONAL GRID PLC,0.00,0.00,0.00,0.00,0.00,0.00,0.00
NMKBP,NATIONAL GRID PLC,0.00,0.00,0.00,0.00,0.00,0.00,0.00
NEWEN,NATIONAL GRID PLC,0.00,0.00,0.00,0.00,0.00,0.00,0.00
MHNC,Maiden Holdings Ltd.,0.00,0.00,0.00,0.00,0.00,0.00,0.00
AGQ,ProShares Trust II,0.00,0.00,0.00,0.00,0.00,0.00,0.00
BOIL,ProShares Trust II,0.00,0.00,0.00,0.00,0.00,0.00,0.00
EUO,ProShares Trust II,0.00,0.00,0.00,0.00,0.00,0.00,0.00
GLL,ProShares Trust II,0.00,0.00,0.00,0.00,0.00,0.00,0.00
UVXY,ProShares Trust II,0.00,0.00,0.00,0.00,0.00,0.00,0.00
VIXM,ProShares Trust II,0.00,0.00,0.00,0.00,0.00,0.00,0.00
VIXY,ProShares Trust II,0.00,0.00,0.00,0.00,0.00,0.00,0.00
YCL,ProShares Trust II,0.00,0.00,0.00,0.00,0.00,0.00,0.00
YCS,ProShares Trust II,0.00,0.00,0.00,0.00,0.00,0.00,0.00
ZSL,ProShares Trust II,0.00,0.00,0.00,0.00,0.00,0.00,0.00
SCO,ProShares Trust II,0.00,0.00,0.00,0.00,0.00,0.00,0.00
SVXY,ProShares Trust II,0.00,0.00,0.00,0.00,0.00,0.00,0.00
UCO,ProShares Trust II,0.00,0.00,0.00,0.00,0.00,0.00,0.00
UGL,ProShares Trust II,0.00,0.00,0.00,0.00,0.00,0.00,0.00
ULE,ProShares Trust II,0.00,0.00,0.00,0.00,0.00,0.00,0.00
KOLD,ProShares Trust II,0.00,0.00,0.00,0.00,0.00,0.00,0.00
LEXXW,Lexaria Bioscience Corp.,0.00,0.00,0.00,0.00,0.00,0.00,0.00
NFTM,Buildablock Corp.,0.00,0.00,0.00,0.00,0.00,0.00,0.00
RGPX,REGENEREX PHARMA INC.,0.00,0.00,0.00,0.00,0.00,0.00,0.00
IDKOF,IDEMITSU KOSAN CO. LTD,0.00,0.00,0.00,0.00,0.00,0.00,0.00
GFSAY,Gafisa S.A.,0.00,0.00,0.00,0.00,0.00,0.00,0.00
BIPJ,Brookfield Infrastructure Partners L.P.,0.00,0.00,0.00,0.00,0.00,0.00,0.00
BRIPF,Brookfield Infrastructure Partners L.P.,0.00,0.00,0.00,0.00,0.00,0.00,0.00
BIPH,Brookfield Infrastructure Partners L.P.,0.00,0.00,0.00,0.00,0.00,0.00,0.00
BIPI,Brookfield Infrastructure Partners L.P.,0.00,0.00,0.00,0.00,0.00,0.00,0.00
BIP-PA,Brookfield Infrastructure Partners L.P.,0.00,0.00,0.00,0.00,0.00,0.00,0.00
BIP-PB,Brookfield Infrastructure Partners L.P.,0.00,0.00,0.00,0.00,0.00,0.00,0.00
PTNRF,PARTNER COMMUNICATIONS CO LTD,0.00,0.00,0.00,0.00,0.00,0.00,0.00
TCBIO,TEXAS CAPITAL BANCSHARES INC/TX,0.00,0.00,0.00,0.00,0.00,0.00,0.00
NXPLW,NextPlat Corp,0.00,0.00,0.00,0.00,0.00,0.00,0.00
TDS-PU,TELEPHONE & DATA SYSTEMS INC /DE/,0.00,0.00,0.00,0.00,0.00,0.00,0.00
TDS-PV,TELEPHONE & DATA SYSTEMS INC /DE/,0.00,0.00,0.00,0.00,0.00,0.00,0.00
ELCPF,EDP ENERGIAS DE PORTUGAL SA,0.00,0.00,0.00,0.00,0.00,0.00,0.00
HNNAZ,HENNESSY ADVISORS INC,0.00,0.00,0.00,0.00,0.00,0.00,0.00
GLU-PA,GABELLI GLOBAL UTILITY & INCOME TRUST,0.00,0.00,0.00,0.00,0.00,0.00,0.00
ET-PI,Energy Transfer LP,0.00,0.00,0.00,0.00,0.00,0.00,0.00
NYMTL,NEW YORK MORTGAGE TRUST INC.,0.00,0.00,0.00,0.00,0.00,0.00,0.00
NYMTM,NEW YORK MORTGAGE TRUST INC.,0.00,0.00,0.00,0.00,0.00,0.00,0.00
OXSQG,Oxford Square Capital Corp.,0.00,0.00,0.00,0.00,0.00,0.00,0.00
OXSQZ,Oxford Square Capital Corp.,0.00,0.00,0.00,0.00,0.00,0.00,0.00
NYMTZ,NEW YORK MORTGAGE TRUST INC.,0.00,0.00,0.00,0.00,0.00,0.00,0.00
NYMTI,NEW YORK MORTGAGE TRUST INC.,0.00,0.00,0.00,0.00,0.00,0.00,0.00
QVCC,QVC INC,0.00,0.00,0.00,0.00,0.00,0.00,0.00
VCRRX,Versus Capital Real Assets Fund LLC,0.00,0.00,0.00,0.00,0.00,0.00,0.00
FSREI,FS Credit Real Estate Income Trust Inc.,0.00,0.00,0.00,0.00,0.00,0.00,0.00
FSREM,FS Credit Real Estate Income Trust Inc.,0.00,0.00,0.00,0.00,0.00,0.00,0.00
XFLT-PA,XAI Octagon Floating Rate & Alternative Income Trust,0.00,0.00,0.00,0.00,0.00,0.00,0.00
BYCBF,Barry Callebaut AG/ADR,0.00,0.00,0.00,0.00,0.00,0.00,0.00
COBA,Chilean Cobalt Corp.,0.00,0.00,0.00,0.00,0.00,0.00,0.00
BAZNF,Baozun Inc.,0.00,0.00,0.00,0.00,0.00,0.00,0.00
ACONW,Aclarion Inc.,0.00,0.00,0.00,0.00,0.00,0.00,0.00
BSTT,Blackstone Real Estate Income Trust Inc.,0.00,0.00,0.00,0.00,0.00,0.00,0.00
FRTSF,Fortis Inc.,0.00,0.00,0.00,0.00,0.00,0.00,0.00
FTPSF,Fortis Inc.,0.00,0.00,0.00,0.00,0.00,0.00,0.00
FORFF,Fortis Inc.,0.00,0.00,0.00,0.00,0.00,0.00,0.00
FTRSF,Fortis Inc.,0.00,0.00,0.00,0.00,0.00,0.00,0.00
AIMDW,Ainos Inc.,0.00,0.00,0.00,0.00,0.00,0.00,0.00
XAEIU,AEI INCOME & GROWTH FUND XXII LTD PARTNERSHIP,0.00,0.00,0.00,0.00,0.00,0.00,0.00
ORANY,ORANGE,0.00,0.00,0.00,0.00,0.00,0.00,0.00
CBDBY,BRAZILIAN DISTRIBUTION CO COMPANHIA BRASILEIRA DE DISTR CBD,0.00,0.00,0.00,0.00,0.00,0.00,0.00
EFSCP,ENTERPRISE FINANCIAL SERVICES CORP,0.00,0.00,0.00,0.00,0.00,0.00,0.00
EPR-PC,EPR PROPERTIES,0.00,0.00,0.00,0.00,0.00,0.00,0.00
EPR-PE,EPR PROPERTIES,0.00,0.00,0.00,0.00,0.00,0.00,0.00
EPDU,ENTERPRISE PRODUCTS PARTNERS L.P.,0.00,0.00,0.00,0.00,0.00,0.00,0.00
GGT-PG,GABELLI MULTIMEDIA TRUST INC.,0.00,0.00,0.00,0.00,0.00,0.00,0.00
BERZ,BANK OF MONTREAL /CAN/,0.00,0.00,0.00,0.00,0.00,0.00,0.00
FNGO,BANK OF MONTREAL /CAN/,0.00,0.00,0.00,0.00,0.00,0.00,0.00
FNGS,BANK OF MONTREAL /CAN/,0.00,0.00,0.00,0.00,0.00,0.00,0.00
WINTW,WINDTREE THERAPEUTICS INC /DE/,0.00,0.00,0.00,0.00,0.00,0.00,0.00
MGRE,AFFILIATED MANAGERS GROUP INC.,0.00,0.00,0.00,0.00,0.00,0.00,0.00
MGR,AFFILIATED MANAGERS GROUP INC.,0.00,0.00,0.00,0.00,0.00,0.00,0.00
MGRB,AFFILIATED MANAGERS GROUP INC.,0.00,0.00,0.00,0.00,0.00,0.00,0.00
MGRD,AFFILIATED MANAGERS GROUP INC.,0.00,0.00,0.00,0.00,0.00,0.00,0.00
BULZ,BANK OF MONTREAL /CAN/,0.00,0.00,0.00,0.00,0.00,0.00,0.00
DULL,BANK OF MONTREAL /CAN/,0.00,0.00,0.00,0.00,0.00,0.00,0.00
JETU,BANK OF MONTREAL /CAN/,0.00,0.00,0.00,0.00,0.00,0.00,0.00
JETD,BANK OF MONTREAL /CAN/,0.00,0.00,0.00,0.00,0.00,0.00,0.00
CARD,BANK OF MONTREAL /CAN/,0.00,0.00,0.00,0.00,0.00,0.00,0.00
CARU,BANK OF MONTREAL /CAN/,0.00,0.00,0.00,0.00,0.00,0.00,0.00
WTID,BANK OF MONTREAL /CAN/,0.00,0.00,0.00,0.00,0.00,0.00,0.00
WTIU,BANK OF MONTREAL /CAN/,0.00,0.00,0.00,0.00,0.00,0.00,0.00
OILD,BANK OF MONTREAL /CAN/,0.00,0.00,0.00,0.00,0.00,0.00,0.00
OILU,BANK OF MONTREAL /CAN/,0.00,0.00,0.00,0.00,0.00,0.00,0.00
SHNY,BANK OF MONTREAL /CAN/,0.00,0.00,0.00,0.00,0.00,0.00,0.00
FNGU,BANK OF MONTREAL /CAN/,0.00,0.00,0.00,0.00,0.00,0.00,0.00
GDXD,BANK OF MONTREAL /CAN/,0.00,0.00,0.00,0.00,0.00,0.00,0.00
GDXU,BANK OF MONTREAL /CAN/,0.00,0.00,0.00,0.00,0.00,0.00,0.00
FLYD,BANK OF MONTREAL /CAN/,0.00,0.00,0.00,0.00,0.00,0.00,0.00
FLYU,BANK OF MONTREAL /CAN/,0.00,0.00,0.00,0.00,0.00,0.00,0.00
LHTV,Lightstone Value Plus REIT I Inc.,0.00,0.00,0.00,0.00,0.00,0.00,0.00
SHO-PH,Sunstone Hotel Investors Inc.,0.00,0.00,0.00,0.00,0.00,0.00,0.00
SHO-PI,Sunstone Hotel Investors Inc.,0.00,0.00,0.00,0.00,0.00,0.00,0.00
DUKB,Duke Energy CORP,0.00,0.00,0.00,0.00,0.00,0.00,0.00
ISMCF,iShares S&P GSCI Commodity-Indexed Trust,0.00,0.00,0.00,0.00,0.00,0.00,0.00
FOSLL,Fossil Group Inc.,0.00,0.00,0.00,0.00,0.00,0.00,0.00
FIISO,FINANCIAL INSTITUTIONS INC,0.00,0.00,0.00,0.00,0.00,0.00,0.00
FIISP,FINANCIAL INSTITUTIONS INC,0.00,0.00,0.00,0.00,0.00,0.00,0.00
BUCRF,Burcon NutraScience Corp,0.00,0.00,0.00,0.00,0.00,0.00,0.00
LLOBF,Lloyds Banking Group plc,0.00,0.00,0.00,0.00,0.00,0.00,0.00
NEMCL,NEWMONT Corp /DE/,0.00,0.00,0.00,0.00,0.00,0.00,0.00
TRNTF,TRANSALTA CORP,0.00,0.00,0.00,0.00,0.00,0.00,0.00
TSLTF,TRANSALTA CORP,0.00,0.00,0.00,0.00,0.00,0.00,0.00
TACPF,TRANSALTA CORP,0.00,0.00,0.00,0.00,0.00,0.00,0.00
VIRAD,NEURALBASE AI LTD.,0.00,0.00,0.00,0.00,0.00,0.00,0.00
GDV-PK,GABELLI DIVIDEND & INCOME TRUST,0.00,0.00,0.00,0.00,0.00,0.00,0.00
RCKTW,ROCKET PHARMACEUTICALS INC.,0.00,0.00,0.00,0.00,0.00,0.00,0.00
VRMEW,VerifyMe Inc.,0.00,0.00,0.00,0.00,0.00,0.00,0.00
CSDX,CS DIAGNOSTICS CORP.,0.00,0.00,0.00,0.00,0.00,0.00,0.00
SLFQF,SUN LIFE FINANCIAL INC,0.00,0.00,0.00,0.00,0.00,0.00,0.00
SLFIF,SUN LIFE FINANCIAL INC,0.00,0.00,0.00,0.00,0.00,0.00,0.00
SUNFF,SUN LIFE FINANCIAL INC,0.00,0.00,0.00,0.00,0.00,0.00,0.00
AMUB,UBS AG,0.00,0.00,0.00,0.00,0.00,0.00,0.00
BDCX,UBS AG,0.00,0.00,0.00,0.00,0.00,0.00,0.00
BDCZ,UBS AG,0.00,0.00,0.00,0.00,0.00,0.00,0.00
CEFD,UBS AG,0.00,0.00,0.00,0.00,0.00,0.00,0.00
UCIB,UBS AG,0.00,0.00,0.00,0.00,0.00,0.00,0.00
USML,UBS AG,0.00,0.00,0.00,0.00,0.00,0.00,0.00
SCDL,UBS AG,0.00,0.00,0.00,0.00,0.00,0.00,0.00
SMHB,UBS AG,0.00,0.00,0.00,0.00,0.00,0.00,0.00
MVRL,UBS AG,0.00,0.00,0.00,0.00,0.00,0.00,0.00
PFFL,UBS AG,0.00,0.00,0.00,0.00,0.00,0.00,0.00
QULL,UBS AG,0.00,0.00,0.00,0.00,0.00,0.00,0.00
MLPB,UBS AG,0.00,0.00,0.00,0.00,0.00,0.00,0.00
MLPR,UBS AG,0.00,0.00,0.00,0.00,0.00,0.00,0.00
MTUL,UBS AG,0.00,0.00,0.00,0.00,0.00,0.00,0.00
IWDL,UBS AG,0.00,0.00,0.00,0.00,0.00,0.00,0.00
IWFL,UBS AG,0.00,0.00,0.00,0.00,0.00,0.00,0.00
IWML,UBS AG,0.00,0.00,0.00,0.00,0.00,0.00,0.00
HDLB,UBS AG,0.00,0.00,0.00,0.00,0.00,0.00,0.00
IFED,UBS AG,0.00,0.00,0.00,0.00,0.00,0.00,0.00
NLY-PI,ANNALY CAPITAL MANAGEMENT INC,0.00,0.00,0.00,0.00,0.00,0.00,0.00
SQFTP,Presidio Property Trust Inc.,0.00,0.00,0.00,0.00,0.00,0.00,0.00
SQFTW,Presidio Property Trust Inc.,0.00,0.00,0.00,0.00,0.00,0.00,0.00
MNLCF,MANULIFE FINANCIAL CORP,0.00,0.00,0.00,0.00,0.00,0.00,0.00
MNQFF,MANULIFE FINANCIAL CORP,0.00,0.00,0.00,0.00,0.00,0.00,0.00
MNUFF,MANULIFE FINANCIAL CORP,0.00,0.00,0.00,0.00,0.00,0.00,0.00
CWLXF,C21 Investments Inc.,0.00,0.00,0.00,0.00,0.00,0.00,0.00
C-PN,CITIGROUP INC,0.00,0.00,0.00,0.00,0.00,0.00,0.00
AGM-PE,FEDERAL AGRICULTURAL MORTGAGE CORP,0.00,0.00,0.00,0.00,0.00,0.00,0.00
AGM-PF,FEDERAL AGRICULTURAL MORTGAGE CORP,0.00,0.00,0.00,0.00,0.00,0.00,0.00
AGM-PG,FEDERAL AGRICULTURAL MORTGAGE CORP,0.00,0.00,0.00,0.00,0.00,0.00,0.00
ALIV,AUTOLIV INC,0.00,0.00,0.00,0.00,0.00,0.00,0.00
ANG-PB,American National Group Inc.,0.00,0.00,0.00,0.00,0.00,0.00,0.00
ANG-PA,American National Group Inc.,0.00,0.00,0.00,0.00,0.00,0.00,0.00
AMNGL,American National Group Inc.,0.00,0.00,0.00,0.00,0.00,0.00,0.00
GELPP,GENESIS ENERGY LP,0.00,0.00,0.00,0.00,0.00,0.00,0.00
EXEEZ,EXPAND ENERGY Corp,0.00,0.00,0.00,0.00,0.00,0.00,0.00
EXEEW,EXPAND ENERGY Corp,0.00,0.00,0.00,0.00,0.00,0.00,0.00
EXEEL,EXPAND ENERGY Corp,0.00,0.00,0.00,0.00,0.00,0.00,0.00
DCOMP,Dime Community Bancshares Inc. /NY/,0.00,0.00,0.00,0.00,0.00,0.00,0.00
DCOMG,Dime Community Bancshares Inc. /NY/,0.00,0.00,0.00,0.00,0.00,0.00,0.00
GRWTF,GREAT-WEST LIFECO INC.,0.00,0.00,0.00,0.00,0.00,0.00,0.00
GWLPF,GREAT-WEST LIFECO INC.,0.00,0.00,0.00,0.00,0.00,0.00,0.00
GRWLF,GREAT-WEST LIFECO INC.,0.00,0.00,0.00,0.00,0.00,0.00,0.00
ENBNF,ENBRIDGE INC,0.00,0.00,0.00,0.00,0.00,0.00,0.00
ENBHF,ENBRIDGE INC,0.00,0.00,0.00,0.00,0.00,0.00,0.00
ENBMF,ENBRIDGE INC,0.00,0.00,0.00,0.00,0.00,0.00,0.00
ENBOF,ENBRIDGE INC,0.00,0.00,0.00,0.00,0.00,0.00,0.00
ENBSF,ENBRIDGE INC,0.00,0.00,0.00,0.00,0.00,0.00,0.00
EBRZF,ENBRIDGE INC,0.00,0.00,0.00,0.00,0.00,0.00,0.00
EBGEF,ENBRIDGE INC,0.00,0.00,0.00,0.00,0.00,0.00,0.00
EBRGF,ENBRIDGE INC,0.00,0.00,0.00,0.00,0.00,0.00,0.00
ENBFF,ENBRIDGE INC,0.00,0.00,0.00,0.00,0.00,0.00,0.00
ENBGF,ENBRIDGE INC,0.00,0.00,0.00,0.00,0.00,0.00,0.00
ENBRF,ENBRIDGE INC,0.00,0.00,0.00,0.00,0.00,0.00,0.00
ENNPF,ENBRIDGE INC,0.00,0.00,0.00,0.00,0.00,0.00,0.00
EBBGF,ENBRIDGE INC,0.00,0.00,0.00,0.00,0.00,0.00,0.00
ALB-PA,ALBEMARLE CORP,0.00,0.00,0.00,0.00,0.00,0.00,0.00
OUTFF,OUTOKUMPU OY /FI,0.00,0.00,0.00,0.00,0.00,0.00,0.00
REGCO,REGENCY CENTERS CORP,0.00,0.00,0.00,0.00,0.00,0.00,0.00
REGCP,REGENCY CENTERS CORP,0.00,0.00,0.00,0.00,0.00,0.00,0.00
WAFDP,WAFD INC,0.00,0.00,0.00,0.00,0.00,0.00,0.00
DTB,DTE ENERGY CO,0.00,0.00,0.00,0.00,0.00,0.00,0.00
DTG,DTE ENERGY CO,0.00,0.00,0.00,0.00,0.00,0.00,0.00
ACGLN,ARCH CAPITAL GROUP LTD.,0.00,0.00,0.00,0.00,0.00,0.00,0.00
LFMDP,LifeMD Inc.,0.00,0.00,0.00,0.00,0.00,0.00,0.00
OCFCP,OCEANFIRST FINANCIAL CORP,0.00,0.00,0.00,0.00,0.00,0.00,0.00
XOMAO,XOMA Royalty Corp,0.00,0.00,0.00,0.00,0.00,0.00,0.00
XOMAP,XOMA Royalty Corp,0.00,0.00,0.00,0.00,0.00,0.00,0.00
NEE-PS,NEXTERA ENERGY INC,0.00,0.00,0.00,0.00,0.00,0.00,0.00
NEE-PT,NEXTERA ENERGY INC,0.00,0.00,0.00,0.00,0.00,0.00,0.00
NEE-PN,NEXTERA ENERGY INC,0.00,0.00,0.00,0.00,0.00,0.00,0.00
NEE-PR,NEXTERA ENERGY INC,0.00,0.00,0.00,0.00,0.00,0.00,0.00
MSEXP,MIDDLESEX WATER CO,0.00,0.00,0.00,0.00,0.00,0.00,0.00
BOH-PA,BANK OF HAWAII CORP,0.00,0.00,0.00,0.00,0.00,0.00,0.00
BOH-PB,BANK OF HAWAII CORP,0.00,0.00,0.00,0.00,0.00,0.00,0.00
MTB-PJ,M&T BANK CORP,0.00,0.00,0.00,0.00,0.00,0.00,0.00
MTB-PH,M&T BANK CORP,0.00,0.00,0.00,0.00,0.00,0.00,0.00
CMSC,CMS ENERGY CORP,0.00,0.00,0.00,0.00,0.00,0.00,0.00
CMSD,CMS ENERGY CORP,0.00,0.00,0.00,0.00,0.00,0.00,0.00
CMS-PC,CMS ENERGY CORP,0.00,0.00,0.00,0.00,0.00,0.00,0.00
GAB-PK,GABELLI EQUITY TRUST INC,0.00,0.00,0.00,0.00,0.00,0.00,0.00
CCNEP,CNB FINANCIAL CORP/PA,0.00,0.00,0.00,0.00,0.00,0.00,0.00
CFG-PE,CITIZENS FINANCIAL GROUP INC/RI,0.00,0.00,0.00,0.00,0.00,0.00,0.00
CFG-PH,CITIZENS FINANCIAL GROUP INC/RI,0.00,0.00,0.00,0.00,0.00,0.00,0.00
ONBPO,OLD NATIONAL BANCORP /IN/,0.00,0.00,0.00,0.00,0.00,0.00,0.00
ONBPP,OLD NATIONAL BANCORP /IN/,0.00,0.00,0.00,0.00,0.00,0.00,0.00
RJF-PB,RAYMOND JAMES FINANCIAL INC,0.00,0.00,0.00,0.00,0.00,0.00,0.00
ZIONP,ZIONS BANCORPORATION NATIONAL ASSOCIATION /UT/,0.00,0.00,0.00,0.00,0.00,0.00,0.00
WELPM,WISCONSIN ELECTRIC POWER CO,0.00,0.00,0.00,0.00,0.00,0.00,0.00
NTRSO,NORTHERN TRUST CORP,0.00,0.00,0.00,0.00,0.00,0.00,0.00
SCE-PN,SOUTHERN CALIFORNIA EDISON Co,0.00,0.00,0.00,0.00,0.00,0.00,0.00
SCE-PM,SOUTHERN CALIFORNIA EDISON Co,0.00,0.00,0.00,0.00,0.00,0.00,0.00
SCE-PL,SOUTHERN CALIFORNIA EDISON Co,0.00,0.00,0.00,0.00,0.00,0.00,0.00
SCE-PG,SOUTHERN CALIFORNIA EDISON Co,0.00,0.00,0.00,0.00,0.00,0.00,0.00
SCE-PJ,SOUTHERN CALIFORNIA EDISON Co,0.00,0.00,0.00,0.00,0.00,0.00,0.00
SCE-PK,SOUTHERN CALIFORNIA EDISON Co,0.00,0.00,0.00,0.00,0.00,0.00,0.00
F-PB,FORD MOTOR CO,0.00,0.00,0.00,0.00,0.00,0.00,0.00
F-PC,FORD MOTOR CO,0.00,0.00,0.00,0.00,0.00,0.00,0.00
F-PD,FORD MOTOR CO,0.00,0.00,0.00,0.00,0.00,0.00,0.00
DHCNI,DIVERSIFIED HEALTHCARE TRUST,0.00,0.00,0.00,0.00,0.00,0.00,0.00
DHCNL,DIVERSIFIED HEALTHCARE TRUST,0.00,0.00,0.00,0.00,0.00,0.00,0.00
FCUL,Golden Star Enterprises Ltd.,0.00,0.00,0.00,0.00,0.00,0.00,0.00
BC-PA,BRUNSWICK CORP,0.00,0.00,0.00,0.00,0.00,0.00,0.00
BC-PB,BRUNSWICK CORP,0.00,0.00,0.00,0.00,0.00,0.00,0.00
BC-PC,BRUNSWICK CORP,0.00,0.00,0.00,0.00,0.00,0.00,0.00
GLDI,CREDIT SUISSE AG,0.00,0.00,0.00,0.00,0.00,0.00,0.00
SLVO,CREDIT SUISSE AG,0.00,0.00,0.00,0.00,0.00,0.00,0.00
USOI,CREDIT SUISSE AG,0.00,0.00,0.00,0.00,0.00,0.00,0.00
FMCKK,FEDERAL HOME LOAN MORTGAGE CORP,0.00,0.00,0.00,0.00,0.00,0.00,0.00
FREJP,FEDERAL HOME LOAN MORTGAGE CORP,0.00,0.00,0.00,0.00,0.00,0.00,0.00
HPKEW,HighPeak Energy Inc.,0.00,0.00,0.00,0.00,0.00,0.00,0.00
MCOMW,micromobility.com Inc.,0.00,0.00,0.00,0.00,0.00,0.00,0.00
LFLYW,Leafly Holdings Inc. /DE,0.00,0.00,0.00,0.00,0.00,0.00,0.00
QSIAW,Quantum-Si Inc,0.00,0.00,0.00,0.00,0.00,0.00,0.00
RELIW,Reliance Global Group Inc.,0.00,0.00,0.00,0.00,0.00,0.00,0.00
EVLVW,Evolv Technologies Holdings Inc.,0.00,0.00,0.00,0.00,0.00,0.00,0.00
SKLTF,Seek Ltd,0.00,0.00,0.00,0.00,0.00,0.00,0.00
HPP-PC,Hudson Pacific Properties Inc.,0.00,0.00,0.00,0.00,0.00,0.00,0.00
CPER,United States Commodity Index Funds Trust,0.00,0.00,0.00,0.00,0.00,0.00,0.00
USCI,United States Commodity Index Funds Trust,0.00,0.00,0.00,0.00,0.00,0.00,0.00
PFXNZ,PhenixFIN Corp,0.00,0.00,0.00,0.00,0.00,0.00,0.00
NMFCZ,New Mountain Finance Corp,0.00,0.00,0.00,0.00,0.00,0.00,0.00
LSEAW,Landsea Homes Corp,0.00,0.00,0.00,0.00,0.00,0.00,0.00
BMTX-WT,BM Technologies Inc.,0.00,0.00,0.00,0.00,0.00,0.00,0.00
BKSY-WT,BlackSky Technology Inc.,0.00,0.00,0.00,0.00,0.00,0.00,0.00
HMLPF,Hoegh LNG Partners LP,0.00,0.00,0.00,0.00,0.00,0.00,0.00
HSDTW,HELIUS MEDICAL TECHNOLOGIES INC.,0.00,0.00,0.00,0.00,0.00,0.00,0.00
BCTXW,BriaCell Therapeutics Corp.,0.00,0.00,0.00,0.00,0.00,0.00,0.00
WAL-PA,WESTERN ALLIANCE BANCORPORATION,0.00,0.00,0.00,0.00,0.00,0.00,0.00
PSEC-PA,PROSPECT CAPITAL CORP,0.00,0.00,0.00,0.00,0.00,0.00,0.00
SEAL-PA,Seapeak LLC,0.00,0.00,0.00,0.00,0.00,0.00,0.00
SEAL-PB,Seapeak LLC,0.00,0.00,0.00,0.00,0.00,0.00,0.00
MSBIP,Midland States Bancorp Inc.,0.00,0.00,0.00,0.00,0.00,0.00,0.00
NWOEF,New Oriental Education & Technology Group Inc.,0.00,0.00,0.00,0.00,0.00,0.00,0.00
SAT,SARATOGA INVESTMENT CORP.,0.00,0.00,0.00,0.00,0.00,0.00,0.00
SAY,SARATOGA INVESTMENT CORP.,0.00,0.00,0.00,0.00,0.00,0.00,0.00
SAZ,SARATOGA INVESTMENT CORP.,0.00,0.00,0.00,0.00,0.00,0.00,0.00
SAJ,SARATOGA INVESTMENT CORP.,0.00,0.00,0.00,0.00,0.00,0.00,0.00
NGKSF,NGK Spark Plug Co. Ltd.,0.00,0.00,0.00,0.00,0.00,0.00,0.00
ATLEW,ARTELO BIOSCIENCES INC.,0.00,0.00,0.00,0.00,0.00,0.00,0.00
FBRT-PE,Franklin BSP Realty Trust Inc.,0.00,0.00,0.00,0.00,0.00,0.00,0.00
GLFHD,Galenfeha Inc.,0.00,0.00,0.00,0.00,0.00,0.00,0.00
VCMIX,Versus Capital Real Estate Fund LLC,0.00,0.00,0.00,0.00,0.00,0.00,0.00
AMPGW,AmpliTech Group Inc.,0.00,0.00,0.00,0.00,0.00,0.00,0.00
RIV-PA,RIVERNORTH OPPORTUNITIES FUND INC.,0.00,0.00,0.00,0.00,0.00,0.00,0.00
SSSSL,SURO CAPITAL CORP.,0.00,0.00,0.00,0.00,0.00,0.00,0.00
TAX,Franchise Group Inc.,0.00,0.00,0.00,0.00,0.00,0.00,0.00
GNL-PE,Global Net Lease Inc.,0.00,0.00,0.00,0.00,0.00,0.00,0.00
GNL-PD,Global Net Lease Inc.,0.00,0.00,0.00,0.00,0.00,0.00,0.00
GNL-PB,Global Net Lease Inc.,0.00,0.00,0.00,0.00,0.00,0.00,0.00
ATHS,Athene Holding Ltd.,0.00,0.00,0.00,0.00,0.00,0.00,0.00
ATH-PB,Athene Holding Ltd.,0.00,0.00,0.00,0.00,0.00,0.00,0.00
ATH-PC,Athene Holding Ltd.,0.00,0.00,0.00,0.00,0.00,0.00,0.00
ATH-PD,Athene Holding Ltd.,0.00,0.00,0.00,0.00,0.00,0.00,0.00
ATH-PE,Athene Holding Ltd.,0.00,0.00,0.00,0.00,0.00,0.00,0.00
CICB,CION Investment Corp,0.00,0.00,0.00,0.00,0.00,0.00,0.00
TRIC,TriLinc Global Impact Fund LLC,0.00,0.00,0.00,0.00,0.00,0.00,0.00
TRLC,TriLinc Global Impact Fund LLC,0.00,0.00,0.00,0.00,0.00,0.00,0.00
WHLRL,Wheeler Real Estate Investment Trust Inc.,0.00,0.00,0.00,0.00,0.00,0.00,0.00
GDHLF,GDS Holdings Ltd,0.00,0.00,0.00,0.00,0.00,0.00,0.00
PNDZF,Pandora A/S / ADR,0.00,0.00,0.00,0.00,0.00,0.00,0.00
GMBLP,ESPORTS ENTERTAINMENT GROUP INC.,0.00,0.00,0.00,0.00,0.00,0.00,0.00
GMBLW,ESPORTS ENTERTAINMENT GROUP INC.,0.00,0.00,0.00,0.00,0.00,0.00,0.00
GMBLZ,ESPORTS ENTERTAINMENT GROUP INC.,0.00,0.00,0.00,0.00,0.00,0.00,0.00
OPINL,OFFICE PROPERTIES INCOME TRUST,0.00,0.00,0.00,0.00,0.00,0.00,0.00
LTAFX,Alternative Strategies Income Fund,0.00,0.00,0.00,0.00,0.00,0.00,0.00
LTCFX,Alternative Strategies Income Fund,0.00,0.00,0.00,0.00,0.00,0.00,0.00
CLDT-PA,Chatham Lodging Trust,0.00,0.00,0.00,0.00,0.00,0.00,0.00
FGFPP,Fundamental Global Inc.,0.00,0.00,0.00,0.00,0.00,0.00,0.00
FTAIM,FTAI Aviation Ltd.,0.00,0.00,0.00,0.00,0.00,0.00,0.00
FTAIN,FTAI Aviation Ltd.,0.00,0.00,0.00,0.00,0.00,0.00,0.00
FTAIO,FTAI Aviation Ltd.,0.00,0.00,0.00,0.00,0.00,0.00,0.00
REXR-PC,Rexford Industrial Realty Inc.,0.00,0.00,0.00,0.00,0.00,0.00,0.00
FUPEY,Fuchs Petrolub SE/ADR,0.00,0.00,0.00,0.00,0.00,0.00,0.00
FUPPF,Fuchs Petrolub SE/ADR,0.00,0.00,0.00,0.00,0.00,0.00,0.00
PW-PA,Power REIT,0.00,0.00,0.00,0.00,0.00,0.00,0.00
CGBDL,Carlyle Secured Lending Inc.,0.00,0.00,0.00,0.00,0.00,0.00,0.00
BPYPM,Brookfield Property Partners L.P.,0.00,0.00,0.00,0.00,0.00,0.00,0.00
BPYPN,Brookfield Property Partners L.P.,0.00,0.00,0.00,0.00,0.00,0.00,0.00
BPYPO,Brookfield Property Partners L.P.,0.00,0.00,0.00,0.00,0.00,0.00,0.00
CPAXF,Siam Makro Public Co Limited/ADR,0.00,0.00,0.00,0.00,0.00,0.00,0.00
AUUDW,AUDDIA INC.,0.00,0.00,0.00,0.00,0.00,0.00,0.00
INBKZ,First Internet Bancorp,0.00,0.00,0.00,0.00,0.00,0.00,0.00
KDLYW,Kindly MD Inc.,0.00,0.00,0.00,0.00,0.00,0.00,0.00
SXTPW,60 DEGREES PHARMACEUTICALS INC.,0.00,0.00,0.00,0.00,0.00,0.00,0.00
LMMY,LAMY,0.00,0.00,0.00,0.00,0.00,0.00,0.00
LVWR-WT,LiveWire Group Inc.,0.00,0.00,0.00,0.00,0.00,0.00,0.00
FEAV,5E Advanced Materials Inc.,0.00,0.00,0.00,0.00,0.00,0.00,0.00
ASPCU,ASPAC III Acquisition Corp.,0.00,0.00,0.00,0.00,0.00,0.00,0.00
ASPCR,ASPAC III Acquisition Corp.,0.00,0.00,0.00,0.00,0.00,0.00,0.00
GLLIR,GLOBALINK INVESTMENT INC.,0.00,0.00,0.00,0.00,0.00,0.00,0.00
GLLIU,GLOBALINK INVESTMENT INC.,0.00,0.00,0.00,0.00,0.00,0.00,0.00
GLLIW,GLOBALINK INVESTMENT INC.,0.00,0.00,0.00,0.00,0.00,0.00,0.00
TETEU,Technology & Telecommunication Acquisition Corp,0.00,0.00,0.00,0.00,0.00,0.00,0.00
TETEW,Technology & Telecommunication Acquisition Corp,0.00,0.00,0.00,0.00,0.00,0.00,0.00
KLTOW,Klotho Neurosciences Inc.,0.00,0.00,0.00,0.00,0.00,0.00,0.00
FUFUW,Bitfufu Inc.,0.00,0.00,0.00,0.00,0.00,0.00,0.00
DMYY-UN,dMY Squared Technology Group Inc.,0.00,0.00,0.00,0.00,0.00,0.00,0.00
DMYY-WT,dMY Squared Technology Group Inc.,0.00,0.00,0.00,0.00,0.00,0.00,0.00
STXYF,SatixFy Communications Ltd.,0.00,0.00,0.00,0.00,0.00,0.00,0.00
EUDAW,EUDA Health Holdings Ltd,0.00,0.00,0.00,0.00,0.00,0.00,0.00
HAIUF,Healthcare AI Acquisition Corp.,0.00,0.00,0.00,0.00,0.00,0.00,0.00
HAIWF,Healthcare AI Acquisition Corp.,0.00,0.00,0.00,0.00,0.00,0.00,0.00
BLDEW,Blade Air Mobility Inc.,0.00,0.00,0.00,0.00,0.00,0.00,0.00
SLDPW,Solid Power Inc.,0.00,0.00,0.00,0.00,0.00,0.00,0.00
PLMJW,Plum Acquisition Corp. III,0.00,0.00,0.00,0.00,0.00,0.00,0.00
PLMJU,Plum Acquisition Corp. III,0.00,0.00,0.00,0.00,0.00,0.00,0.00
AOMN,Angel Oak Mortgage REIT Inc.,0.00,0.00,0.00,0.00,0.00,0.00,0.00
ZCARW,Zoomcar Holdings Inc.,0.00,0.00,0.00,0.00,0.00,0.00,0.00
DC-WT,Dakota Gold Corp.,0.00,0.00,0.00,0.00,0.00,0.00,0.00
ALSUF,Alpha Star Acquisition Corp,0.00,0.00,0.00,0.00,0.00,0.00,0.00
ALSTF,Alpha Star Acquisition Corp,0.00,0.00,0.00,0.00,0.00,0.00,0.00
ALSWF,Alpha Star Acquisition Corp,0.00,0.00,0.00,0.00,0.00,0.00,0.00
DSAQW,Direct Selling Acquisition Corp.,0.00,0.00,0.00,0.00,0.00,0.00,0.00
GLEI,Galaxy Enterprises Inc. /WY/,0.00,0.00,0.00,0.00,0.00,0.00,0.00
RBTCW,Rubicon Technologies Inc.,0.00,0.00,0.00,0.00,0.00,0.00,0.00
DSAQU,Direct Selling Acquisition Corp.,0.00,0.00,0.00,0.00,0.00,0.00,0.00
LARAX,Lord Abbett Credit Opportunities Fund,0.00,0.00,0.00,0.00,0.00,0.00,0.00
CELUW,Celularity Inc,0.00,0.00,0.00,0.00,0.00,0.00,0.00
PSPX,Pacific Sports Exchange Inc.,0.00,0.00,0.00,0.00,0.00,0.00,0.00
PDSKX,Principal Real Asset Fund,0.00,0.00,0.00,0.00,0.00,0.00,0.00
NRXPW,NRX Pharmaceuticals Inc.,0.00,0.00,0.00,0.00,0.00,0.00,0.00
FATBP,Fat Brands Inc,0.00,0.00,0.00,0.00,0.00,0.00,0.00
FATBW,Fat Brands Inc,0.00,0.00,0.00,0.00,0.00,0.00,0.00
GPMT-PA,Granite Point Mortgage Trust Inc.,0.00,0.00,0.00,0.00,0.00,0.00,0.00
NVNBW,enVVeno Medical Corp,0.00,0.00,0.00,0.00,0.00,0.00,0.00
HTZWW,HERTZ GLOBAL HOLDINGS INC,0.00,0.00,0.00,0.00,0.00,0.00,0.00
LENDX,Stone Ridge Trust V,0.00,0.00,0.00,0.00,0.00,0.00,0.00
METCZ,Ramaco Resources Inc.,0.00,0.00,0.00,0.00,0.00,0.00,0.00
METCB,Ramaco Resources Inc.,0.00,0.00,0.00,0.00,0.00,0.00,0.00
LTRYW,Lottery.com Inc.,0.00,0.00,0.00,0.00,0.00,0.00,0.00
METCL,Ramaco Resources Inc.,0.00,0.00,0.00,0.00,0.00,0.00,0.00
NESRW,National Energy Services Reunited Corp.,0.00,0.00,0.00,0.00,0.00,0.00,0.00
TFLM,Tofla Megaline Inc.,0.00,0.00,0.00,0.00,0.00,0.00,0.00
LSEB,LSEB Creative Corp.,0.00,0.00,0.00,0.00,0.00,0.00,0.00
UHGI,Ultimate Holdings Group Inc.,0.00,0.00,0.00,0.00,0.00,0.00,0.00
PLSAY,Polestar Automotive Holding UK PLC,0.00,0.00,0.00,0.00,0.00,0.00,0.00
ACLEW,Alternus Clean Energy Inc.,0.00,0.00,0.00,0.00,0.00,0.00,0.00
SPKLU,Spark I Acquisition Corp,0.00,0.00,0.00,0.00,0.00,0.00,0.00
SPKLW,Spark I Acquisition Corp,0.00,0.00,0.00,0.00,0.00,0.00,0.00
DRTSW,Alpha Tau Medical Ltd.,0.00,0.00,0.00,0.00,0.00,0.00,0.00
GRAMW,Gold Flora Corp.,0.00,0.00,0.00,0.00,0.00,0.00,0.00
SWVLW,Swvl Holdings Corp,0.00,0.00,0.00,0.00,0.00,0.00,0.00
CDROW,Codere Online Luxembourg S.A.,0.00,0.00,0.00,0.00,0.00,0.00,0.00
FGN,F&G Annuities & Life Inc.,0.00,0.00,0.00,0.00,0.00,0.00,0.00
SDAWW,SunCar Technology Group Inc.,0.00,0.00,0.00,0.00,0.00,0.00,0.00
HOVRW,New Horizon Aircraft Ltd.,0.00,0.00,0.00,0.00,0.00,0.00,0.00
TANAF,Tian'an Technology Group Ltd,0.00,0.00,0.00,0.00,0.00,0.00,0.00
OAKUW,Oak Woods Acquisition Corp,0.00,0.00,0.00,0.00,0.00,0.00,0.00
OAKUR,Oak Woods Acquisition Corp,0.00,0.00,0.00,0.00,0.00,0.00,0.00
SVREW,SaverOne 2014 Ltd.,0.00,0.00,0.00,0.00,0.00,0.00,0.00
EVGRU,Evergreen Corp,0.00,0.00,0.00,0.00,0.00,0.00,0.00
EVGRW,Evergreen Corp,0.00,0.00,0.00,0.00,0.00,0.00,0.00
PGDE,PGD ECO SOLUTIONS,0.00,0.00,0.00,0.00,0.00,0.00,0.00
MCAGR,Mountain Crest Acquisition Corp. V,0.00,0.00,0.00,0.00,0.00,0.00,0.00
MCAGU,Mountain Crest Acquisition Corp. V,0.00,0.00,0.00,0.00,0.00,0.00,0.00
FNVWF,Finnovate Acquisition Corp.,0.00,0.00,0.00,0.00,0.00,0.00,0.00
FNVUF,Finnovate Acquisition Corp.,0.00,0.00,0.00,0.00,0.00,0.00,0.00
DCFWQ,Tritium DCFC Ltd,0.00,0.00,0.00,0.00,0.00,0.00,0.00
AMODW,ALPHA MODUS HOLDINGS INC.,0.00,0.00,0.00,0.00,0.00,0.00,0.00
CTSUF,Cactus Acquisition Corp. 1 Ltd,0.00,0.00,0.00,0.00,0.00,0.00,0.00
CTSWF,Cactus Acquisition Corp. 1 Ltd,0.00,0.00,0.00,0.00,0.00,0.00,0.00
JVSAU,JVSPAC Acquisition Corp.,0.00,0.00,0.00,0.00,0.00,0.00,0.00
JVSAR,JVSPAC Acquisition Corp.,0.00,0.00,0.00,0.00,0.00,0.00,0.00
SEATW,Vivid Seats Inc.,0.00,0.00,0.00,0.00,0.00,0.00,0.00
PUCKU,Goal Acquisitions Corp.,0.00,0.00,0.00,0.00,0.00,0.00,0.00
PUCKW,Goal Acquisitions Corp.,0.00,0.00,0.00,0.00,0.00,0.00,0.00
GATEU,Marblegate Acquisition Corp.,0.00,0.00,0.00,0.00,0.00,0.00,0.00
GATEW,Marblegate Acquisition Corp.,0.00,0.00,0.00,0.00,0.00,0.00,0.00
UKOMW,Ucommune International Ltd,0.00,0.00,0.00,0.00,0.00,0.00,0.00
HLLY-WT,Holley Inc.,0.00,0.00,0.00,0.00,0.00,0.00,0.00
FRBP,Franklin BSP Capital Corp,0.00,0.00,0.00,0.00,0.00,0.00,0.00
OCAXU,OCA Acquisition Corp.,0.00,0.00,0.00,0.00,0.00,0.00,0.00
OCAXW,OCA Acquisition Corp.,0.00,0.00,0.00,0.00,0.00,0.00,0.00
GRND-WT,Grindr Inc.,0.00,0.00,0.00,0.00,0.00,0.00,0.00
SES-WT,SES AI Corp,0.00,0.00,0.00,0.00,0.00,0.00,0.00
BFRGW,BullFrog AI Holdings Inc.,0.00,0.00,0.00,0.00,0.00,0.00,0.00
AUROW,Aurora Innovation Inc.,0.00,0.00,0.00,0.00,0.00,0.00,0.00
PCTTU,PureCycle Technologies Inc.,0.00,0.00,0.00,0.00,0.00,0.00,0.00
PCTTW,PureCycle Technologies Inc.,0.00,0.00,0.00,0.00,0.00,0.00,0.00
IRAAU,Iris Acquisition Corp,0.00,0.00,0.00,0.00,0.00,0.00,0.00
IRAAW,Iris Acquisition Corp,0.00,0.00,0.00,0.00,0.00,0.00,0.00
GLCP,GLOBAL LEADERS CORP,0.00,0.00,0.00,0.00,0.00,0.00,0.00
RCIAX,Alternative Credit Income Fund,0.00,0.00,0.00,0.00,0.00,0.00,0.00
QTZM,Quantumzyme Corp.,0.00,0.00,0.00,0.00,0.00,0.00,0.00
NOEMU,CO2 Energy Transition Corp.,0.00,0.00,0.00,0.00,0.00,0.00,0.00
BCGWW,Binah Capital Group Inc.,0.00,0.00,0.00,0.00,0.00,0.00,0.00
QLUNF,Qilun Group Inc.,0.00,0.00,0.00,0.00,0.00,0.00,0.00
OAKUU,Oak Woods Acquisition Corp,0.00,0.00,0.00,0.00,0.00,0.00,0.00
SRKKS,Public Shrek Royalties LLC,0.00,0.00,0.00,0.00,0.00,0.00,0.00
USGOW,U.S. GoldMining Inc.,0.00,0.00,0.00,0.00,0.00,0.00,0.00
RDPTF,Radiopharm Theranostics Ltd,0.00,0.00,0.00,0.00,0.00,0.00,0.00
CLGDF,Aris Mining Corp,0.00,0.00,0.00,0.00,0.00,0.00,0.00
BHFAM,Brighthouse Financial Inc.,0.00,0.00,0.00,0.00,0.00,0.00,0.00
BHFAN,Brighthouse Financial Inc.,0.00,0.00,0.00,0.00,0.00,0.00,0.00
BHFAO,Brighthouse Financial Inc.,0.00,0.00,0.00,0.00,0.00,0.00,0.00
HHEGF,Huahui Education Group Ltd,0.00,0.00,0.00,0.00,0.00,0.00,0.00
VFLEX,FIRST TRUST ALTERNATIVE OPPORTUNITIES FUND,0.00,0.00,0.00,0.00,0.00,0.00,0.00
FCREX,FS Credit Income Fund,0.00,0.00,0.00,0.00,0.00,0.00,0.00
STSR,Strategic Student & Senior Housing Trust Inc.,0.00,0.00,0.00,0.00,0.00,0.00,0.00
AMLIF,American Lithium Corp.,0.00,0.00,0.00,0.00,0.00,0.00,0.00
OWSCX,1WS Credit Income Fund,0.00,0.00,0.00,0.00,0.00,0.00,0.00
GSMGW,Cheer Holding Inc.,0.00,0.00,0.00,0.00,0.00,0.00,0.00
HOFVW,Hall of Fame Resort & Entertainment Co,0.00,0.00,0.00,0.00,0.00,0.00,0.00
AGNCO,AGNC Investment Corp.,0.00,0.00,0.00,0.00,0.00,0.00,0.00
AGNCP,AGNC Investment Corp.,0.00,0.00,0.00,0.00,0.00,0.00,0.00
AGNCL,AGNC Investment Corp.,0.00,0.00,0.00,0.00,0.00,0.00,0.00
KPHMW,KIORA PHARMACEUTICALS INC,0.00,0.00,0.00,0.00,0.00,0.00,0.00
SBFMW,Sunshine Biopharma Inc.,0.00,0.00,0.00,0.00,0.00,0.00,0.00
GNRSQ,Greenrose Holding Co Inc.,0.00,0.00,0.00,0.00,0.00,0.00,0.00
KPLTW,Katapult Holdings Inc.,0.00,0.00,0.00,0.00,0.00,0.00,0.00
VENAF,MicroAlgo Inc.,0.00,0.00,0.00,0.00,0.00,0.00,0.00
BFLY-WT,Butterfly Network Inc.,0.00,0.00,0.00,0.00,0.00,0.00,0.00
LGHLW,Lion Group Holding Ltd,0.00,0.00,0.00,0.00,0.00,0.00,0.00
LUCYW,Innovative Eyewear Inc,0.00,0.00,0.00,0.00,0.00,0.00,0.00
ABLLL,Abacus Life Inc.,0.00,0.00,0.00,0.00,0.00,0.00,0.00
ABLLW,Abacus Life Inc.,0.00,0.00,0.00,0.00,0.00,0.00,0.00
IMTXW,Immatics N.V.,0.00,0.00,0.00,0.00,0.00,0.00,0.00
OWLTW,Owlet Inc.,0.00,0.00,0.00,0.00,0.00,0.00,0.00
GWH-WT,ESS Tech Inc.,0.00,0.00,0.00,0.00,0.00,0.00,0.00
HUMAW,Humacyte Inc.,0.00,0.00,0.00,0.00,0.00,0.00,0.00
JXN-PA,Jackson Financial Inc.,0.00,0.00,0.00,0.00,0.00,0.00,0.00
QRTEP,Qurate Retail Inc.,0.00,0.00,0.00,0.00,0.00,0.00,0.00
GIGGF,Giga Metals Corp,0.00,0.00,0.00,0.00,0.00,0.00,0.00
DESLF,DIRTT ENVIRONMENTAL SOLUTIONS LTD,0.00,0.00,0.00,0.00,0.00,0.00,0.00
GAINN,GLADSTONE INVESTMENT CORPORATION\DE,0.00,0.00,0.00,0.00,0.00,0.00,0.00
GAINZ,GLADSTONE INVESTMENT CORPORATION\DE,0.00,0.00,0.00,0.00,0.00,0.00,0.00
GAINI,GLADSTONE INVESTMENT CORPORATION\DE,0.00,0.00,0.00,0.00,0.00,0.00,0.00
BKDT,Brookdale Senior Living Inc.,0.00,0.00,0.00,0.00,0.00,0.00,0.00
LIXTW,LIXTE BIOTECHNOLOGY HOLDINGS INC.,0.00,0.00,0.00,0.00,0.00,0.00,0.00
AQNB,ALGONQUIN POWER & UTILITIES CORP.,0.00,0.00,0.00,0.00,0.00,0.00,0.00
AGQPF,ALGONQUIN POWER & UTILITIES CORP.,0.00,0.00,0.00,0.00,0.00,0.00,0.00
PFH,PRUDENTIAL FINANCIAL INC,0.00,0.00,0.00,0.00,0.00,0.00,0.00
NHPBP,National Healthcare Properties Inc.,0.00,0.00,0.00,0.00,0.00,0.00,0.00
TNONW,Tenon Medical Inc.,0.00,0.00,0.00,0.00,0.00,0.00,0.00
PRH,PRUDENTIAL FINANCIAL INC,0.00,0.00,0.00,0.00,0.00,0.00,0.00
PRS,PRUDENTIAL FINANCIAL INC,0.00,0.00,0.00,0.00,0.00,0.00,0.00
RITM-PA,Rithm Capital Corp.,0.00,0.00,0.00,0.00,0.00,0.00,0.00
RITM-PB,Rithm Capital Corp.,0.00,0.00,0.00,0.00,0.00,0.00,0.00
RITM-PC,Rithm Capital Corp.,0.00,0.00,0.00,0.00,0.00,0.00,0.00
RITM-PD,Rithm Capital Corp.,0.00,0.00,0.00,0.00,0.00,0.00,0.00
PRIF-PJ,Priority Income Fund Inc.,0.00,0.00,0.00,0.00,0.00,0.00,0.00
PRIF-PK,Priority Income Fund Inc.,0.00,0.00,0.00,0.00,0.00,0.00,0.00
PRIF-PL,Priority Income Fund Inc.,0.00,0.00,0.00,0.00,0.00,0.00,0.00
PRIF-PD,Priority Income Fund Inc.,0.00,0.00,0.00,0.00,0.00,0.00,0.00
PRIF-PF,Priority Income Fund Inc.,0.00,0.00,0.00,0.00,0.00,0.00,0.00
PRIF-PH,Priority Income Fund Inc.,0.00,0.00,0.00,0.00,0.00,0.00,0.00
PRIF-PI,Priority Income Fund Inc.,0.00,0.00,0.00,0.00,0.00,0.00,0.00
VSSYW,Versus Systems Inc.,0.00,0.00,0.00,0.00,0.00,0.00,0.00
BTBDW,BT Brands Inc.,0.00,0.00,0.00,0.00,0.00,0.00,0.00
ATNFW,180 Life Sciences Corp.,0.00,0.00,0.00,0.00,0.00,0.00,0.00
PFFLX,PIMCO Flexible Credit Income Fund,0.00,0.00,0.00,0.00,0.00,0.00,0.00
SACH-PA,Sachem Capital Corp.,0.00,0.00,0.00,0.00,0.00,0.00,0.00
SCCC,Sachem Capital Corp.,0.00,0.00,0.00,0.00,0.00,0.00,0.00
SCCD,Sachem Capital Corp.,0.00,0.00,0.00,0.00,0.00,0.00,0.00
SCCE,Sachem Capital Corp.,0.00,0.00,0.00,0.00,0.00,0.00,0.00
SCCF,Sachem Capital Corp.,0.00,0.00,0.00,0.00,0.00,0.00,0.00
SCCG,Sachem Capital Corp.,0.00,0.00,0.00,0.00,0.00,0.00,0.00
TRTN-PB,Triton International Ltd,0.00,0.00,0.00,0.00,0.00,0.00,0.00
NRSAX,NEXPOINT REAL ESTATE STRATEGIES FUND,0.00,0.00,0.00,0.00,0.00,0.00,0.00
GECCI,Great Elm Capital Corp.,0.00,0.00,0.00,0.00,0.00,0.00,0.00
GECCH,Great Elm Capital Corp.,0.00,0.00,0.00,0.00,0.00,0.00,0.00
GECCZ,Great Elm Capital Corp.,0.00,0.00,0.00,0.00,0.00,0.00,0.00
NTRBW,NutriBand Inc.,0.00,0.00,0.00,0.00,0.00,0.00,0.00
GECCO,Great Elm Capital Corp.,0.00,0.00,0.00,0.00,0.00,0.00,0.00
CVE-WT,CENOVUS ENERGY INC.,0.00,0.00,0.00,0.00,0.00,0.00,0.00
CNVEF,CENOVUS ENERGY INC.,0.00,0.00,0.00,0.00,0.00,0.00,0.00
SBBA,Scorpio Tankers Inc.,0.00,0.00,0.00,0.00,0.00,0.00,0.00
WLLBW,Chord Energy Corp,0.00,0.00,0.00,0.00,0.00,0.00,0.00
LANDO,GLADSTONE LAND Corp,0.00,0.00,0.00,0.00,0.00,0.00,0.00
CANE,Teucrium Commodity Trust,0.00,0.00,0.00,0.00,0.00,0.00,0.00
TAGS,Teucrium Commodity Trust,0.00,0.00,0.00,0.00,0.00,0.00,0.00
WEAT,Teucrium Commodity Trust,0.00,0.00,0.00,0.00,0.00,0.00,0.00
SOYB,Teucrium Commodity Trust,0.00,0.00,0.00,0.00,0.00,0.00,0.00
CORN,Teucrium Commodity Trust,0.00,0.00,0.00,0.00,0.00,0.00,0.00
ATLCL,Atlanticus Holdings Corp,0.00,0.00,0.00,0.00,0.00,0.00,0.00
ATLCP,Atlanticus Holdings Corp,0.00,0.00,0.00,0.00,0.00,0.00,0.00
ATLCZ,Atlanticus Holdings Corp,0.00,0.00,0.00,0.00,0.00,0.00,0.00
NTTDF,NTT Data Corp,0.00,0.00,0.00,0.00,0.00,0.00,0.00
HYZNW,Hyzon Motors Inc.,0.00,0.00,0.00,0.00,0.00,0.00,0.00
IHICF,IHI Corporation/ADR,0.00,0.00,0.00,0.00,0.00,0.00,0.00
FSHPU,Flag Ship Acquisition Corp,0.00,0.00,0.00,0.00,0.00,0.00,0.00
FSHPR,Flag Ship Acquisition Corp,0.00,0.00,0.00,0.00,0.00,0.00,0.00
BEAGR,Bold Eagle Acquisition Corp.,0.00,0.00,0.00,0.00,0.00,0.00,0.00
BEAGU,Bold Eagle Acquisition Corp.,0.00,0.00,0.00,0.00,0.00,0.00,0.00
TTTPF,Nexxen International Ltd.,0.00,0.00,0.00,0.00,0.00,0.00,0.00
ONMDW,OneMedNet Corp,0.00,0.00,0.00,0.00,0.00,0.00,0.00
AYWWF,Ayr Wellness Inc.,0.00,0.00,0.00,0.00,0.00,0.00,0.00
OKMN,OKMIN RESOURCES INC.,0.00,0.00,0.00,0.00,0.00,0.00,0.00
MITAU,Coliseum Acquisition Corp.,0.00,0.00,0.00,0.00,0.00,0.00,0.00
CSTUF,Constellation Acquisition Corp I,0.00,0.00,0.00,0.00,0.00,0.00,0.00
CSTWF,Constellation Acquisition Corp I,0.00,0.00,0.00,0.00,0.00,0.00,0.00
GROY-WT,Gold Royalty Corp.,0.00,0.00,0.00,0.00,0.00,0.00,0.00
SLMUF,Slam Corp.,0.00,0.00,0.00,0.00,0.00,0.00,0.00
SLMWF,Slam Corp.,0.00,0.00,0.00,0.00,0.00,0.00,0.00
ARBKL,Argo Blockchain Plc,0.00,0.00,0.00,0.00,0.00,0.00,0.00
BNAIW,Brand Engagement Network Inc.,0.00,0.00,0.00,0.00,0.00,0.00,0.00
CSLRW,Complete Solaria Inc.,0.00,0.00,0.00,0.00,0.00,0.00,0.00
FIGP,Forge Group Inc.,0.00,0.00,0.00,0.00,0.00,0.00,0.00
AISPW,Airship AI Holdings Inc.,0.00,0.00,0.00,0.00,0.00,0.00,0.00
FAASW,DIGIASIA CORP.,0.00,0.00,0.00,0.00,0.00,0.00,0.00
GROVW,Grove Collaborative Holdings Inc.,0.00,0.00,0.00,0.00,0.00,0.00,0.00
EONR-WT,EON Resources Inc.,0.00,0.00,0.00,0.00,0.00,0.00,0.00
SQLLW,ATLANTIC INTERNATIONAL CORP.,0.00,0.00,0.00,0.00,0.00,0.00,0.00
PSOIX,Palmer Square Opportunistic Income Fund,0.00,0.00,0.00,0.00,0.00,0.00,0.00
ECCC,Eagle Point Credit Co Inc.,0.00,0.00,0.00,0.00,0.00,0.00,0.00
ECC-PD,Eagle Point Credit Co Inc.,0.00,0.00,0.00,0.00,0.00,0.00,0.00
ECCV,Eagle Point Credit Co Inc.,0.00,0.00,0.00,0.00,0.00,0.00,0.00
ECCF,Eagle Point Credit Co Inc.,0.00,0.00,0.00,0.00,0.00,0.00,0.00
ECCU,Eagle Point Credit Co Inc.,0.00,0.00,0.00,0.00,0.00,0.00,0.00
ECCW,Eagle Point Credit Co Inc.,0.00,0.00,0.00,0.00,0.00,0.00,0.00
CTRVP,Hepion Pharmaceuticals Inc.,0.00,0.00,0.00,0.00,0.00,0.00,0.00
RWAYL,Runway Growth Finance Corp.,0.00,0.00,0.00,0.00,0.00,0.00,0.00
TRTN-PC,Triton International Ltd,0.00,0.00,0.00,0.00,0.00,0.00,0.00
TRTN-PD,Triton International Ltd,0.00,0.00,0.00,0.00,0.00,0.00,0.00
TRTN-PE,Triton International Ltd,0.00,0.00,0.00,0.00,0.00,0.00,0.00
RWAYZ,Runway Growth Finance Corp.,0.00,0.00,0.00,0.00,0.00,0.00,0.00
RVMDW,Revolution Medicines Inc.,0.00,0.00,0.00,0.00,0.00,0.00,0.00
CRTDW,Creatd Inc.,0.00,0.00,0.00,0.00,0.00,0.00,0.00
NXDT-PA,NEXPOINT DIVERSIFIED REAL ESTATE TRUST,0.00,0.00,0.00,0.00,0.00,0.00,0.00
ACR-PC,ACRES Commercial Realty Corp.,0.00,0.00,0.00,0.00,0.00,0.00,0.00
ACR-PD,ACRES Commercial Realty Corp.,0.00,0.00,0.00,0.00,0.00,0.00,0.00
AHL-PE,ASPEN INSURANCE HOLDINGS LTD,0.00,0.00,0.00,0.00,0.00,0.00,0.00
AHL-PF,ASPEN INSURANCE HOLDINGS LTD,0.00,0.00,0.00,0.00,0.00,0.00,0.00
MFICL,MidCap Financial Investment Corp,0.00,0.00,0.00,0.00,0.00,0.00,0.00
DSHKN,Drive Shack Inc.,0.00,0.00,0.00,0.00,0.00,0.00,0.00
DSHKO,Drive Shack Inc.,0.00,0.00,0.00,0.00,0.00,0.00,0.00
DSHKP,Drive Shack Inc.,0.00,0.00,0.00,0.00,0.00,0.00,0.00
DNMRW,Danimer Scientific Inc.,0.00,0.00,0.00,0.00,0.00,0.00,0.00
GOODN,GLADSTONE COMMERCIAL CORP,0.00,0.00,0.00,0.00,0.00,0.00,0.00
GOODO,GLADSTONE COMMERCIAL CORP,0.00,0.00,0.00,0.00,0.00,0.00,0.00
ADNWW,ADVENT TECHNOLOGIES HOLDINGS INC.,0.00,0.00,0.00,0.00,0.00,0.00,0.00
COEPW,Coeptis Therapeutics Holdings Inc.,0.00,0.00,0.00,0.00,0.00,0.00,0.00
SHOTW,Safety Shot Inc.,0.00,0.00,0.00,0.00,0.00,0.00,0.00
OBTC,Osprey Bitcoin Trust,0.00,0.00,0.00,0.00,0.00,0.00,0.00
ILLRW,Triller Group Inc.,0.00,0.00,0.00,0.00,0.00,0.00,0.00
ADVWW,Advantage Solutions Inc.,0.00,0.00,0.00,0.00,0.00,0.00,0.00
KKRS,KKR & Co. Inc.,0.00,0.00,0.00,0.00,0.00,0.00,0.00
GDL-PC,GDL FUND,0.00,0.00,0.00,0.00,0.00,0.00,0.00
AUB-PA,Atlantic Union Bankshares Corp,0.00,0.00,0.00,0.00,0.00,0.00,0.00
BFS-PE,SAUL CENTERS INC.,0.00,0.00,0.00,0.00,0.00,0.00,0.00
RWTN,REDWOOD TRUST INC,0.00,0.00,0.00,0.00,0.00,0.00,0.00
RWTO,REDWOOD TRUST INC,0.00,0.00,0.00,0.00,0.00,0.00,0.00
RWT-PA,REDWOOD TRUST INC,0.00,0.00,0.00,0.00,0.00,0.00,0.00
SSRGF,SSR MINING INC.,0.00,0.00,0.00,0.00,0.00,0.00,0.00
MLCMF,MILLICOM INTERNATIONAL CELLULAR SA,0.00,0.00,0.00,0.00,0.00,0.00,0.00
HCIIP,HCI Group Inc.,0.00,0.00,0.00,0.00,0.00,0.00,0.00
NNDNF,NIDEC CORP,0.00,0.00,0.00,0.00,0.00,0.00,0.00
PAAPU,PLAINS ALL AMERICAN PIPELINE LP,0.00,0.00,0.00,0.00,0.00,0.00,0.00
RBMCF,ROYAL BANK OF CANADA,0.00,0.00,0.00,0.00,0.00,0.00,0.00
RBCPF,ROYAL BANK OF CANADA,0.00,0.00,0.00,0.00,0.00,0.00,0.00
RYLBF,ROYAL BANK OF CANADA,0.00,0.00,0.00,0.00,0.00,0.00,0.00
WTFCP,WINTRUST FINANCIAL CORP,0.00,0.00,0.00,0.00,0.00,0.00,0.00
SKMTF,SK TELECOM CO LTD,0.00,0.00,0.00,0.00,0.00,0.00,0.00
ELPC,ENERGY CO OF PARANA,0.00,0.00,0.00,0.00,0.00,0.00,0.00
RILYG,B. Riley Financial Inc.,0.00,0.00,0.00,0.00,0.00,0.00,0.00
RILYK,B. Riley Financial Inc.,0.00,0.00,0.00,0.00,0.00,0.00,0.00
RILYL,B. Riley Financial Inc.,0.00,0.00,0.00,0.00,0.00,0.00,0.00
RILYM,B. Riley Financial Inc.,0.00,0.00,0.00,0.00,0.00,0.00,0.00
RILYN,B. Riley Financial Inc.,0.00,0.00,0.00,0.00,0.00,0.00,0.00
SHZNF,Shenzhen Expressway Co. / ADR,0.00,0.00,0.00,0.00,0.00,0.00,0.00
RILYP,B. Riley Financial Inc.,0.00,0.00,0.00,0.00,0.00,0.00,0.00
RILYT,B. Riley Financial Inc.,0.00,0.00,0.00,0.00,0.00,0.00,0.00
RILYZ,B. Riley Financial Inc.,0.00,0.00,0.00,0.00,0.00,0.00,0.00
EFC-PD,Ellington Financial Inc.,0.00,0.00,0.00,0.00,0.00,0.00,0.00
EFC-PA,Ellington Financial Inc.,0.00,0.00,0.00,0.00,0.00,0.00,0.00
EFC-PB,Ellington Financial Inc.,0.00,0.00,0.00,0.00,0.00,0.00,0.00
EFC-PC,Ellington Financial Inc.,0.00,0.00,0.00,0.00,0.00,0.00,0.00
INN-PF,Summit Hotel Properties Inc.,0.00,0.00,0.00,0.00,0.00,0.00,0.00
HWLDF,H World Group Ltd,0.00,0.00,0.00,0.00,0.00,0.00,0.00
HTFB,Horizon Technology Finance Corp,0.00,0.00,0.00,0.00,0.00,0.00,0.00
HTFC,Horizon Technology Finance Corp,0.00,0.00,0.00,0.00,0.00,0.00,0.00
OFSSH,OFS Capital Corp,0.00,0.00,0.00,0.00,0.00,0.00,0.00
CCIA,Carlyle Credit Income Fund,0.00,0.00,0.00,0.00,0.00,0.00,0.00
YKLTF,Yakult Honsha Co. LTD/ADR,0.00,0.00,0.00,0.00,0.00,0.00,0.00
BEPH,Brookfield Renewable Partners L.P.,0.00,0.00,0.00,0.00,0.00,0.00,0.00
BEPI,Brookfield Renewable Partners L.P.,0.00,0.00,0.00,0.00,0.00,0.00,0.00
BEP-PA,Brookfield Renewable Partners L.P.,0.00,0.00,0.00,0.00,0.00,0.00,0.00
BRENF,Brookfield Renewable Partners L.P.,0.00,0.00,0.00,0.00,0.00,0.00,0.00
BEPJ,Brookfield Renewable Partners L.P.,0.00,0.00,0.00,0.00,0.00,0.00,0.00
CRSLF,carsales.com Limited/ADR,0.00,0.00,0.00,0.00,0.00,0.00,0.00
BIAFW,bioAffinity Technologies Inc.,0.00,0.00,0.00,0.00,0.00,0.00,0.00
CADCX,CION Ares Diversified Credit Fund,0.00,0.00,0.00,0.00,0.00,0.00,0.00
ZTOEF,ZTO Express (Cayman) Inc.,0.00,0.00,0.00,0.00,0.00,0.00,0.00
SYTAW,Siyata Mobile Inc.,0.00,0.00,0.00,0.00,0.00,0.00,0.00
HPE-PC,Hewlett Packard Enterprise Co,0.00,0.00,0.00,0.00,0.00,0.00,0.00
DATSW,DatChat Inc.,0.00,0.00,0.00,0.00,0.00,0.00,0.00
AREBW,AMERICAN REBEL HOLDINGS INC,0.00,0.00,0.00,0.00,0.00,0.00,0.00
MAPSW,WM TECHNOLOGY INC.,0.00,0.00,0.00,0.00,0.00,0.00,0.00
CPRDX,Clarion Partners Real Estate Income Fund Inc.,0.00,0.00,0.00,0.00,0.00,0.00,0.00
MPLNW,MultiPlan Corp,0.00,0.00,0.00,0.00,0.00,0.00,0.00
JSPRW,Jasper Therapeutics Inc.,0.00,0.00,0.00,0.00,0.00,0.00,0.00
NREF-PA,NexPoint Real Estate Finance Inc.,0.00,0.00,0.00,0.00,0.00,0.00,0.00
MNTSW,Momentus Inc.,0.00,0.00,0.00,0.00,0.00,0.00,0.00
GTECW,Greenland Technologies Holding Corp.,0.00,0.00,0.00,0.00,0.00,0.00,0.00
CCLFX,Cliffwater Corporate Lending Fund,0.00,0.00,0.00,0.00,0.00,0.00,0.00
RVPHW,REVIVA PHARMACEUTICALS HOLDINGS INC.,0.00,0.00,0.00,0.00,0.00,0.00,0.00
ALTG-PA,ALTA EQUIPMENT GROUP INC.,0.00,0.00,0.00,0.00,0.00,0.00,0.00
MVSTW,Microvast Holdings Inc.,0.00,0.00,0.00,0.00,0.00,0.00,0.00
XELAP,Exela Technologies Inc.,0.00,0.00,0.00,0.00,0.00,0.00,0.00
MBINM,Merchants Bancorp,0.00,0.00,0.00,0.00,0.00,0.00,0.00
MBINL,Merchants Bancorp,0.00,0.00,0.00,0.00,0.00,0.00,0.00
MBINN,Merchants Bancorp,0.00,0.00,0.00,0.00,0.00,0.00,0.00
MBINO,Merchants Bancorp,0.00,0.00,0.00,0.00,0.00,0.00,0.00
BWNB,Babcock & Wilcox Enterprises Inc.,0.00,0.00,0.00,0.00,0.00,0.00,0.00
BW-PA,Babcock & Wilcox Enterprises Inc.,0.00,0.00,0.00,0.00,0.00,0.00,0.00
BWSN,Babcock & Wilcox Enterprises Inc.,0.00,0.00,0.00,0.00,0.00,0.00,0.00
VJTTY,voxeljet AG,0.00,0.00,0.00,0.00,0.00,0.00,0.00
NXPT,NexPoint Capital Inc.,0.00,0.00,0.00,0.00,0.00,0.00,0.00
BBAAY,Alibaba Group Holding Ltd,0.00,0.00,0.00,0.00,0.00,0.00,0.00
MITN,AG Mortgage Investment Trust Inc.,0.00,0.00,0.00,0.00,0.00,0.00,0.00
MITP,AG Mortgage Investment Trust Inc.,0.00,0.00,0.00,0.00,0.00,0.00,0.00
MITT-PC,AG Mortgage Investment Trust Inc.,0.00,0.00,0.00,0.00,0.00,0.00,0.00
FSEN,FS Specialty Lending Fund,0.00,0.00,0.00,0.00,0.00,0.00,0.00
CNFRZ,Conifer Holdings Inc.,0.00,0.00,0.00,0.00,0.00,0.00,0.00
DTLAP,Brookfield DTLA Fund Office Trust Investor Inc.,0.00,0.00,0.00,0.00,0.00,0.00,0.00
SPNT-PB,SiriusPoint Ltd,0.00,0.00,0.00,0.00,0.00,0.00,0.00
SSPFF,SiriusPoint Ltd,0.00,0.00,0.00,0.00,0.00,0.00,0.00
BTGWF,BTS Group Holdings Public Co Limited/ADR,0.00,0.00,0.00,0.00,0.00,0.00,0.00
BTGRF,BTS Group Holdings Public Co Limited/ADR,0.00,0.00,0.00,0.00,0.00,0.00,0.00
BTLWF,BTS Group Holdings Public Co Limited/ADR,0.00,0.00,0.00,0.00,0.00,0.00,0.00
LLYVB,Liberty Media Corp,0.00,0.00,0.00,0.00,0.00,0.00,0.00
LLYVK,Liberty Media Corp,0.00,0.00,0.00,0.00,0.01,0.00,0.00
LLYVA,Liberty Media Corp,0.00,0.00,0.00,0.00,0.01,0.00,0.00
CMPOW,CompoSecure Inc.,0.00,0.00,0.00,0.00,0.00,0.00,0.00
BKKT-WT,Bakkt Holdings Inc.,0.00,0.00,0.00,0.00,0.00,0.00,0.00
GCMGW,GCM Grosvenor Inc.,0.00,0.00,0.00,0.00,0.00,0.00,0.00
SRZNW,Surrozen Inc./DE,0.00,0.00,0.00,0.00,0.00,0.00,0.00
RSVRW,Reservoir Media Inc.,0.00,0.00,0.00,0.00,0.00,0.00,0.00
EVEX-WT,Eve Holding Inc.,0.00,0.00,0.00,0.00,0.00,0.00,0.00
BHILW,Benson Hill Inc.,0.00,0.00,0.00,0.00,0.00,0.00,0.00
PIIIW,P3 Health Partners Inc.,0.00,0.00,0.00,0.00,0.00,0.00,0.00
DNABW,Ginkgo Bioworks Holdings Inc.,0.00,0.00,0.00,0.00,0.00,0.00,0.00
GPATW,GP-Act III Acquisition Corp.,0.00,0.00,0.00,0.00,0.00,0.00,0.00
GPATU,GP-Act III Acquisition Corp.,0.00,0.00,0.00,0.00,0.00,0.00,0.00
TALKW,Talkspace Inc.,0.00,0.00,0.00,0.00,0.00,0.00,0.00
TOIIW,Oncology Institute Inc.,0.00,0.00,0.00,0.00,0.00,0.00,0.00
ETWO-WT,E2open Parent Holdings Inc.,0.00,0.00,0.00,0.00,0.00,0.00,0.00
NUVB-WT,Nuvation Bio Inc.,0.00,0.00,0.00,0.00,0.00,0.00,0.00
HTOOW,Fusion Fuel Green PLC,0.00,0.00,0.00,0.00,0.00,0.00,0.00
SONDW,Sonder Holdings Inc.,0.00,0.00,0.00,0.00,0.00,0.00,0.00
FILG,Grayscale Filecoin Trust (FIL),0.00,0.00,0.00,0.00,0.00,0.00,0.00
ANSCU,Agriculture & Natural Solutions Acquisition Corp,0.00,0.00,0.00,0.00,0.00,0.00,0.00
ANSCW,Agriculture & Natural Solutions Acquisition Corp,0.00,0.00,0.00,0.00,0.00,0.00,0.00
ORIB,Orion Bliss Corp.,0.00,0.00,0.00,0.00,0.00,0.00,0.00
AMBP-WT,Ardagh Metal Packaging S.A.,0.00,0.00,0.00,0.00,0.00,0.00,0.00
AACT-WT,Ares Acquisition Corp II,0.00,0.00,0.00,0.00,0.00,0.00,0.00
AACT-UN,Ares Acquisition Corp II,0.00,0.00,0.00,0.00,0.00,0.00,0.00
MOBXW,MOBIX LABS INC,0.00,0.00,0.00,0.00,0.00,0.00,0.00
KORGW,KORE Group Holdings Inc.,0.00,0.00,0.00,0.00,0.00,0.00,0.00
NVACR,NorthView Acquisition Corp,0.00,0.00,0.00,0.00,0.00,0.00,0.00
NVACW,NorthView Acquisition Corp,0.00,0.00,0.00,0.00,0.00,0.00,0.00
CITEU,Cartica Acquisition Corp,0.00,0.00,0.00,0.00,0.00,0.00,0.00
CITEW,Cartica Acquisition Corp,0.00,0.00,0.00,0.00,0.00,0.00,0.00
INTEU,Integral Acquisition Corp 1,0.00,0.00,0.00,0.00,0.00,0.00,0.00
INTEW,Integral Acquisition Corp 1,0.00,0.00,0.00,0.00,0.00,0.00,0.00
BNIXR,Bannix Acquisition Corp.,0.00,0.00,0.00,0.00,0.00,0.00,0.00
BNIXW,Bannix Acquisition Corp.,0.00,0.00,0.00,0.00,0.00,0.00,0.00
RMCOW,Royalty Management Holding Corp,0.00,0.00,0.00,0.00,0.00,0.00,0.00
BSLKW,Bolt Projects Holdings Inc.,0.00,0.00,0.00,0.00,0.00,0.00,0.00
PSFE-WT,Paysafe Ltd,0.00,0.00,0.00,0.00,0.00,0.00,0.00
SEVCD,Sono Group N.V.,0.00,0.00,0.00,0.00,0.00,0.00,0.00
VEEAW,VEEA INC.,0.00,0.00,0.00,0.00,0.00,0.00,0.00
MGNC,Mag Magna Corp,0.00,0.00,0.00,0.00,0.00,0.00,0.00
FBYDW,Falcon's Beyond Global Inc.,0.00,0.00,0.00,0.00,0.00,0.00,0.00
ATMVR,AlphaVest Acquisition Corp.,0.00,0.00,0.00,0.00,0.00,0.00,0.00
ATMVU,AlphaVest Acquisition Corp.,0.00,0.00,0.00,0.00,0.00,0.00,0.00
ECDAW,ECD Automotive Design Inc.,0.00,0.00,0.00,0.00,0.00,0.00,0.00
NWTNW,NWTN Inc.,0.00,0.00,0.00,0.00,0.00,0.00,0.00
MDNC,Medinotec Inc.,0.00,0.00,0.00,0.00,0.00,0.00,0.00
DECAU,Denali Capital Acquisition Corp.,0.00,0.00,0.00,0.00,0.00,0.00,0.00
DECAW,Denali Capital Acquisition Corp.,0.00,0.00,0.00,0.00,0.00,0.00,0.00
GSTK,Growth Stalk Holdings Corp,0.00,0.00,0.00,0.00,0.00,0.00,0.00
RZLVW,REZOLVE AI Ltd,0.00,0.00,0.00,0.00,0.00,0.00,0.00
KHOB,KHEOBA CORP.,0.00,0.00,0.00,0.00,0.00,0.00,0.00
VFSWW,VinFast Auto Ltd.,0.00,0.00,0.00,0.00,0.00,0.00,0.00
LEGT-UN,Legato Merger Corp. III,0.00,0.00,0.00,0.00,0.00,0.00,0.00
LEGT-WT,Legato Merger Corp. III,0.00,0.00,0.00,0.00,0.00,0.00,0.00
HPAIW,Helport AI Ltd,0.00,0.00,0.00,0.00,0.00,0.00,0.00
NIVFW,NewGenIvf Group Ltd,0.00,0.00,0.00,0.00,0.00,0.00,0.00
MNYWW,MoneyHero Ltd,0.00,0.00,0.00,0.00,0.00,0.00,0.00
AFJKR,Aimei Health Technology Co. Ltd.,0.00,0.00,0.00,0.00,0.00,0.00,0.00
AFJKU,Aimei Health Technology Co. Ltd.,0.00,0.00,0.00,0.00,0.00,0.00,0.00
MMVWW,MultiMetaVerse Holdings Ltd,0.00,0.00,0.00,0.00,0.00,0.00,0.00
SWAGW,Stran & Company Inc.,0.00,0.00,0.00,0.00,0.00,0.00,0.00
TLGUF,TLGY ACQUISITION CORP,0.00,0.00,0.00,0.00,0.00,0.00,0.00
LCFYW,Locafy Ltd,0.00,0.00,0.00,0.00,0.00,0.00,0.00
CSLMR,CSLM ACQUISITION CORP.,0.00,0.00,0.00,0.00,0.00,0.00,0.00
CSLMU,CSLM ACQUISITION CORP.,0.00,0.00,0.00,0.00,0.00,0.00,0.00
CSLMW,CSLM ACQUISITION CORP.,0.00,0.00,0.00,0.00,0.00,0.00,0.00
WBX-WT,Wallbox N.V.,0.00,0.00,0.00,0.00,0.00,0.00,0.00
OCEAW,Ocean Biomedical Inc.,0.00,0.00,0.00,0.00,0.00,0.00,0.00
PROCW,Procaps Group S.A.,0.00,0.00,0.00,0.00,0.00,0.00,0.00
VSEEW,VSEE HEALTH INC.,0.00,0.00,0.00,0.00,0.00,0.00,0.00
NXNVW,NEXTNAV INC.,0.00,0.00,0.00,0.00,0.00,0.00,0.00
NNAVW,NEXTNAV INC.,0.00,0.00,0.00,0.00,0.00,0.00,0.00
NE-WTA,Noble Corp plc,0.00,0.00,0.00,0.00,0.00,0.00,0.00
NE-WT,Noble Corp plc,0.00,0.00,0.00,0.00,0.00,0.00,0.00
ABPWW,Abpro Holdings Inc.,0.00,0.00,0.00,0.00,0.00,0.00,0.00
LUXHP,LUXURBAN HOTELS INC.,0.00,0.00,0.00,0.00,0.00,0.00,0.00
WLDSW,Wearable Devices Ltd.,0.00,0.00,0.00,0.00,0.00,0.00,0.00
TLGWF,TLGY ACQUISITION CORP,0.00,0.00,0.00,0.00,0.00,0.00,0.00
GODNU,Golden Star Acquisition Corp,0.00,0.00,0.00,0.00,0.00,0.00,0.00
GODNR,Golden Star Acquisition Corp,0.00,0.00,0.00,0.00,0.00,0.00,0.00
NBLWF,Noble Corp plc,0.00,0.00,0.00,0.00,0.00,0.00,0.00
HUBCW,Hub Cyber Security Ltd.,0.00,0.00,0.00,0.00,0.00,0.00,0.00
HUBCZ,Hub Cyber Security Ltd.,0.00,0.00,0.00,0.00,0.00,0.00,0.00
CLRCR,ClimateRock,0.00,0.00,0.00,0.00,0.00,0.00,0.00
CLRCU,ClimateRock,0.00,0.00,0.00,0.00,0.00,0.00,0.00
CLRCW,ClimateRock,0.00,0.00,0.00,0.00,0.00,0.00,0.00
SBXD-UN,SilverBox Corp IV,0.00,0.00,0.00,0.00,0.00,0.00,0.00
SBXD-WT,SilverBox Corp IV,0.00,0.00,0.00,0.00,0.00,0.00,0.00
CUBWW,Lionheart Holdings,0.00,0.00,0.00,0.00,0.00,0.00,0.00
CUBWU,Lionheart Holdings,0.00,0.00,0.00,0.00,0.00,0.00,0.00
MBAVU,M3-Brigade Acquisition V Corp.,0.00,0.00,0.00,0.00,0.00,0.00,0.00
MBAVW,M3-Brigade Acquisition V Corp.,0.00,0.00,0.00,0.00,0.00,0.00,0.00
CHARR,Charlton Aria Acquisition Corp,0.00,0.00,0.00,0.00,0.00,0.00,0.00
CHARU,Charlton Aria Acquisition Corp,0.00,0.00,0.00,0.00,0.00,0.00,0.00
TAVIU,Tavia Acquisition Corp.,0.00,0.00,0.00,0.00,0.00,0.00,0.00
TAVIR,Tavia Acquisition Corp.,0.00,0.00,0.00,0.00,0.00,0.00,0.00
MACIW,Melar Acquisition Corp. I/Cayman,0.00,0.00,0.00,0.00,0.00,0.00,0.00
MACIU,Melar Acquisition Corp. I/Cayman,0.00,0.00,0.00,0.00,0.00,0.00,0.00
MLACU,Mountain Lake Acquisition Corp.,0.00,0.00,0.00,0.00,0.00,0.00,0.00
RANGU,Range Capital Acquisition Corp.,0.00,0.00,0.00,0.00,0.00,0.00,0.00
RANGR,Range Capital Acquisition Corp.,0.00,0.00,0.00,0.00,0.00,0.00,0.00
